00:00:06.409833 VirtualBox VM 7.2.2 r170484 win.amd64 (Sep 10 2025 19:56:01) release log
00:00:06.409836 Log opened 2026-04-14T10:00:56.026334200Z
00:00:06.409837 Build Type: release
00:00:06.409840 OS Product: Windows 11
00:00:06.432854 OS Release: 10.0.26200.8037
00:00:06.432857 OS Service Pack: 
00:00:06.575777 DMI Product Name: HP Laptop 15-dy2xxx
00:00:06.580713 DMI Product Version:  
00:00:06.580725 Firmware type: UEFI
00:00:06.581136 Secure Boot: Enabled
00:00:06.581150 Host RAM: 16026MB (15.6GB) total, 2481MB (2.4GB) available
00:00:06.581153 Executable: D:\VBox\VirtualBoxVM.exe
00:00:06.581153 Process ID: 12780
00:00:06.581154 Package type: WINDOWS_64BITS_GENERIC
00:00:06.581154 Windows Features:
00:00:06.581154   Core Isolation (Memory Integrity): Not supported
00:00:06.582385 Installed Extension Packs:
00:00:06.582408   None installed!
00:00:06.583396 Console: Machine state changed to 'Starting'
00:00:06.583603 GUI: Qt version: 6.8.0
00:00:06.583622 GUI: HID LEDs sync is enabled
00:00:06.592367 GUI: UIMediumEnumerator: Medium-enumeration finished!
00:00:06.636801 GUI: Cannot notify guest about VM window out-of-focus event
00:00:06.670877 SUP: seg #0: R   0x00000000 LB 0x00001000
00:00:06.670899 SUP: seg #1: R X 0x00001000 LB 0x001fd000
00:00:06.670904 SUP: seg #2: R   0x001fe000 LB 0x00054000
00:00:06.670907 SUP: seg #3: RW  0x00252000 LB 0x00013000
00:00:06.670911 SUP: seg #4: R   0x00265000 LB 0x00014000
00:00:06.670915 SUP: seg #5: RW  0x00279000 LB 0x00004000
00:00:06.670919 SUP: seg #6: R   0x0027d000 LB 0x00008000
00:00:06.670923 SUP: seg #7: R X 0x00285000 LB 0x00002000
00:00:06.670927 SUP: seg #8: R   0x00287000 LB 0x00007000
00:00:06.673310 SUP: Loaded VMMR0.r0 (D:\VBox/VMMR0.r0) at 0xXXXXXXXXXXXXXXXX - ModuleInit at XXXXXXXXXXXXXXXX and ModuleTerm at XXXXXXXXXXXXXXXX using the native ring-0 loader
00:00:06.673358 SUP: VMMR0EntryEx located at XXXXXXXXXXXXXXXX and VMMR0EntryFast at XXXXXXXXXXXXXXXX
00:00:06.673362 SUP: windbg> .reload /f D:\VBox/VMMR0.r0=0xXXXXXXXXXXXXXXXX
00:00:06.684361 Guest architecture: x86
00:00:06.684435 Guest OS type: 'Ubuntu_64'
00:00:06.685559 fHMForced=true - No raw-mode support in this build!
00:00:06.685596 Using execution engine 1
00:00:06.690451 File system of 'D:\VirtualBox VMs\IDS_IPS\IDS_IPS.vdi' is ntfs
00:00:06.717139 Shared Clipboard: Initialized OLE
00:00:06.717209 Shared Clipboard: Service loaded
00:00:06.717231 Shared Clipboard: Mode: Off
00:00:06.717310 Shared Clipboard: Service running in normal mode
00:00:06.735480 Drag and drop service loaded
00:00:06.735500 Drag and drop mode: Off
00:00:06.737039 Audio: Detected default audio driver type is 'HostAudioWas'
00:00:06.740844 ************************* CFGM dump *************************
00:00:06.740850 [/] (level 0)
00:00:06.740853   CpuExecutionCap   <integer> = 0x0000000000000064 (100)
00:00:06.740855   EnablePAE         <integer> = 0x0000000000000001 (1)
00:00:06.740856   HMEnabled         <integer> = 0x0000000000000001 (1)
00:00:06.740857   MemBalloonSize    <integer> = 0x0000000000000000 (0, 0 B)
00:00:06.740864   Name              <string>  = "IDS/IPS" (cb=8)
00:00:06.740865   NumCPUs           <integer> = 0x0000000000000002 (2)
00:00:06.740866   PageFusionAllowed <integer> = 0x0000000000000000 (0)
00:00:06.740866   RamHoleSize       <integer> = 0x0000000020000000 (536 870 912, 512.0 MiB)
00:00:06.740868   RamSize           <integer> = 0x000000009bf00000 (2 616 197 120, 2.4 GiB)
00:00:06.740869   TimerMillies      <integer> = 0x000000000000000a (10)
00:00:06.740870   UUID              <bytes>   = "94 d8 8c 7d 7c b4 88 4a 93 b2 26 9e 15 07 95 6a" (cb=16)
00:00:06.740873 
00:00:06.740873 [/CPUM/] (level 1)
00:00:06.740874   Enable64bit        <integer> = 0x0000000000000001 (1)
00:00:06.740875   GuestCpuName       <string>  = "host" (cb=5)
00:00:06.740876   NestedHWVirt       <integer> = 0x0000000000000000 (0)
00:00:06.740876   PortableCpuIdLevel <integer> = 0x0000000000000000 (0)
00:00:06.740877   SpecCtrl           <integer> = 0x0000000000000000 (0)
00:00:06.740878 
00:00:06.740878 [/CPUM/IsaExts/] (level 2)
00:00:06.740879 
00:00:06.740879 [/DBGC/] (level 1)
00:00:06.740880   GlobalInitScript <string>  = "C:\Users\skywallkerr\.VirtualBox/dbgc-init" (cb=43)
00:00:06.740881   HistoryFile      <string>  = "C:\Users\skywallkerr\.VirtualBox/dbgc-history" (cb=46)
00:00:06.740882   LocalInitScript  <string>  = "D:\VirtualBox VMs\IDS_IPS/dbgc-init" (cb=36)
00:00:06.740883 
00:00:06.740883 [/DBGF/] (level 1)
00:00:06.740884   Path <string>  = "D:\VirtualBox VMs\IDS_IPS/debug/;D:\VirtualBox VMs\IDS_IPS/;cache*D:\VirtualBox VMs\IDS_IPS/dbgcache/;C:\Users\skywallkerr\" (cb=124)
00:00:06.740885 
00:00:06.740885 [/Devices/] (level 1)
00:00:06.740886 
00:00:06.740886 [/Devices/3c501/] (level 2)
00:00:06.740887 
00:00:06.740887 [/Devices/8237A/] (level 2)
00:00:06.740888 
00:00:06.740888 [/Devices/8237A/0/] (level 3)
00:00:06.740889   Trusted <integer> = 0x0000000000000001 (1)
00:00:06.740890 
00:00:06.740890 [/Devices/GIMDev/] (level 2)
00:00:06.740891 
00:00:06.740891 [/Devices/GIMDev/0/] (level 3)
00:00:06.740892   Trusted <integer> = 0x0000000000000001 (1)
00:00:06.740893 
00:00:06.740893 [/Devices/VMMDev/] (level 2)
00:00:06.740894 
00:00:06.740894 [/Devices/VMMDev/0/] (level 3)
00:00:06.740895   PCIBusNo      <integer> = 0x0000000000000000 (0)
00:00:06.740896   PCIDeviceNo   <integer> = 0x0000000000000004 (4)
00:00:06.740896   PCIFunctionNo <integer> = 0x0000000000000000 (0)
00:00:06.740897   Trusted       <integer> = 0x0000000000000001 (1)
00:00:06.740898 
00:00:06.740898 [/Devices/VMMDev/0/Config/] (level 4)
00:00:06.740899   GuestCoreDumpDir <string>  = "D:\VirtualBox VMs\IDS_IPS\Snapshots" (cb=36)
00:00:06.740900 
00:00:06.740900 [/Devices/VMMDev/0/LUN#0/] (level 4)
00:00:06.740901   Driver <string>  = "HGCM" (cb=5)
00:00:06.740901 
00:00:06.740902 [/Devices/VMMDev/0/LUN#0/Config/] (level 5)
00:00:06.740903 
00:00:06.740903 [/Devices/VMMDev/0/LUN#999/] (level 4)
00:00:06.740904   Driver <string>  = "MainStatus" (cb=11)
00:00:06.740905 
00:00:06.740905 [/Devices/VMMDev/0/LUN#999/Config/] (level 5)
00:00:06.740907   First                <integer> = 0x0000000000000000 (0)
00:00:06.740907   HasMediumAttachments <integer> = 0x0000000000000000 (0)
00:00:06.740908   Last                 <integer> = 0x0000000000000000 (0)
00:00:06.740909   iLedSet              <integer> = 0x0000000000000008 (8)
00:00:06.740910 
00:00:06.740910 [/Devices/acpi/] (level 2)
00:00:06.740911 
00:00:06.740911 [/Devices/acpi/0/] (level 3)
00:00:06.740913   PCIBusNo      <integer> = 0x0000000000000000 (0)
00:00:06.740913   PCIDeviceNo   <integer> = 0x0000000000000007 (7)
00:00:06.740914   PCIFunctionNo <integer> = 0x0000000000000000 (0)
00:00:06.740915   Trusted       <integer> = 0x0000000000000001 (1)
00:00:06.740915 
00:00:06.740915 [/Devices/acpi/0/Config/] (level 4)
00:00:06.740917   CpuHotPlug          <integer> = 0x0000000000000000 (0)
00:00:06.740918   FdcEnabled          <integer> = 0x0000000000000000 (0)
00:00:06.740919   HostBusPciAddress   <integer> = 0x0000000000000000 (0)
00:00:06.740920   HpetEnabled         <integer> = 0x0000000000000000 (0)
00:00:06.740920   IOAPIC              <integer> = 0x0000000000000001 (1)
00:00:06.740921   IocPciAddress       <integer> = 0x0000000000010000 (65 536)
00:00:06.740922   NumCPUs             <integer> = 0x0000000000000002 (2)
00:00:06.740923   Parallel0IoPortBase <integer> = 0x0000000000000000 (0)
00:00:06.740923   Parallel0Irq        <integer> = 0x0000000000000000 (0)
00:00:06.740924   Parallel1IoPortBase <integer> = 0x0000000000000000 (0)
00:00:06.740925   Parallel1Irq        <integer> = 0x0000000000000000 (0)
00:00:06.740925   Serial0IoPortBase   <integer> = 0x00000000000003f8 (1 016)
00:00:06.740926   Serial0Irq          <integer> = 0x0000000000000004 (4)
00:00:06.740927   Serial1IoPortBase   <integer> = 0x0000000000000000 (0)
00:00:06.740928   Serial1Irq          <integer> = 0x0000000000000000 (0)
00:00:06.740928   ShowCpu             <integer> = 0x0000000000000001 (1)
00:00:06.740929   ShowRtc             <integer> = 0x0000000000000000 (0)
00:00:06.740930   SmcEnabled          <integer> = 0x0000000000000000 (0)
00:00:06.740931 
00:00:06.740931 [/Devices/acpi/0/LUN#0/] (level 4)
00:00:06.740932   Driver <string>  = "ACPIHost" (cb=9)
00:00:06.740933 
00:00:06.740934 [/Devices/acpi/0/LUN#0/Config/] (level 5)
00:00:06.740935 
00:00:06.740935 [/Devices/acpi/0/LUN#1/] (level 4)
00:00:06.740936   Driver <string>  = "ACPICpu" (cb=8)
00:00:06.740937 
00:00:06.740937 [/Devices/acpi/0/LUN#1/Config/] (level 5)
00:00:06.740938 
00:00:06.740938 [/Devices/ahci/] (level 2)
00:00:06.740939 
00:00:06.740939 [/Devices/ahci/0/] (level 3)
00:00:06.740941   PCIBusNo      <integer> = 0x0000000000000000 (0)
00:00:06.740941   PCIDeviceNo   <integer> = 0x000000000000000d (13)
00:00:06.740942   PCIFunctionNo <integer> = 0x0000000000000000 (0)
00:00:06.740942   Trusted       <integer> = 0x0000000000000001 (1)
00:00:06.740943 
00:00:06.740943 [/Devices/ahci/0/Config/] (level 4)
00:00:06.740944   Bootable  <integer> = 0x0000000000000001 (1)
00:00:06.740945   PortCount <integer> = 0x0000000000000001 (1)
00:00:06.740946 
00:00:06.740946 [/Devices/ahci/0/Config/Port0/] (level 5)
00:00:06.740947   Hotpluggable <integer> = 0x0000000000000000 (0)
00:00:06.740948 
00:00:06.740948 [/Devices/ahci/0/LUN#0/] (level 4)
00:00:06.740949   Driver <string>  = "VD" (cb=3)
00:00:06.740950 
00:00:06.740950 [/Devices/ahci/0/LUN#0/Config/] (level 5)
00:00:06.740951   BlockCache <integer> = 0x0000000000000001 (1)
00:00:06.740952   Format     <string>  = "VDI" (cb=4)
00:00:06.740953   Mountable  <integer> = 0x0000000000000000 (0)
00:00:06.740953   Path       <string>  = "D:\VirtualBox VMs\IDS_IPS\IDS_IPS.vdi" (cb=38)
00:00:06.740954   Type       <string>  = "HardDisk" (cb=9)
00:00:06.740955   UseNewIo   <integer> = 0x0000000000000001 (1)
00:00:06.740956 
00:00:06.740956 [/Devices/ahci/0/LUN#0/Config/VDConfig/] (level 6)
00:00:06.740957   AllocationBlockSize <string>  = "1048576" (cb=8)
00:00:06.740958 
00:00:06.740958 [/Devices/ahci/0/LUN#999/] (level 4)
00:00:06.740960   Driver <string>  = "MainStatus" (cb=11)
00:00:06.740960 
00:00:06.740960 [/Devices/ahci/0/LUN#999/Config/] (level 5)
00:00:06.740962   DeviceInstance       <string>  = "ahci/0" (cb=7)
00:00:06.740963   First                <integer> = 0x0000000000000000 (0)
00:00:06.740963   HasMediumAttachments <integer> = 0x0000000000000001 (1)
00:00:06.740964   Last                 <integer> = 0x0000000000000000 (0)
00:00:06.740965   iLedSet              <integer> = 0x0000000000000004 (4)
00:00:06.740966 
00:00:06.740966 [/Devices/apic/] (level 2)
00:00:06.740967 
00:00:06.740967 [/Devices/apic/0/] (level 3)
00:00:06.740968   Trusted <integer> = 0x0000000000000001 (1)
00:00:06.740969 
00:00:06.740969 [/Devices/apic/0/Config/] (level 4)
00:00:06.740970   IOAPIC  <integer> = 0x0000000000000001 (1)
00:00:06.740971   Mode    <integer> = 0x0000000000000003 (3)
00:00:06.740972   NumCPUs <integer> = 0x0000000000000002 (2)
00:00:06.740972 
00:00:06.740973 [/Devices/dp8390/] (level 2)
00:00:06.740973 
00:00:06.740974 [/Devices/e1000/] (level 2)
00:00:06.740974 
00:00:06.740974 [/Devices/e1000/0/] (level 3)
00:00:06.740976   PCIBusNo      <integer> = 0x0000000000000000 (0)
00:00:06.740976   PCIDeviceNo   <integer> = 0x0000000000000003 (3)
00:00:06.740977   PCIFunctionNo <integer> = 0x0000000000000000 (0)
00:00:06.740977   Trusted       <integer> = 0x0000000000000001 (1)
00:00:06.740978 
00:00:06.740978 [/Devices/e1000/0/Config/] (level 4)
00:00:06.740979   AdapterType    <integer> = 0x0000000000000000 (0)
00:00:06.740980   CableConnected <integer> = 0x0000000000000001 (1)
00:00:06.740981   LineSpeed      <integer> = 0x0000000000000000 (0)
00:00:06.740981   MAC            <bytes>   = "08 00 27 69 bb 18" (cb=6)
00:00:06.740983 
00:00:06.740983 [/Devices/e1000/0/LUN#0/] (level 4)
00:00:06.740984   Driver <string>  = "UDPTunnel" (cb=10)
00:00:06.740985 
00:00:06.740985 [/Devices/e1000/0/LUN#0/Config/] (level 5)
00:00:06.740986   dest  <string>  = "127.0.0.1" (cb=10)
00:00:06.740987   dport <string>  = "10026" (cb=6)
00:00:06.740987   sport <string>  = "10025" (cb=6)
00:00:06.740988 
00:00:06.740988 [/Devices/e1000/0/LUN#999/] (level 4)
00:00:06.740989   Driver <string>  = "MainStatus" (cb=11)
00:00:06.740990 
00:00:06.740991 [/Devices/e1000/0/LUN#999/Config/] (level 5)
00:00:06.740992   First                <integer> = 0x0000000000000000 (0)
00:00:06.740993   HasMediumAttachments <integer> = 0x0000000000000000 (0)
00:00:06.740993   Last                 <integer> = 0x0000000000000000 (0)
00:00:06.740994   iLedSet              <integer> = 0x0000000000000005 (5)
00:00:06.740995 
00:00:06.740995 [/Devices/e1000/1/] (level 3)
00:00:06.740996   PCIBusNo      <integer> = 0x0000000000000000 (0)
00:00:06.740997   PCIDeviceNo   <integer> = 0x0000000000000008 (8)
00:00:06.740998   PCIFunctionNo <integer> = 0x0000000000000000 (0)
00:00:06.740998   Trusted       <integer> = 0x0000000000000001 (1)
00:00:06.740999 
00:00:06.740999 [/Devices/e1000/1/Config/] (level 4)
00:00:06.741000   AdapterType    <integer> = 0x0000000000000000 (0)
00:00:06.741001   CableConnected <integer> = 0x0000000000000001 (1)
00:00:06.741002   LineSpeed      <integer> = 0x0000000000000000 (0)
00:00:06.741002   MAC            <bytes>   = "08 00 27 98 52 f9" (cb=6)
00:00:06.741003 
00:00:06.741004 [/Devices/e1000/1/LUN#0/] (level 4)
00:00:06.741005   Driver <string>  = "UDPTunnel" (cb=10)
00:00:06.741005 
00:00:06.741005 [/Devices/e1000/1/LUN#0/Config/] (level 5)
00:00:06.741006   dest  <string>  = "127.0.0.1" (cb=10)
00:00:06.741007   dport <string>  = "10028" (cb=6)
00:00:06.741007   sport <string>  = "10027" (cb=6)
00:00:06.741008 
00:00:06.741008 [/Devices/e1000/1/LUN#999/] (level 4)
00:00:06.741009   Driver <string>  = "MainStatus" (cb=11)
00:00:06.741010 
00:00:06.741010 [/Devices/e1000/1/LUN#999/Config/] (level 5)
00:00:06.741011   First                <integer> = 0x0000000000000000 (0)
00:00:06.741012   HasMediumAttachments <integer> = 0x0000000000000000 (0)
00:00:06.741013   Last                 <integer> = 0x0000000000000000 (0)
00:00:06.741014   iLedSet              <integer> = 0x0000000000000006 (6)
00:00:06.741014 
00:00:06.741015 [/Devices/e1000/2/] (level 3)
00:00:06.741016   PCIBusNo      <integer> = 0x0000000000000000 (0)
00:00:06.741016   PCIDeviceNo   <integer> = 0x0000000000000009 (9)
00:00:06.741017   PCIFunctionNo <integer> = 0x0000000000000000 (0)
00:00:06.741018   Trusted       <integer> = 0x0000000000000001 (1)
00:00:06.741018 
00:00:06.741019 [/Devices/e1000/2/Config/] (level 4)
00:00:06.741020   AdapterType    <integer> = 0x0000000000000000 (0)
00:00:06.741020   CableConnected <integer> = 0x0000000000000001 (1)
00:00:06.741021   LineSpeed      <integer> = 0x0000000000000000 (0)
00:00:06.741022   MAC            <bytes>   = "08 00 27 e1 b1 3b" (cb=6)
00:00:06.741023 
00:00:06.741023 [/Devices/e1000/2/LUN#0/] (level 4)
00:00:06.741024   Driver <string>  = "UDPTunnel" (cb=10)
00:00:06.741025 
00:00:06.741025 [/Devices/e1000/2/LUN#0/Config/] (level 5)
00:00:06.741027   dest  <string>  = "127.0.0.1" (cb=10)
00:00:06.741027   dport <string>  = "10030" (cb=6)
00:00:06.741028   sport <string>  = "10029" (cb=6)
00:00:06.741028 
00:00:06.741029 [/Devices/e1000/2/LUN#999/] (level 4)
00:00:06.741030   Driver <string>  = "MainStatus" (cb=11)
00:00:06.741030 
00:00:06.741030 [/Devices/e1000/2/LUN#999/Config/] (level 5)
00:00:06.741032   First                <integer> = 0x0000000000000000 (0)
00:00:06.741032   HasMediumAttachments <integer> = 0x0000000000000000 (0)
00:00:06.741033   Last                 <integer> = 0x0000000000000000 (0)
00:00:06.741034   iLedSet              <integer> = 0x0000000000000007 (7)
00:00:06.741035 
00:00:06.741035 [/Devices/i8254/] (level 2)
00:00:06.741036 
00:00:06.741036 [/Devices/i8254/0/] (level 3)
00:00:06.741037 
00:00:06.741037 [/Devices/i8254/0/Config/] (level 4)
00:00:06.741039 
00:00:06.741039 [/Devices/i8259/] (level 2)
00:00:06.741040 
00:00:06.741041 [/Devices/i8259/0/] (level 3)
00:00:06.741042   Trusted <integer> = 0x0000000000000001 (1)
00:00:06.741042 
00:00:06.741043 [/Devices/i8259/0/Config/] (level 4)
00:00:06.741044 
00:00:06.741044 [/Devices/ichac97/] (level 2)
00:00:06.741045 
00:00:06.741045 [/Devices/ichac97/0/] (level 3)
00:00:06.741047   PCIBusNo      <integer> = 0x0000000000000000 (0)
00:00:06.741048   PCIDeviceNo   <integer> = 0x0000000000000005 (5)
00:00:06.741048   PCIFunctionNo <integer> = 0x0000000000000000 (0)
00:00:06.741049   Trusted       <integer> = 0x0000000000000001 (1)
00:00:06.741050 
00:00:06.741050 [/Devices/ichac97/0/AudioConfig/] (level 4)
00:00:06.741052 
00:00:06.741052 [/Devices/ichac97/0/Config/] (level 4)
00:00:06.741053   Codec        <string>  = "AD1980" (cb=7)
00:00:06.741054   DebugEnabled <integer> = 0x0000000000000000 (0)
00:00:06.741055 
00:00:06.741055 [/Devices/ichac97/0/LUN#0/] (level 4)
00:00:06.741056   Driver <string>  = "AUDIO" (cb=6)
00:00:06.741057 
00:00:06.741057 [/Devices/ichac97/0/LUN#0/AttachedDriver/] (level 5)
00:00:06.741058   Driver <string>  = "HostAudioWas" (cb=13)
00:00:06.741059 
00:00:06.741059 [/Devices/ichac97/0/LUN#0/AttachedDriver/Config/] (level 6)
00:00:06.741060   VmName <string>  = "IDS/IPS" (cb=8)
00:00:06.741061   VmUuid <string>  = "7d8cd894-b47c-4a88-93b2-269e1507956a" (cb=37)
00:00:06.741062 
00:00:06.741062 [/Devices/ichac97/0/LUN#0/Config/] (level 5)
00:00:06.741063   DriverName    <string>  = "HostAudioWas" (cb=13)
00:00:06.741064   InputEnabled  <integer> = 0x0000000000000000 (0)
00:00:06.741064   OutputEnabled <integer> = 0x0000000000000001 (1)
00:00:06.741065 
00:00:06.741065 [/Devices/ichac97/0/LUN#1/] (level 4)
00:00:06.741066   Driver <string>  = "AUDIO" (cb=6)
00:00:06.741067 
00:00:06.741067 [/Devices/ichac97/0/LUN#2/] (level 4)
00:00:06.741068   Driver <string>  = "AUDIO" (cb=6)
00:00:06.741069 
00:00:06.741069 [/Devices/ioapic/] (level 2)
00:00:06.741070 
00:00:06.741070 [/Devices/ioapic/0/] (level 3)
00:00:06.741071   Trusted <integer> = 0x0000000000000001 (1)
00:00:06.741071 
00:00:06.741072 [/Devices/ioapic/0/Config/] (level 4)
00:00:06.741073   NumCPUs <integer> = 0x0000000000000002 (2)
00:00:06.741073 
00:00:06.741074 [/Devices/mc146818/] (level 2)
00:00:06.741074 
00:00:06.741075 [/Devices/mc146818/0/] (level 3)
00:00:06.741076 
00:00:06.741076 [/Devices/mc146818/0/Config/] (level 4)
00:00:06.741077   UseUTC <integer> = 0x0000000000000001 (1)
00:00:06.741078 
00:00:06.741078 [/Devices/parallel/] (level 2)
00:00:06.741079 
00:00:06.741079 [/Devices/pcarch/] (level 2)
00:00:06.741080 
00:00:06.741080 [/Devices/pcarch/0/] (level 3)
00:00:06.741081   Trusted <integer> = 0x0000000000000001 (1)
00:00:06.741082 
00:00:06.741082 [/Devices/pcarch/0/Config/] (level 4)
00:00:06.741083 
00:00:06.741083 [/Devices/pcbios/] (level 2)
00:00:06.741084 
00:00:06.741084 [/Devices/pcbios/0/] (level 3)
00:00:06.741085   Trusted <integer> = 0x0000000000000001 (1)
00:00:06.741086 
00:00:06.741086 [/Devices/pcbios/0/Config/] (level 4)
00:00:06.741088   APIC               <integer> = 0x0000000000000001 (1)
00:00:06.741089   BootDevice0        <string>  = "IDE" (cb=4)
00:00:06.741090   BootDevice1        <string>  = "DVD" (cb=4)
00:00:06.741091   BootDevice2        <string>  = "FLOPPY" (cb=7)
00:00:06.741092   BootDevice3        <string>  = "NONE" (cb=5)
00:00:06.741092   DmiSystemSerial    <string>  = "VirtualBox-<DmiSystemUuid>" (cb=27)
00:00:06.741093   FloppyDevice       <string>  = "i82078" (cb=7)
00:00:06.741094   HardDiskDevice     <string>  = "piix3ide" (cb=9)
00:00:06.741095   IOAPIC             <integer> = 0x0000000000000001 (1)
00:00:06.741096   McfgBase           <integer> = 0x0000000000000000 (0)
00:00:06.741097   McfgLength         <integer> = 0x0000000000000000 (0)
00:00:06.741097   NumCPUs            <integer> = 0x0000000000000002 (2)
00:00:06.741098   PXEDebug           <integer> = 0x0000000000000000 (0)
00:00:06.741099   SataHardDiskDevice <string>  = "ahci" (cb=5)
00:00:06.741100   SataLUN1           <integer> = 0x0000000000000000 (0)
00:00:06.741101   UUID               <bytes>   = "94 d8 8c 7d 7c b4 88 4a 93 b2 26 9e 15 07 95 6a" (cb=16)
00:00:06.741103   UuidLe             <integer> = 0x0000000000000001 (1)
00:00:06.741103 
00:00:06.741104 [/Devices/pcbios/0/Config/NetBoot/] (level 5)
00:00:06.741105 
00:00:06.741105 [/Devices/pcbios/0/Config/NetBoot/0/] (level 6)
00:00:06.741107   NIC           <integer> = 0x0000000000000000 (0)
00:00:06.741108   PCIBusNo      <integer> = 0x0000000000000000 (0)
00:00:06.741108   PCIDeviceNo   <integer> = 0x0000000000000003 (3)
00:00:06.741109   PCIFunctionNo <integer> = 0x0000000000000000 (0)
00:00:06.741110 
00:00:06.741110 [/Devices/pci/] (level 2)
00:00:06.741111 
00:00:06.741111 [/Devices/pci/0/] (level 3)
00:00:06.741112   Trusted <integer> = 0x0000000000000001 (1)
00:00:06.741113 
00:00:06.741113 [/Devices/pci/0/Config/] (level 4)
00:00:06.741115   IOAPIC <integer> = 0x0000000000000001 (1)
00:00:06.741116 
00:00:06.741116 [/Devices/pcibridge/] (level 2)
00:00:06.741117 
00:00:06.741117 [/Devices/pckbd/] (level 2)
00:00:06.741118 
00:00:06.741118 [/Devices/pckbd/0/] (level 3)
00:00:06.741119   Trusted <integer> = 0x0000000000000001 (1)
00:00:06.741120 
00:00:06.741120 [/Devices/pckbd/0/Config/] (level 4)
00:00:06.741121 
00:00:06.741121 [/Devices/pckbd/0/LUN#0/] (level 4)
00:00:06.741122   Driver <string>  = "KeyboardQueue" (cb=14)
00:00:06.741123 
00:00:06.741123 [/Devices/pckbd/0/LUN#0/AttachedDriver/] (level 5)
00:00:06.741124   Driver <string>  = "MainKeyboard" (cb=13)
00:00:06.741125 
00:00:06.741125 [/Devices/pckbd/0/LUN#0/Config/] (level 5)
00:00:06.741126   QueueSize <integer> = 0x0000000000000040 (64, 64 B)
00:00:06.741127 
00:00:06.741128 [/Devices/pckbd/0/LUN#1/] (level 4)
00:00:06.741129   Driver <string>  = "MouseQueue" (cb=11)
00:00:06.741129 
00:00:06.741130 [/Devices/pckbd/0/LUN#1/AttachedDriver/] (level 5)
00:00:06.741131   Driver <string>  = "MainMouse" (cb=10)
00:00:06.741131 
00:00:06.741132 [/Devices/pckbd/0/LUN#1/Config/] (level 5)
00:00:06.741133   QueueSize <integer> = 0x0000000000000080 (128, 128 B)
00:00:06.741133 
00:00:06.741134 [/Devices/pcnet/] (level 2)
00:00:06.741135 
00:00:06.741135 [/Devices/piix3ide/] (level 2)
00:00:06.741136 
00:00:06.741136 [/Devices/piix3ide/0/] (level 3)
00:00:06.741137   PCIBusNo      <integer> = 0x0000000000000000 (0)
00:00:06.741137   PCIDeviceNo   <integer> = 0x0000000000000001 (1)
00:00:06.741138   PCIFunctionNo <integer> = 0x0000000000000001 (1)
00:00:06.741139   Trusted       <integer> = 0x0000000000000001 (1)
00:00:06.741140 
00:00:06.741140 [/Devices/piix3ide/0/Config/] (level 4)
00:00:06.741141   Type <string>  = "PIIX4" (cb=6)
00:00:06.741142 
00:00:06.741142 [/Devices/piix3ide/0/LUN#0/] (level 4)
00:00:06.741143   Driver <string>  = "VD" (cb=3)
00:00:06.741143 
00:00:06.741144 [/Devices/piix3ide/0/LUN#0/Config/] (level 5)
00:00:06.741145   EmptyDrive <integer> = 0x0000000000000001 (1)
00:00:06.741146   Mountable  <integer> = 0x0000000000000001 (1)
00:00:06.741146   Type       <string>  = "DVD" (cb=4)
00:00:06.741147 
00:00:06.741147 [/Devices/piix3ide/0/LUN#999/] (level 4)
00:00:06.741148   Driver <string>  = "MainStatus" (cb=11)
00:00:06.741149 
00:00:06.741149 [/Devices/piix3ide/0/LUN#999/Config/] (level 5)
00:00:06.741150   DeviceInstance       <string>  = "piix3ide/0" (cb=11)
00:00:06.741151   First                <integer> = 0x0000000000000000 (0)
00:00:06.741152   HasMediumAttachments <integer> = 0x0000000000000001 (1)
00:00:06.741153   Last                 <integer> = 0x0000000000000003 (3)
00:00:06.741153   iLedSet              <integer> = 0x0000000000000003 (3)
00:00:06.741154 
00:00:06.741155 [/Devices/serial/] (level 2)
00:00:06.741155 
00:00:06.741156 [/Devices/serial/0/] (level 3)
00:00:06.741157   Trusted <integer> = 0x0000000000000001 (1)
00:00:06.741158 
00:00:06.741158 [/Devices/serial/0/Config/] (level 4)
00:00:06.741159   IOAddress <integer> = 0x00000000000003f8 (1 016)
00:00:06.741160   IRQ       <integer> = 0x0000000000000004 (4)
00:00:06.741161   UartType  <string>  = "16550A" (cb=7)
00:00:06.741161 
00:00:06.741161 [/Devices/serial/0/LUN#0/] (level 4)
00:00:06.741162   Driver <string>  = "Char" (cb=5)
00:00:06.741163 
00:00:06.741163 [/Devices/serial/0/LUN#0/AttachedDriver/] (level 5)
00:00:06.741165   Driver <string>  = "NamedPipe" (cb=10)
00:00:06.741165 
00:00:06.741165 [/Devices/serial/0/LUN#0/AttachedDriver/Config/] (level 6)
00:00:06.741167   IsServer <integer> = 0x0000000000000001 (1)
00:00:06.741167   Location <string>  = "\\.\pipe\gns3_vbox\68698412-6431-4060-8b0d-cb140e3f8216" (cb=56)
00:00:06.741168 
00:00:06.741168 [/Devices/usb-ehci/] (level 2)
00:00:06.741169 
00:00:06.741169 [/Devices/usb-ehci/0/] (level 3)
00:00:06.741171   PCIBusNo      <integer> = 0x0000000000000000 (0)
00:00:06.741171   PCIDeviceNo   <integer> = 0x000000000000000b (11)
00:00:06.741172   PCIFunctionNo <integer> = 0x0000000000000000 (0)
00:00:06.741173   Trusted       <integer> = 0x0000000000000001 (1)
00:00:06.741173 
00:00:06.741174 [/Devices/usb-ehci/0/Config/] (level 4)
00:00:06.741175 
00:00:06.741175 [/Devices/usb-ehci/0/LUN#0/] (level 4)
00:00:06.741176   Driver <string>  = "VUSBRootHub" (cb=12)
00:00:06.741177 
00:00:06.741177 [/Devices/usb-ehci/0/LUN#0/Config/] (level 5)
00:00:06.741178 
00:00:06.741178 [/Devices/usb-ehci/0/LUN#999/] (level 4)
00:00:06.741179   Driver <string>  = "MainStatus" (cb=11)
00:00:06.741180 
00:00:06.741180 [/Devices/usb-ehci/0/LUN#999/Config/] (level 5)
00:00:06.741182   First                <integer> = 0x0000000000000000 (0)
00:00:06.741182   HasMediumAttachments <integer> = 0x0000000000000000 (0)
00:00:06.741183   Last                 <integer> = 0x0000000000000000 (0)
00:00:06.741184   iLedSet              <integer> = 0x0000000000000002 (2)
00:00:06.741185 
00:00:06.741185 [/Devices/usb-ohci/] (level 2)
00:00:06.741186 
00:00:06.741186 [/Devices/usb-ohci/0/] (level 3)
00:00:06.741187   PCIBusNo      <integer> = 0x0000000000000000 (0)
00:00:06.741188   PCIDeviceNo   <integer> = 0x0000000000000006 (6)
00:00:06.741188   PCIFunctionNo <integer> = 0x0000000000000000 (0)
00:00:06.741189   Trusted       <integer> = 0x0000000000000001 (1)
00:00:06.741190 
00:00:06.741190 [/Devices/usb-ohci/0/Config/] (level 4)
00:00:06.741191 
00:00:06.741191 [/Devices/usb-ohci/0/LUN#0/] (level 4)
00:00:06.741192   Driver <string>  = "VUSBRootHub" (cb=12)
00:00:06.741193 
00:00:06.741193 [/Devices/usb-ohci/0/LUN#0/Config/] (level 5)
00:00:06.741195 
00:00:06.741195 [/Devices/usb-ohci/0/LUN#999/] (level 4)
00:00:06.741196   Driver <string>  = "MainStatus" (cb=11)
00:00:06.741196 
00:00:06.741197 [/Devices/usb-ohci/0/LUN#999/Config/] (level 5)
00:00:06.741198   First                <integer> = 0x0000000000000000 (0)
00:00:06.741199   HasMediumAttachments <integer> = 0x0000000000000000 (0)
00:00:06.741199   Last                 <integer> = 0x0000000000000000 (0)
00:00:06.741200   iLedSet              <integer> = 0x0000000000000001 (1)
00:00:06.741201 
00:00:06.741201 [/Devices/vga/] (level 2)
00:00:06.741202 
00:00:06.741202 [/Devices/vga/0/] (level 3)
00:00:06.741203   PCIBusNo      <integer> = 0x0000000000000000 (0)
00:00:06.741204   PCIDeviceNo   <integer> = 0x0000000000000002 (2)
00:00:06.741204   PCIFunctionNo <integer> = 0x0000000000000000 (0)
00:00:06.741205   Trusted       <integer> = 0x0000000000000001 (1)
00:00:06.741206 
00:00:06.741206 [/Devices/vga/0/Config/] (level 4)
00:00:06.741208   3DEnabled             <integer> = 0x0000000000000000 (0)
00:00:06.741209   CustomVideoModes      <integer> = 0x0000000000000000 (0)
00:00:06.741210   FadeIn                <integer> = 0x0000000000000001 (1)
00:00:06.741211   FadeOut               <integer> = 0x0000000000000001 (1)
00:00:06.741212   HeightReduction       <integer> = 0x0000000000000000 (0)
00:00:06.741212   LogoFile              <string>  = "" (cb=1)
00:00:06.741213   LogoTime              <integer> = 0x0000000000000000 (0)
00:00:06.741214   MonitorCount          <integer> = 0x0000000000000001 (1)
00:00:06.741215   ShowBootMenu          <integer> = 0x0000000000000002 (2)
00:00:06.741216   VMSVGA3dEnabled       <integer> = 0x0000000000000000 (0)
00:00:06.741216   VMSVGAEnabled         <integer> = 0x0000000000000001 (1)
00:00:06.741217   VMSVGAPciBarLayout    <integer> = 0x0000000000000001 (1)
00:00:06.741218   VMSVGAPciId           <integer> = 0x0000000000000001 (1)
00:00:06.741219   VRamSize              <integer> = 0x0000000001000000 (16 777 216, 16.0 MiB)
00:00:06.741220   VmSvga3               <integer> = 0x0000000000000000 (0)
00:00:06.741221   VmSvgaExposeLegacyVga <integer> = 0x0000000000000001 (1)
00:00:06.741222 
00:00:06.741222 [/Devices/vga/0/LUN#0/] (level 4)
00:00:06.741223   Driver <string>  = "MainDisplay" (cb=12)
00:00:06.741224 
00:00:06.741224 [/Devices/vga/0/LUN#0/Config/] (level 5)
00:00:06.741225 
00:00:06.741225 [/Devices/vga/0/LUN#999/] (level 4)
00:00:06.741227   Driver <string>  = "MainStatus" (cb=11)
00:00:06.741227 
00:00:06.741228 [/Devices/vga/0/LUN#999/Config/] (level 5)
00:00:06.741229   First                <integer> = 0x0000000000000000 (0)
00:00:06.741230   HasMediumAttachments <integer> = 0x0000000000000000 (0)
00:00:06.741230   Last                 <integer> = 0x0000000000000000 (0)
00:00:06.741231   iLedSet              <integer> = 0x0000000000000000 (0)
00:00:06.741232 
00:00:06.741232 [/Devices/virtio-net/] (level 2)
00:00:06.741233 
00:00:06.741234 [/EM/] (level 1)
00:00:06.741234   TripleFaultReset <integer> = 0x0000000000000000 (0)
00:00:06.741235 
00:00:06.741235 [/GCM/] (level 1)
00:00:06.741236   MesaVmsvgaDrv <integer> = 0x0000000000000001 (1)
00:00:06.741237 
00:00:06.741237 [/GIM/] (level 1)
00:00:06.741238   Provider <string>  = "KVM" (cb=4)
00:00:06.741238 
00:00:06.741238 [/HM/] (level 1)
00:00:06.741239   64bitEnabled            <integer> = 0x0000000000000001 (1)
00:00:06.741240   EnableLargePages        <integer> = 0x0000000000000001 (1)
00:00:06.741241   EnableNestedPaging      <integer> = 0x0000000000000001 (1)
00:00:06.741242   EnableUX                <integer> = 0x0000000000000001 (1)
00:00:06.741243   EnableVPID              <integer> = 0x0000000000000001 (1)
00:00:06.741244   Exclusive               <integer> = 0x0000000000000000 (0)
00:00:06.741244   HMForced                <integer> = 0x0000000000000001 (1)
00:00:06.741245   IBPBOnVMEntry           <integer> = 0x0000000000000000 (0)
00:00:06.741246   IBPBOnVMExit            <integer> = 0x0000000000000000 (0)
00:00:06.741247   L1DFlushOnSched         <integer> = 0x0000000000000001 (1)
00:00:06.741248   L1DFlushOnVMEntry       <integer> = 0x0000000000000000 (0)
00:00:06.741248   LovelyMesaDrvWorkaround <integer> = 0x0000000000000001 (1)
00:00:06.741249   MDSClearOnSched         <integer> = 0x0000000000000001 (1)
00:00:06.741250   MDSClearOnVMEntry       <integer> = 0x0000000000000000 (0)
00:00:06.741250   SpecCtrlByHost          <integer> = 0x0000000000000000 (0)
00:00:06.741251   SvmVirtVmsaveVmload     <integer> = 0x0000000000000000 (0)
00:00:06.741252   UseNEMInstead           <integer> = 0x0000000000000000 (0)
00:00:06.741253 
00:00:06.741253 [/MM/] (level 1)
00:00:06.741254   CanUseLargerHeap <integer> = 0x0000000000000000 (0)
00:00:06.741254 
00:00:06.741255 [/NEM/] (level 1)
00:00:06.741256   Allow64BitGuests        <integer> = 0x0000000000000001 (1)
00:00:06.741257   IBPBOnVMEntry           <integer> = 0x0000000000000000 (0)
00:00:06.741257   IBPBOnVMExit            <integer> = 0x0000000000000000 (0)
00:00:06.741258   L1DFlushOnSched         <integer> = 0x0000000000000001 (1)
00:00:06.741259   L1DFlushOnVMEntry       <integer> = 0x0000000000000000 (0)
00:00:06.741260   LovelyMesaDrvWorkaround <integer> = 0x0000000000000001 (1)
00:00:06.741260   MDSClearOnSched         <integer> = 0x0000000000000001 (1)
00:00:06.741261   MDSClearOnVMEntry       <integer> = 0x0000000000000000 (0)
00:00:06.741262 
00:00:06.741262 [/PDM/] (level 1)
00:00:06.741263 
00:00:06.741263 [/PDM/AsyncCompletion/] (level 2)
00:00:06.741264 
00:00:06.741264 [/PDM/AsyncCompletion/File/] (level 3)
00:00:06.741265 
00:00:06.741265 [/PDM/AsyncCompletion/File/BwGroups/] (level 4)
00:00:06.741266 
00:00:06.741267 [/PDM/BlkCache/] (level 2)
00:00:06.741267   CacheSize <integer> = 0x0000000000500000 (5 242 880, 5.0 MiB)
00:00:06.741268 
00:00:06.741269 [/PDM/Devices/] (level 2)
00:00:06.741270 
00:00:06.741270 [/PDM/Drivers/] (level 2)
00:00:06.741271 
00:00:06.741271 [/PDM/Drivers/VBoxC/] (level 3)
00:00:06.741272   Path <string>  = "VBoxC" (cb=6)
00:00:06.741272 
00:00:06.741272 [/PDM/NetworkShaper/] (level 2)
00:00:06.741273 
00:00:06.741274 [/PDM/NetworkShaper/BwGroups/] (level 3)
00:00:06.741308 
00:00:06.741308 [/TM/] (level 1)
00:00:06.741309   UTCOffset <integer> = 0x0000000000000000 (0)
00:00:06.741309 
00:00:06.741310 [/USB/] (level 1)
00:00:06.741310 
00:00:06.741311 [/USB/HidMouse/] (level 2)
00:00:06.741312 
00:00:06.741312 [/USB/HidMouse/0/] (level 3)
00:00:06.741313 
00:00:06.741313 [/USB/HidMouse/0/Config/] (level 4)
00:00:06.741314   Mode <string>  = "absolute" (cb=9)
00:00:06.741315 
00:00:06.741315 [/USB/HidMouse/0/LUN#0/] (level 4)
00:00:06.741316   Driver <string>  = "MouseQueue" (cb=11)
00:00:06.741317 
00:00:06.741317 [/USB/HidMouse/0/LUN#0/AttachedDriver/] (level 5)
00:00:06.741319   Driver <string>  = "MainMouse" (cb=10)
00:00:06.741319 
00:00:06.741319 [/USB/HidMouse/0/LUN#0/Config/] (level 5)
00:00:06.741321   QueueSize <integer> = 0x0000000000000080 (128, 128 B)
00:00:06.741321 
00:00:06.741322 [/USB/USBProxy/] (level 2)
00:00:06.741323 
00:00:06.741323 [/USB/USBProxy/GlobalConfig/] (level 3)
00:00:06.741324 
00:00:06.741325 ********************* End of CFGM dump **********************
00:00:06.741484 HM: HMR3Init: VT-x w/ nested paging and unrestricted guest execution hw support
00:00:06.741621 CPUM: fXStateHostMask=0xe7; host XCR0=0xe7
00:00:06.742454 CPUM: Matched host CPU INTEL 0x6/0x8c/0x1 Intel_Core7_TigerLake with CPU DB entry 'Intel Core i7-6700K' (INTEL 0x6/0x5e/0x3 Intel_Core7_Skylake)
00:00:06.742604 CPUM: MXCSR_MASK=0xffff (host: 0xffff)
00:00:06.742624 CPUM: Microcode revision 0x000000B4
00:00:06.742638 CPUM: Changing leaf 13[0]: EBX=0xa80 -> 0x340, ECX=0xa88 -> 0x340
00:00:06.742660 CPUM: MSR/CPUID reconciliation insert: 0x0000010b IA32_FLUSH_CMD
00:00:06.742666 CPUM: MSR/CPUID reconciliation insert: 0x0000010a IA32_ARCH_CAPABILITIES
00:00:06.742676 CPUM: MSR fudge: 0x00000122 IA32_TSX_CTRL
00:00:06.742681 CPUM: MSR fudge: 0x00000123 IA32_MCU_OPT_CTRL
00:00:06.742692 CPUM: SetGuestCpuIdFeature: Enabled SYSENTER/EXIT
00:00:06.742696 CPUM: SetGuestCpuIdFeature: Enabled SYSCALL/RET
00:00:06.742699 CPUM: SetGuestCpuIdFeature: Enabled PAE
00:00:06.742702 CPUM: SetGuestCpuIdFeature: Enabled LAHF/SAHF
00:00:06.742705 CPUM: SetGuestCpuIdFeature: Enabled NX
00:00:06.742709 CPUM: SetGuestCpuIdFeature: Enabled LONG MODE
00:00:06.742712 CPUM: Enabled MTRR read-write support
00:00:06.742718 CPUM: Enabled fixed-range MTRRs and 16 (virtualized) variable-range MTRRs
00:00:06.743754 PGM: Host paging mode: AMD64+PGE+NX
00:00:06.743780 PGM: PGMPool: cMaxPages=1536 (u64MaxPages=1281)
00:00:06.743784 PGM: pgmR3PoolInit: cMaxPages=0x600 cMaxUsers=0xc00 cMaxPhysExts=0xc00 fCacheEnable=true
00:00:06.788881 TM: GIP - u32Mode=3 (Invariant) u32UpdateHz=93 u32UpdateIntervalNS=10741500 enmUseTscDelta=2 (Practically Zero) fGetGipCpu=0x1b cCpus=8
00:00:06.788916 TM: GIP - u64CpuHz=2 419 200 303 (0x9032112f)  SUPGetCpuHzFromGip => 2 419 200 303
00:00:06.788923 TM: GIP - CPU: iCpuSet=0x0 idCpu=0x0 idApic=0x0 iGipCpu=0x0 i64TSCDelta=0 enmState=3 u64CpuHz=2419200303(*) cErrors=0
00:00:06.788928 TM: GIP - CPU: iCpuSet=0x1 idCpu=0x1 idApic=0x1 iGipCpu=0x2 i64TSCDelta=0 enmState=3 u64CpuHz=2419196096(*) cErrors=0
00:00:06.788932 TM: GIP - CPU: iCpuSet=0x2 idCpu=0x2 idApic=0x2 iGipCpu=0x1 i64TSCDelta=0 enmState=3 u64CpuHz=2419185457(*) cErrors=0
00:00:06.788936 TM: GIP - CPU: iCpuSet=0x3 idCpu=0x3 idApic=0x3 iGipCpu=0x3 i64TSCDelta=0 enmState=3 u64CpuHz=2419198482(*) cErrors=0
00:00:06.788940 TM: GIP - CPU: iCpuSet=0x4 idCpu=0x4 idApic=0x4 iGipCpu=0x4 i64TSCDelta=-2 enmState=3 u64CpuHz=2419200003(*) cErrors=0
00:00:06.788952 TM: GIP - CPU: iCpuSet=0x5 idCpu=0x5 idApic=0x5 iGipCpu=0x7 i64TSCDelta=0 enmState=3 u64CpuHz=2419200277(*) cErrors=0
00:00:06.788959 TM: GIP - CPU: iCpuSet=0x6 idCpu=0x6 idApic=0x6 iGipCpu=0x6 i64TSCDelta=0 enmState=3 u64CpuHz=2419200305(*) cErrors=0
00:00:06.788964 TM: GIP - CPU: iCpuSet=0x7 idCpu=0x7 idApic=0x7 iGipCpu=0x5 i64TSCDelta=0 enmState=3 u64CpuHz=2419200097(*) cErrors=0
00:00:06.788987 TM:     cTSCTicksPerSecond=2 419 200 303 (0x9032112f) enmTSCMode=1 (VirtTSCEmulated) TSCMultiplier=1
00:00:06.788989 TM: cTSCTicksPerSecondHost=2 419 200 303 (0x9032112f)
00:00:06.788989 TM: TSCTiedToExecution=false TSCNotTiedToHalt=false
00:00:06.789928 EMR3Init: fIemExecutesAll=false fGuruOnTripleFault=true
00:00:06.790235 IEM: TargetCpu=CURRENT, Microarch=Intel_Core7_TigerLake aidxTargetCpuEflFlavour={1,0}
00:00:06.791260 GIM: Using provider 'KVM' (Implementation version: 0)
00:00:06.791277 CPUM: SetGuestCpuIdFeature: Enabled Hypervisor Present bit
00:00:06.791308 GCM: Initialized - Fixer bits: 0x8 (MesaVmsvgaDrv)
00:00:06.791403 AIOMgr: Default manager type is 'Async'
00:00:06.791410 AIOMgr: Default file backend is 'NonBuffered'
00:00:06.791471 BlkCache: Cache successfully initialized. Cache size is 5242880 bytes
00:00:06.791477 BlkCache: Cache commit interval is 10000 ms
00:00:06.791482 BlkCache: Cache commit threshold is 2621440 bytes
00:00:07.369594 PcBios: [SMP] BIOS with 2 CPUs
00:00:07.369627 PcBios: Using the 386+ BIOS image.
00:00:07.369734 PcBios: MPS table at 000e1300
00:00:07.382500 PcBios: fCheckShutdownStatusForSoftReset=true  fClearShutdownStatusOnHardReset=true
00:00:07.433895 SUP: seg #0: R   0x00000000 LB 0x00001000
00:00:07.433918 SUP: seg #1: R X 0x00001000 LB 0x0002d000
00:00:07.433923 SUP: seg #2: R   0x0002e000 LB 0x00010000
00:00:07.433927 SUP: seg #3: RW  0x0003e000 LB 0x00002000
00:00:07.433931 SUP: seg #4: R   0x00040000 LB 0x00003000
00:00:07.433935 SUP: seg #5: RW  0x00043000 LB 0x00001000
00:00:07.433939 SUP: seg #6: R   0x00044000 LB 0x00001000
00:00:07.433943 SUP: seg #7: R X 0x00045000 LB 0x00001000
00:00:07.433947 SUP: seg #8: R   0x00046000 LB 0x00002000
00:00:07.434127 SUP: Loaded VBoxDDR0.r0 (D:\VBox/VBoxDDR0.r0) at 0xXXXXXXXXXXXXXXXX - ModuleInit at XXXXXXXXXXXXXXXX and ModuleTerm at XXXXXXXXXXXXXXXX using the native ring-0 loader
00:00:07.434138 SUP: windbg> .reload /f D:\VBox/VBoxDDR0.r0=0xXXXXXXXXXXXXXXXX
00:00:07.434522 PDM: VirtualBox APIC backend registered
00:00:07.434537 CPUM: SetGuestCpuIdFeature: Enabled xAPIC
00:00:07.434541 CPUM: SetGuestCpuIdFeature: Enabled x2APIC
00:00:07.436127 IOAPIC: Version=2.0 ChipType=ICH9
00:00:07.436291 PIT: mode=3 count=0x10000 (65536) - 18.20 Hz (ch=0)
00:00:07.436667 VMMDev: cbDefaultBudget: 700 209 834 (29bc5aaa)
00:00:07.471318 Shared Folders service loaded
00:00:07.489156 Guest Control service loaded
00:00:07.565331 VGA: Using the 386+ BIOS image.
00:00:07.566709 DrvVD: Flushes will be ignored
00:00:07.566728 DrvVD: Async flushes will be passed to the disk
00:00:07.568231 VD: VDInit finished with VINF_SUCCESS
00:00:07.568807 AIOMgr: Endpoint for file 'D:\VirtualBox VMs\IDS_IPS\IDS_IPS.vdi' (flags 000c0723) created successfully
00:00:07.570516 VD: Opening the disk took 2608953 ns
00:00:07.570597 AHCI: LUN#0: disk, PCHS=16383/16/63, total number of sectors 41943040
00:00:07.570876 AHCI#0: Reset the HBA
00:00:07.570886 VD#0: Cancelling all active requests
00:00:07.577773 DrvVD: Flushes will be ignored
00:00:07.577797 DrvVD: Async flushes will be passed to the disk
00:00:07.577831 PIIX3 ATA: LUN#0: CD/DVD, total number of sectors 0, passthrough disabled
00:00:07.577957 PIIX3 ATA: LUN#1: no unit
00:00:07.578008 PIIX3 ATA: LUN#2: no unit
00:00:07.578014 PIIX3 ATA: LUN#3: no unit
00:00:07.578050 PIIX3 ATA: Ctl#0: finished processing RESET
00:00:07.578083 PIIX3 ATA: Ctl#1: finished processing RESET
00:00:07.578166 E1000#0: Chip=82540EM LinkUpDelay=5000ms EthernetCRC=on GSO=enabled Itr=disabled ItrRx=enabled TID=disabled R0=enabled RC=disabled
00:00:07.578343 UDPTunnel#0: sport=10025;dest=127.0.0.1;dport=10026
00:00:07.599857 E1000#1: Chip=82540EM LinkUpDelay=5000ms EthernetCRC=on GSO=enabled Itr=disabled ItrRx=enabled TID=disabled R0=enabled RC=disabled
00:00:07.599982 UDPTunnel#1: sport=10027;dest=127.0.0.1;dport=10028
00:00:07.600297 E1000#2: Chip=82540EM LinkUpDelay=5000ms EthernetCRC=on GSO=enabled Itr=disabled ItrRx=enabled TID=disabled R0=enabled RC=disabled
00:00:07.600436 UDPTunnel#2: sport=10029;dest=127.0.0.1;dport=10030
00:00:07.600779 AC97: Using codec 'AD1980'
00:00:07.632142 WasAPI: Input device is: {Default} (iface 000001fa3f780100)
00:00:07.633653 WasAPI: Output device is: {Default} (iface 000001fa3f780060)
00:00:07.638552 Audio: Found 7 devices for driver 'WasAPI'
00:00:07.638581 Audio: Device 'Headphones (OPPO Enco Buds3 Pro)':
00:00:07.638582 Audio:   ID              = {0.0.0.00000000}.{118781e0-514f-4c20-b0f9-473a82d98599}
00:00:07.638582 Audio:   Usage           = output
00:00:07.638583 Audio:   Flags           = DEFAULT_OUT
00:00:07.638583 Audio:   Input channels  = 0
00:00:07.638584 Audio:   Output channels = 2
00:00:07.638588 Audio: Device 'Headphones (OPPO Enco Buds3 Pro)':
00:00:07.638588 Audio:   ID              = {0.0.0.00000000}.{118781e0-514f-4c20-b0f9-473a82d98599}
00:00:07.638589 Audio:   Usage           = output
00:00:07.638589 Audio:   Flags           = NONE
00:00:07.638589 Audio:   Input channels  = 0
00:00:07.638590 Audio:   Output channels = 2
00:00:07.638593 Audio: Device 'VA249HG (HD Audio Driver for Display Audio)':
00:00:07.638594 Audio:   ID              = {0.0.0.00000000}.{84d55425-7a0a-4e5a-8dd3-6ca262647c4a}
00:00:07.638594 Audio:   Usage           = output
00:00:07.638594 Audio:   Flags           = NONE
00:00:07.638595 Audio:   Input channels  = 0
00:00:07.638595 Audio:   Output channels = 2
00:00:07.638599 Audio: Device 'Speaker (Realtek(R) Audio)':
00:00:07.638599 Audio:   ID              = {0.0.0.00000000}.{f3f11c6b-1213-4b06-bc9b-2c5347df0a6d}
00:00:07.638600 Audio:   Usage           = output
00:00:07.638600 Audio:   Flags           = NONE
00:00:07.638601 Audio:   Input channels  = 0
00:00:07.638601 Audio:   Output channels = 2
00:00:07.638605 Audio: Device 'Microphone Array (Intel® Smart Sound Technology for Digital Microphones)':
00:00:07.638605 Audio:   ID              = {0.0.1.00000000}.{76d89b0a-6656-41f1-a428-aaa7c4315f47}
00:00:07.638605 Audio:   Usage           = input
00:00:07.638606 Audio:   Flags           = DEFAULT_IN
00:00:07.638606 Audio:   Input channels  = 2
00:00:07.638607 Audio:   Output channels = 0
00:00:07.638610 Audio: Device 'Microphone Array (Intel® Smart Sound Technology for Digital Microphones)':
00:00:07.638610 Audio:   ID              = {0.0.1.00000000}.{76d89b0a-6656-41f1-a428-aaa7c4315f47}
00:00:07.638611 Audio:   Usage           = input
00:00:07.638611 Audio:   Flags           = NONE
00:00:07.638611 Audio:   Input channels  = 2
00:00:07.638612 Audio:   Output channels = 0
00:00:07.638616 Audio: Device 'Headset (OPPO Enco Buds3 Pro)':
00:00:07.638616 Audio:   ID              = {0.0.1.00000000}.{862e1efa-6e0d-4f0d-8b3e-1dba4c6694be}
00:00:07.638617 Audio:   Usage           = input
00:00:07.638617 Audio:   Flags           = NONE
00:00:07.638617 Audio:   Input channels  = 1
00:00:07.638617 Audio:   Output channels = 0
00:00:07.638864 AC97: Reset
00:00:07.638877 AC97: Mixer reset (EAID=0x809, EACS=0x9)
00:00:07.638882 AC97: Record select to left=mic, right=mic
00:00:07.638887 Audio Mixer: MUTING master volume of 'AC'97 Mixer' -- channel volumes: ff ff ff ff ff ff ff ff ff ff ff ff
00:00:07.638898 Audio Mixer: MUTING sink 'AC'97 Mixer/Line In' -- channel volumes: 00 00 00 00 00 00 00 00 00 00 00 00
00:00:07.638906 Audio Mixer: MUTING sink 'AC'97 Mixer/Microphone In' -- channel volumes: 00 00 00 00 00 00 00 00 00 00 00 00
00:00:07.638911 Audio Mixer: MUTING sink 'AC'97 Mixer/PCM Output' -- channel volumes: 00 00 00 00 00 00 00 00 00 00 00 00
00:00:07.638926 Audio Mixer: MUTING sink 'AC'97 Mixer/PCM Output' -- channel volumes: 00 00 00 00 00 00 00 00 00 00 00 00
00:00:07.638935 Audio Mixer: MUTING sink 'AC'97 Mixer/Line In' -- channel volumes: 00 00 00 00 00 00 00 00 00 00 00 00
00:00:07.638940 Audio Mixer: MUTING sink 'AC'97 Mixer/Line In' -- channel volumes: 00 00 00 00 00 00 00 00 00 00 00 00
00:00:07.638944 Audio Mixer: MUTING sink 'AC'97 Mixer/Microphone In' -- channel volumes: 00 00 00 00 00 00 00 00 00 00 00 00
00:00:07.639873 Serial#0: emulating 16550A (IOAddress: 03f8 IRQ: 4)
00:00:07.640031 NamedPipe: location \\.\pipe\gns3_vbox\68698412-6431-4060-8b0d-cb140e3f8216, server
00:00:07.640654 VUSB: Attached 'HidMouse' to port 1 on RootHub#1 (FullSpeed)
00:00:07.640685 PGM: The CPU physical address width is 39 bits
00:00:07.640694 PGM: PGMR3InitFinalize: 4 MB PSE mask 0000007fffffffff -> VINF_SUCCESS
00:00:07.640708 TM: TMR3InitFinalize: fTSCModeSwitchAllowed=true
00:00:07.640931 CPUM: Mapped 1.0MiB (1048576 bytes) of RAM using fixed-range MTRRs
00:00:07.640950 CPUM: Mapped 2.4GiB (2616197120 bytes) of RAM using 5 variable-range MTRRs
00:00:07.641142 CPUM: Host IA32_ARCH_CAPABILITIES  = 0x2005c6b
00:00:07.641146 CPUM: Guest IA32_ARCH_CAPABILITIES = 0x4069
00:00:07.641178 VMM: Thread-context hooks unavailable
00:00:07.641183 VMM: RTThreadPreemptIsPending() can be trusted
00:00:07.641187 VMM: Kernel preemption is possible
00:00:07.641243 HM: Host MSR_IA32_FEATURE_CONTROL = 0x5
00:00:07.641913 HM: fWorldSwitcher=0x0 (fIbpbOnVmExit=false fIbpbOnVmEntry=false fL1dFlushOnVmEntry=false); fL1dFlushOnSched=false fMdsClearOnVmEntry=false
00:00:07.641938 HM: Using VT-x implementation 3.0
00:00:07.641939 HM: VT-x init method                  = Manual
00:00:07.641940 HM: Max resume loops                  = 8192
00:00:07.641941 HM: Host CR0                          = 0x80050033
00:00:07.641942 HM: Host CR4                          = 0xb50ef8
00:00:07.641943 HM: Host EFER                         = 0xd01
00:00:07.641944 HM: Host SMM_MONITOR_CTL              = 0x0
00:00:07.641944 HM: Host CORE_CAPABILITIES            = 0x69
00:00:07.641945 HM: Host MEMORY_CTRL                  = 0x0
00:00:07.641946 HM: Host DR6 zero'ed                  = 0xffff0ff0
00:00:07.641949 HM: MSR_IA32_FEATURE_CONTROL          = 0x5
00:00:07.641950 HM:   LOCK
00:00:07.641950 HM:   VMXON
00:00:07.641954 HM: MSR_IA32_VMX_BASIC                = 0x1da050000000013
00:00:07.641955 HM:   VMCS id                           = 0x13
00:00:07.641955 HM:   VMCS size                         = 1280 bytes
00:00:07.641956 HM:   VMCS physical address limit       = None
00:00:07.641957 HM:   VMCS memory type                  = Write Back (WB)
00:00:07.641957 HM:   Dual-monitor treatment support    = true
00:00:07.641958 HM:   OUTS & INS instruction-info       = true
00:00:07.641958 HM:   Supports true-capability MSRs     = true
00:00:07.641959 HM:   VM-entry Xcpt error-code optional = true
00:00:07.641962 HM: MSR_IA32_VMX_PINBASED_CTLS        = 0xff00000016
00:00:07.641963 HM:   EXT_INT_EXIT
00:00:07.641963 HM:   NMI_EXIT
00:00:07.641964 HM:   VIRTUAL_NMI
00:00:07.641964 HM:   PREEMPT_TIMER
00:00:07.641964 HM:   POSTED_INT
00:00:07.641965 HM: MSR_IA32_VMX_PROCBASED_CTLS       = 0xfffbfffe0401e172
00:00:07.641965 HM:   INT_WINDOW_EXIT
00:00:07.641966 HM:   USE_TSC_OFFSETTING
00:00:07.641966 HM:   HLT_EXIT
00:00:07.641967 HM:   INVLPG_EXIT
00:00:07.641967 HM:   MWAIT_EXIT
00:00:07.641967 HM:   RDPMC_EXIT
00:00:07.641968 HM:   RDTSC_EXIT
00:00:07.641968 HM:   CR3_LOAD_EXIT (must be set)
00:00:07.641968 HM:   CR3_STORE_EXIT (must be set)
00:00:07.641969 HM:   USE_TERTIARY_CTLS
00:00:07.641969 HM:   CR8_LOAD_EXIT
00:00:07.641970 HM:   CR8_STORE_EXIT
00:00:07.641970 HM:   USE_TPR_SHADOW
00:00:07.641970 HM:   NMI_WINDOW_EXIT
00:00:07.641971 HM:   MOV_DR_EXIT
00:00:07.641971 HM:   UNCOND_IO_EXIT
00:00:07.641971 HM:   USE_IO_BITMAPS
00:00:07.641972 HM:   MONITOR_TRAP_FLAG
00:00:07.641972 HM:   USE_MSR_BITMAPS
00:00:07.641972 HM:   MONITOR_EXIT
00:00:07.641973 HM:   PAUSE_EXIT
00:00:07.641973 HM:   USE_SECONDARY_CTLS
00:00:07.641973 HM: MSR_IA32_VMX_PROCBASED_CTLS2      = 0x35f3fff00000000
00:00:07.641974 HM:   VIRT_APIC_ACCESS
00:00:07.641975 HM:   EPT
00:00:07.641975 HM:   DESC_TABLE_EXIT
00:00:07.641975 HM:   RDTSCP
00:00:07.641976 HM:   VIRT_X2APIC_MODE
00:00:07.641976 HM:   VPID
00:00:07.641976 HM:   WBINVD_EXIT
00:00:07.641977 HM:   UNRESTRICTED_GUEST
00:00:07.641977 HM:   APIC_REG_VIRT
00:00:07.641978 HM:   VIRT_INT_DELIVERY
00:00:07.641978 HM:   PAUSE_LOOP_EXIT
00:00:07.641980 HM:   RDRAND_EXIT
00:00:07.641981 HM:   INVPCID
00:00:07.641981 HM:   VMFUNC
00:00:07.641981 HM:   VMCS_SHADOWING (must be cleared)
00:00:07.641982 HM:   ENCLS_EXIT (must be cleared)
00:00:07.641982 HM:   RDSEED_EXIT
00:00:07.641982 HM:   PML
00:00:07.641983 HM:   EPT_XCPT_VE
00:00:07.641983 HM:   CONCEAL_VMX_FROM_PT
00:00:07.641983 HM:   XSAVES_XRSTORS
00:00:07.641984 HM:   PASID_TRANSLATE (must be cleared)
00:00:07.641984 HM:   MODE_BASED_EPT_PERM
00:00:07.641984 HM:   SPP_EPT (must be cleared)
00:00:07.641985 HM:   PT_EPT
00:00:07.641985 HM:   TSC_SCALING
00:00:07.641985 HM:   USER_WAIT_PAUSE (must be cleared)
00:00:07.641986 HM:   PCONFIG (must be cleared)
00:00:07.641986 HM:   ENCLV_EXIT (must be cleared)
00:00:07.641987 HM:   BUS_LOCK_DETECT (must be cleared)
00:00:07.641987 HM:   INSTR_TIMEOUT (must be cleared)
00:00:07.641987 HM: MSR_IA32_VMX_PROCBASED_CTLS3      = 0x1
00:00:07.641988 HM:   LOADIWKEY_EXIT                    = true
00:00:07.641988 HM:   HLAT                              = false
00:00:07.641989 HM:   EPT_PAGING_WRITE                  = false
00:00:07.641989 HM:   GST_PAGING_VERIFY                 = false
00:00:07.641990 HM:   IPI_VIRT                          = false
00:00:07.641990 HM:   VIRT_SPEC_CTRL                    = false
00:00:07.641991 HM: MSR_IA32_VMX_ENTRY_CTLS           = 0x16ffff000011ff
00:00:07.641992 HM:   LOAD_DEBUG (must be set)
00:00:07.641992 HM:   IA32E_MODE_GUEST
00:00:07.641992 HM:   ENTRY_TO_SMM
00:00:07.641993 HM:   DEACTIVATE_DUAL_MON
00:00:07.641993 HM:   LOAD_PERF_MSR
00:00:07.641993 HM:   LOAD_PAT_MSR
00:00:07.641994 HM:   LOAD_EFER_MSR
00:00:07.641994 HM:   LOAD_BNDCFGS_MSR (must be cleared)
00:00:07.641994 HM:   CONCEAL_VMX_FROM_PT
00:00:07.641995 HM:   LOAD_RTIT_CTL_MSR
00:00:07.641995 HM:   LOAD_UINV (must be cleared)
00:00:07.641995 HM:   LOAD_CET_STATE
00:00:07.641996 HM:   LOAD_LBR_CTL_MSR (must be cleared)
00:00:07.641996 HM:   LOAD_PKRS_MSR (must be cleared)
00:00:07.641996 HM: MSR_IA32_VMX_EXIT_CTLS            = 0x137fffff00036dff
00:00:07.641997 HM:   SAVE_DEBUG (must be set)
00:00:07.641997 HM:   HOST_ADDR_SPACE_SIZE
00:00:07.641998 HM:   LOAD_PERF_MSR
00:00:07.641998 HM:   ACK_EXT_INT
00:00:07.641999 HM:   SAVE_PAT_MSR
00:00:07.641999 HM:   LOAD_PAT_MSR
00:00:07.641999 HM:   SAVE_EFER_MSR
00:00:07.642000 HM:   LOAD_EFER_MSR
00:00:07.642000 HM:   SAVE_PREEMPT_TIMER
00:00:07.642000 HM:   CLEAR_BNDCFGS_MSR (must be cleared)
00:00:07.642001 HM:   CONCEAL_VMX_FROM_PT
00:00:07.642001 HM:   CLEAR_RTIT_CTL_MSR
00:00:07.642001 HM:   CLEAR_LBR_CTL_MSR (must be cleared)
00:00:07.642002 HM:   CLEAR_UINV (must be cleared)
00:00:07.642002 HM:   LOAD_CET_STATE
00:00:07.642002 HM:   LOAD_PKRS_MSR (must be cleared)
00:00:07.642003 HM:   SAVE_PERF_MSR (must be cleared)
00:00:07.642003 HM: MSR_IA32_VMX_TRUE_PINBASED_CTLS   = 0xff00000016
00:00:07.642004 HM: MSR_IA32_VMX_TRUE_PROCBASED_CTLS  = 0xfffbfffe04006172
00:00:07.642004 HM: MSR_IA32_VMX_TRUE_ENTRY_CTLS      = 0x16ffff000011fb
00:00:07.642005 HM: MSR_IA32_VMX_TRUE_EXIT_CTLS       = 0x137fffff00036dfb
00:00:07.642006 HM: MSR_IA32_VMX_MISC                 = 0x7004c1e7
00:00:07.642006 HM:   PREEMPT_TIMER_TSC                 = 0x7
00:00:07.642007 HM:   EXIT_SAVE_EFER_LMA                = true
00:00:07.642007 HM:   ACTIVITY_STATES                   = 0x7 ( HLT SHUTDOWN SIPI_WAIT )
00:00:07.642008 HM:   INTEL_PT                          = true
00:00:07.642008 HM:   SMM_READ_SMBASE_MSR               = true
00:00:07.642009 HM:   CR3_TARGET                        = 0x4
00:00:07.642009 HM:   MAX_MSR                           = 0x0 ( 512 )
00:00:07.642010 HM:   VMXOFF_BLOCK_SMI                  = true
00:00:07.642010 HM:   VMWRITE_ALL                       = true
00:00:07.642011 HM:   ENTRY_INJECT_SOFT_INT             = 0x1
00:00:07.642011 HM:   MSEG_ID                           = 0x0
00:00:07.642012 HM: MSR_IA32_VMX_VMCS_ENUM            = 0x2e
00:00:07.642012 HM:   HIGHEST_IDX                       = 0x17
00:00:07.642013 HM: MSR_IA32_VMX_EPT_VPID_CAP         = 0xf0106f34141
00:00:07.642013 HM:   RWX_X_ONLY
00:00:07.642013 HM:   PAGE_WALK_LENGTH_4
00:00:07.642014 HM:   MEMTYPE_UC
00:00:07.642014 HM:   MEMTYPE_WB
00:00:07.642014 HM:   PDE_2M
00:00:07.642015 HM:   PDPTE_1G
00:00:07.642015 HM:   INVEPT
00:00:07.642015 HM:   ACCESS_DIRTY
00:00:07.642016 HM:   ADVEXITINFO_EPT_VIOLATION
00:00:07.642016 HM:   SUPER_SHW_STACK
00:00:07.642016 HM:   INVEPT_SINGLE_CONTEXT
00:00:07.642017 HM:   INVEPT_ALL_CONTEXTS
00:00:07.642017 HM:   INVVPID
00:00:07.642017 HM:   INVVPID_INDIV_ADDR
00:00:07.642018 HM:   INVVPID_SINGLE_CONTEXT
00:00:07.642018 HM:   INVVPID_ALL_CONTEXTS
00:00:07.642018 HM:   INVVPID_SINGLE_CONTEXT_RETAIN_GLOBALS
00:00:07.642019 HM: MSR_IA32_VMX_VMFUNC               = 0x1
00:00:07.642019 HM:   EPTP_SWITCHING
00:00:07.642020 HM: MSR_IA32_VMX_CR0_FIXED0           = 0x80000021
00:00:07.642020 HM: MSR_IA32_VMX_CR0_FIXED1           = 0xffffffff
00:00:07.642021 HM: MSR_IA32_VMX_CR4_FIXED0           = 0x2000
00:00:07.642021 HM: MSR_IA32_VMX_CR4_FIXED1           = 0xff2fff
00:00:07.642024 HM: Guest support: 32-bit and 64-bit
00:00:07.642034 HM: Supports VMCS EFER fields         = true
00:00:07.642035 HM: Enabled VMX
00:00:07.642038 HM: Enabled nested paging
00:00:07.642039 HM:   EPT flush type                  = Single context
00:00:07.642039 HM: Enabled unrestricted guest execution
00:00:07.642040 HM: Enabled large page support
00:00:07.642040 HM: Enabled VPID
00:00:07.642040 HM:   VPID flush type                 = Single context
00:00:07.642041 HM: Enabled VMX-preemption timer (cPreemptTimerShift=7)
00:00:07.642041 HM: VT-x/AMD-V init method: Local
00:00:07.642043 EM: Exit history optimizations: enabled=true enabled-r0=true enabled-r0-no-preemption=false
00:00:07.642080 PcBios: SATA LUN#0 LCHS=1024/255/63
00:00:07.642093 APIC: fPostedIntrsEnabled=false fVirtApicRegsEnabled=false fSupportsTscDeadline=false
00:00:07.642100 TMR3UtcNow: nsNow=1 776 160 857 258 666 800 nsPrev=0 -> cNsDelta=1 776 160 857 258 666 800 (offLag=0 offVirtualSync=0 offVirtualSyncGivenUp=0, NowAgain=1 776 160 857 258 666 800)
00:00:07.642110 VMM: fUsePeriodicPreemptionTimers=false
00:00:07.642116 CPUM: Logical host processors: 8 present, 8 max, 8 online, online mask: 00000000000000ff
00:00:07.642118 CPUM: Physical host cores: 4
00:00:07.642118 ************************ CPUID dump *************************
00:00:07.642811          Raw Standard CPUID Leaves
00:00:07.642812      Leaf/sub-leaf  eax      ebx      ecx      edx
00:00:07.642814 Gst: 00000000/0000  00000016 756e6547 6c65746e 49656e69
00:00:07.642816 Hst:                0000001b 756e6547 6c65746e 49656e69
00:00:07.642816 Gst: 00000001/0000  000806c1 00020800 f6fa3203 178bfbff
00:00:07.642817 Hst:                000806c1 04100800 7ffafbbf bfebfbff
00:00:07.642818 Gst: 00000002/0000  00feff01 000000f0 00000000 00000000
00:00:07.642819 Hst:                00feff01 000000f0 00000000 00000000
00:00:07.642819 Gst: 00000003/0000  00000000 00000000 00000000 00000000
00:00:07.642820 Hst:                00000000 00000000 00000000 00000000
00:00:07.642821 Gst: 00000004/0000  04000121 02c0003f 0000003f 00000000
00:00:07.642821 Hst:                1c004121 02c0003f 0000003f 00000000
00:00:07.642822 Gst: 00000004/0001  04000122 01c0003f 0000003f 00000000
00:00:07.642822 Hst:                1c004122 01c0003f 0000003f 00000000
00:00:07.642823 Gst: 00000004/0002  04000143 04c0003f 000003ff 00000000
00:00:07.642824 Hst:                1c004143 04c0003f 000003ff 00000000
00:00:07.642824 Gst: 00000004/0003  04000163 01c0003f 00003fff 00000004
00:00:07.642825 Hst:                1c03c163 01c0003f 00003fff 00000004
00:00:07.642825 Gst: 00000004/0004  04000000 00000000 00000000 00000000
00:00:07.642826 Hst:                00000000 00000000 00000000 00000000
00:00:07.642827 Gst: 00000005/0000  00000000 00000000 00000000 00000000
00:00:07.642827 Hst:                00000040 00000040 00000003 11121020
00:00:07.642828 Gst: 00000006/0000  00000004 00000000 00000000 00000000
00:00:07.642828 Hst:                0017eff7 00000002 00000009 00000000
00:00:07.642829 Gst: 00000007/0000  00000002 208c2569 00000000 30000400
00:00:07.642830 Hst:                00000002 f3bfa7eb 18c05fce fc100710
00:00:07.642830 Gst: 00000007/0001  00000000 00000000 00000000 00000000
00:00:07.642831 Hst:                00000000 00000000 00000000 00040000
00:00:07.642831 Gst: 00000007/0002  00000000 00000000 00000000 00000000
00:00:07.642832 Hst:                00000000 00000000 00000000 00000001
00:00:07.642833 Gst: 00000007/0003  00000000 00000000 00000000 00000000
00:00:07.642833 Hst:                00000000 00000000 00000000 00000000
00:00:07.642834 Gst: 00000008/0000  00000000 00000000 00000000 00000000
00:00:07.642834 Hst:                00000000 00000000 00000000 00000000
00:00:07.642835 Gst: 00000009/0000  00000000 00000000 00000000 00000000
00:00:07.642835 Hst:                00000000 00000000 00000000 00000000
00:00:07.642836 Gst: 0000000a/0000  00000000 00000000 00000000 00000000
00:00:07.642836 Hst:                08300805 00000000 0000000f 00008604
00:00:07.642837 Gst: 0000000b/0000  00000000 00000001 00000100 00000000
00:00:07.642837 Hst:                00000001 00000002 00000100 00000004
00:00:07.642838 Gst: 0000000b/0001  00000001 00000002 00000201 00000000
00:00:07.642838 Hst:                00000004 00000008 00000201 00000004
00:00:07.642839 Gst: 0000000b/0002  00000000 00000000 00000002 00000000
00:00:07.642840 Hst:                00000000 00000000 00000002 00000004
00:00:07.642840 Gst: 0000000c/0000  00000000 00000000 00000000 00000000
00:00:07.642841 Hst:                00000000 00000000 00000000 00000000
00:00:07.642841 Gst: 0000000d/0000  00000007 00000340 00000340 00000000
00:00:07.642842 Hst:                000002e7 00000a80 00000a88 00000000
00:00:07.642842 Gst: 0000000d/0001  00000000 00000a10 00000000 00000000
00:00:07.642843 Hst:                0000000f 00000a10 00003900 00000000
00:00:07.642844 Gst: 0000000d/0002  00000100 00000240 00000000 00000000
00:00:07.642844 Hst:                00000100 00000240 00000000 00000000
00:00:07.642845 Gst: 0000000d/0003  00000000 00000000 00000000 00000000
00:00:07.642845 Hst:                00000000 00000000 00000000 00000000
00:00:07.642846 Gst: 0000000d/0004  00000000 00000000 00000000 00000000
00:00:07.642846 Hst:                00000000 00000000 00000000 00000000
00:00:07.642847 Gst: 0000000d/0005  00000000 00000000 00000000 00000000
00:00:07.642847 Hst:                00000040 00000440 00000000 00000000
00:00:07.642848 Gst: 0000000d/0006  00000000 00000000 00000000 00000000
00:00:07.642848 Hst:                00000200 00000480 00000000 00000000
00:00:07.642849 Gst: 0000000d/0007  00000000 00000000 00000000 00000000
00:00:07.642849 Hst:                00000400 00000680 00000000 00000000
00:00:07.642850 Gst: 0000000d/0008  00000000 00000000 00000000 00000000
00:00:07.642850 Hst:                00000080 00000000 00000001 00000000
00:00:07.642851 Gst: 0000000d/0009  00000000 00000000 00000000 00000000
00:00:07.642852 Hst:                00000008 00000a80 00000000 00000000
00:00:07.642852 Gst: 0000000d/000a  00000000 00000000 00000000 00000000
00:00:07.642853 Hst:                00000000 00000000 00000000 00000000
00:00:07.642853 Gst: 0000000d/000b  00000000 00000000 00000000 00000000
00:00:07.642854 Hst:                00000010 00000000 00000001 00000000
00:00:07.642854 Gst: 0000000d/000c  00000000 00000000 00000000 00000000
00:00:07.642855 Hst:                00000018 00000000 00000001 00000000
00:00:07.642855 Gst: 0000000d/000d  00000000 00000000 00000000 00000000
00:00:07.642856 Hst:                00000008 00000000 00000001 00000000
00:00:07.642856 Gst: 0000000d/000e  00000000 00000000 00000000 00000000
00:00:07.642857 Hst:                00000000 00000000 00000000 00000000
00:00:07.642857 Gst: 0000000e/0000  00000000 00000000 00000000 00000000
00:00:07.642858 Hst:                00000000 00000000 00000000 00000000
00:00:07.642858 Gst: 0000000f/0000  00000000 00000000 00000000 00000000
00:00:07.642859 Hst:                00000000 00000000 00000000 00000000
00:00:07.642859 Gst: 00000010/0000  00000000 00000000 00000000 00000000
00:00:07.642860 Hst:                00000000 00000004 00000000 00000000
00:00:07.642861 Hst: 00000011/0000  00000000 00000000 00000000 00000000
00:00:07.642861 Hst: 00000012/0000  00000000 00000000 00000000 00000000
00:00:07.642862 Hst: 00000013/0000  00000000 00000000 00000000 00000000
00:00:07.642862 Hst: 00000014/0000  00000001 0000004f 00000007 00000000
00:00:07.642863 Hst: 00000015/0000  00000002 0000007e 0249f000 00000000
00:00:07.642864 Hst: 00000016/0000  00000960 00001068 00000064 00000000
00:00:07.642864 Hst: 00000017/0000  00000000 00000000 00000000 00000000
00:00:07.642865 Hst: 00000018/0000  00000008 00000000 00000000 00000000
00:00:07.642866 Hst: 00000019/0000  00000007 00000014 00000003 00000000
00:00:07.642866 Hst: 0000001a/0000  00000000 00000000 00000000 00000000
00:00:07.642867 Hst: 0000001b/0000  00000000 00000000 00000000 00000000
00:00:07.642867                                Name: GenuineIntel
00:00:07.642868                            Supports: 0x00000000-0x00000016
00:00:07.642870                              Family:  6 	Extended: 0 	Effective: 6
00:00:07.642871                               Model: 12 	Extended: 8 	Effective: 140
00:00:07.642872                            Stepping: 1
00:00:07.642872                                Type: 0 (primary)
00:00:07.642873                             APIC ID: 0x00
00:00:07.642874                        Logical CPUs: 2
00:00:07.642874                        CLFLUSH Size: 8
00:00:07.642875                            Brand ID: 0x00
00:00:07.642876 Features
00:00:07.642876   Mnemonic - Description                                  = Guest (Host)
00:00:07.642877   FPU - x87 FPU on Chip                                   = 1 (1)
00:00:07.642879   VME - Virtual 8086 Mode Enhancements                    = 1 (1)
00:00:07.642879   DE - Debugging extensions                               = 1 (1)
00:00:07.642880   PSE - Page Size Extension                               = 1 (1)
00:00:07.642881   TSC - Time Stamp Counter                                = 1 (1)
00:00:07.642882   MSR - Model Specific Registers                          = 1 (1)
00:00:07.642883   PAE - Physical Address Extension                        = 1 (1)
00:00:07.642883   MCE - Machine Check Exception                           = 1 (1)
00:00:07.642884   CX8 - CMPXCHG8B instruction                             = 1 (1)
00:00:07.642885   APIC - APIC On-Chip                                     = 1 (1)
00:00:07.642886   SEP - SYSENTER and SYSEXIT Present                      = 1 (1)
00:00:07.642886   MTRR - Memory Type Range Registers                      = 1 (1)
00:00:07.642887   PGE - PTE Global Bit                                    = 1 (1)
00:00:07.642888   MCA - Machine Check Architecture                        = 1 (1)
00:00:07.642889   CMOV - Conditional Move instructions                    = 1 (1)
00:00:07.642890   PAT - Page Attribute Table                              = 1 (1)
00:00:07.642893   PSE-36 - 36-bit Page Size Extension                     = 1 (1)
00:00:07.642894   PSN - Processor Serial Number                           = 0 (0)
00:00:07.642894   CLFSH - CLFLUSH instruction                             = 1 (1)
00:00:07.642895   DS - Debug Store                                        = 0 (1)
00:00:07.642896   ACPI - Thermal Mon. & Soft. Clock Ctrl.                 = 0 (1)
00:00:07.642897   MMX - Intel MMX Technology                              = 1 (1)
00:00:07.642898   FXSR - FXSAVE and FXRSTOR instructions                  = 1 (1)
00:00:07.642898   SSE - SSE support                                       = 1 (1)
00:00:07.642899   SSE2 - SSE2 support                                     = 1 (1)
00:00:07.642900   SS - Self Snoop                                         = 0 (1)
00:00:07.642901   HTT - Hyper-Threading Technology                        = 1 (1)
00:00:07.642902   TM - Therm. Monitor                                     = 0 (1)
00:00:07.642902   PBE - Pending Break Enabled                             = 0 (1)
00:00:07.642903   SSE3 - SSE3 support                                     = 1 (1)
00:00:07.642904   PCLMUL - PCLMULQDQ support (for AES-GCM)                = 1 (1)
00:00:07.642905   DTES64 - DS Area 64-bit Layout                          = 0 (1)
00:00:07.642905   MONITOR - MONITOR/MWAIT instructions                    = 0 (1)
00:00:07.642906   CPL-DS - CPL Qualified Debug Store                      = 0 (1)
00:00:07.642907   VMX - Virtual Machine Extensions                        = 0 (1)
00:00:07.642908   SMX - Safer Mode Extensions                             = 0 (0)
00:00:07.642908   EST - Enhanced SpeedStep Technology                     = 0 (1)
00:00:07.642909   TM2 - Terminal Monitor 2                                = 0 (1)
00:00:07.642910   SSSE3 - Supplemental Streaming SIMD Extensions 3        = 1 (1)
00:00:07.642911   CNTX-ID - L1 Context ID                                 = 0 (0)
00:00:07.642911   SDBG - Silicon Debug interface                          = 0 (1)
00:00:07.642912   FMA - Fused Multiply Add extensions                     = 1 (1)
00:00:07.642913   CX16 - CMPXCHG16B instruction                           = 1 (1)
00:00:07.642914   TPRUPDATE - xTPR Update Control                         = 0 (1)
00:00:07.642914   PDCM - Perf/Debug Capability MSR                        = 0 (1)
00:00:07.642915   PCID - Process Context Identifiers                      = 1 (1)
00:00:07.642916   DCA - Direct Cache Access                               = 0 (0)
00:00:07.642917   SSE4_1 - SSE4_1 support                                 = 1 (1)
00:00:07.642917   SSE4_2 - SSE4_2 support                                 = 1 (1)
00:00:07.642918   X2APIC - x2APIC support                                 = 1 (1)
00:00:07.642919   MOVBE - MOVBE instruction                               = 1 (1)
00:00:07.642920   POPCNT - POPCNT instruction                             = 1 (1)
00:00:07.642920   TSCDEADL - Time Stamp Counter Deadline                  = 0 (1)
00:00:07.642921   AES - AES instructions                                  = 1 (1)
00:00:07.642922   XSAVE - XSAVE instruction                               = 1 (1)
00:00:07.642923   OSXSAVE - OSXSAVE instruction                           = 0 (1)
00:00:07.642923   AVX - AVX support                                       = 1 (1)
00:00:07.642924   F16C - 16-bit floating point conversion instructions    = 1 (1)
00:00:07.642925   RDRAND - RDRAND instruction                             = 1 (1)
00:00:07.642926   HVP - Hypervisor Present (we're a guest)                = 1 (0)
00:00:07.642927 Structured Extended Feature Flags Enumeration (leaf 7):
00:00:07.642927 Sub-leaf 0
00:00:07.642927   Mnemonic - Description                                  = Guest (Host)
00:00:07.642928   FSGSBASE - RDFSBASE/RDGSBASE/WRFSBASE/WRGSBASE instr.   = 1 (1)
00:00:07.642929   TSCADJUST - Supports MSR_IA32_TSC_ADJUST                = 0 (1)
00:00:07.642929   SGX - Supports Software Guard Extensions                = 0 (0)
00:00:07.642930   BMI1 - Advanced Bit Manipulation extension 1            = 1 (1)
00:00:07.642931   HLE - Hardware Lock Elision                             = 0 (0)
00:00:07.642931   AVX2 - Advanced Vector Extensions 2                     = 1 (1)
00:00:07.642932   FDP_EXCPTN_ONLY - FPU DP only updated on exceptions     = 1 (1)
00:00:07.642933   SMEP - Supervisor Mode Execution Prevention             = 0 (1)
00:00:07.642933   BMI2 - Advanced Bit Manipulation extension 2            = 1 (1)
00:00:07.642934   ERMS - Enhanced REP MOVSB/STOSB instructions            = 0 (1)
00:00:07.642935   INVPCID - INVPCID instruction                           = 1 (1)
00:00:07.642935   RTM - Restricted Transactional Memory                   = 0 (0)
00:00:07.642936   PQM - Platform Quality of Service Monitoring            = 0 (0)
00:00:07.642937   DEPFPU_CS_DS - Deprecates FPU CS, FPU DS values if set  = 1 (1)
00:00:07.642937   MPE - Intel Memory Protection Extensions                = 0 (0)
00:00:07.642938   PQE - Platform Quality of Service Enforcement           = 0 (1)
00:00:07.642939   AVX512F - AVX512 Foundation instructions                = 0 (1)
00:00:07.642939   17 - Reserved                                           = 0 (1)
00:00:07.642940   RDSEED - RDSEED instruction                             = 1 (1)
00:00:07.642943   ADX - ADCX/ADOX instructions                            = 1 (1)
00:00:07.642944   SMAP - Supervisor Mode Access Prevention                = 0 (1)
00:00:07.642944   21 - Reserved                                           = 0 (1)
00:00:07.642945   CLFLUSHOPT - CLFLUSHOPT (Cache Line Flush) instruction  = 1 (1)
00:00:07.642946   CLWB - CLWB instruction                                 = 0 (1)
00:00:07.642947   INTEL_PT - Intel Processor Trace                        = 0 (1)
00:00:07.642948   AVX512PF - AVX512 Prefetch instructions                 = 0 (0)
00:00:07.642948   AVX512ER - AVX512 Exponential & Reciprocal instructions = 0 (0)
00:00:07.642949   AVX512CD - AVX512 Conflict Detection instructions       = 0 (1)
00:00:07.642949   SHA - Secure Hash Algorithm extensions                  = 1 (1)
00:00:07.642950   30 - Reserved                                           = 0 (1)
00:00:07.642951   31 - Reserved                                           = 0 (1)
00:00:07.642952   PREFETCHWT1 - PREFETCHWT1 instruction                   = 0 (0)
00:00:07.642953    1 - Reserved                                           = 0 (1)
00:00:07.642954   UMIP - User mode insturction prevention                 = 0 (1)
00:00:07.642954   PKU - Protection Key for Usermode pages                 = 0 (1)
00:00:07.642955   OSPKE - CR4.PKU mirror                                  = 0 (0)
00:00:07.642956    6 - Reserved                                           = 0 (1)
00:00:07.642957    7 - Reserved                                           = 0 (1)
00:00:07.642958    8 - Reserved                                           = 0 (1)
00:00:07.642958    9 - Reserved                                           = 0 (1)
00:00:07.642959   10 - Reserved                                           = 0 (1)
00:00:07.642960   11 - Reserved                                           = 0 (1)
00:00:07.642961   12 - Reserved                                           = 0 (1)
00:00:07.642966   14 - Reserved                                           = 0 (1)
00:00:07.642967   MAWAU - Value used by BNDLDX & BNDSTX                   = 0x0 (0x0)
00:00:07.642968   RDPID - Read processor ID support                       = 0 (1)
00:00:07.642969   23 - Reserved                                           = 0 (1)
00:00:07.642970   27 - Reserved                                           = 0 (1)
00:00:07.642971   28 - Reserved                                           = 0 (1)
00:00:07.642972   SGX_LC - Supports SGX Launch Configuration              = 0 (0)
00:00:07.642972    4 - Reserved                                           = 0 (1)
00:00:07.642973    8 - Reserved                                           = 0 (1)
00:00:07.642974   MCU_OPT_CTRL - Supports IA32_MCU_OPT_CTRL               = 0 (1)
00:00:07.642975   MD_CLEAR - Supports MDS related buffer clearing         = 1 (1)
00:00:07.642975   TSX_FORCE_ABORT - Supports IA32_TSX_FORCE_ABORT         = 0 (0)
00:00:07.642976   CET_IBT - Supports indirect branch tracking w/ CET      = 0 (1)
00:00:07.642977   IBRS_IBPB - IA32_SPEC_CTRL.IBRS and IA32_PRED_CMD.IBPB  = 0 (1)
00:00:07.642977   STIBP - Supports IA32_SPEC_CTRL.STIBP                   = 0 (1)
00:00:07.642978   FLUSH_CMD - Supports IA32_FLUSH_CMD                     = 1 (1)
00:00:07.642979   ARCHCAP - Supports IA32_ARCH_CAP                        = 1 (1)
00:00:07.642979   CORECAP - Supports IA32_CORE_CAP                        = 0 (1)
00:00:07.642980   SSBD - Supports IA32_SPEC_CTRL.SSBD                     = 0 (1)
00:00:07.642981  Sub-leaf 2
00:00:07.642981   Mnemonic - Description                                  = Guest (Host)
00:00:07.642982   PSFD - Supports IA32_SPEC_CTRL[7] (PSFD)                = 0 (1)
00:00:07.642983   IPRED_CTRL - Supports IA32_SPEC_CTRL[4:3] (IPRED_DIS)   = 0 (0)
00:00:07.642983   RRSBA_CTRL - Supports IA32_SPEC_CTRL[6:5] (RRSBA_DIS)   = 0 (0)
00:00:07.642984   DDPD_U - Supports IA32_SPEC_CTRL[8] (DDPD_U)            = 0 (0)
00:00:07.642984   BHI_CTRL - Supports IA32_SPEC_CTRL[10] (BHI_DIS_S)      = 0 (0)
00:00:07.642985   MCDT_NO - No MXCSR Config Dependent Timing issues       = 0 (0)
00:00:07.642986   UC_LOCK_DIS - Supports UC-lock disable and causing #AC  = 0 (0)
00:00:07.642986   MONITOR_MITG_NO - No MONITOR/UMONITOR power issues      = 0 (0)
00:00:07.642987 Processor Extended State Enumeration (leaf 0xd):
00:00:07.642988    XSAVE area cur/max size by XCR0, Guest: 0x340/0x340
00:00:07.642989    XSAVE area cur/max size by XCR0,  Host: 0xa80/0xa88
00:00:07.642989                    Valid XCR0 bits, Guest: 0x00000000`00000007 ( x87 SSE YMM_Hi128 )
00:00:07.642991                    Valid XCR0 bits,  Host: 0x00000000`000002e7 ( x87 SSE YMM_Hi128 Opmask ZMM_Hi256 Hi16_ZMM 9 )
00:00:07.642993                     XSAVE features, Guest
00:00:07.642994                     XSAVE features,  Host XSAVEOPT XSAVEC XGETBC1 XSAVES
00:00:07.642995       XSAVE area cur size XCR0|XSS, Guest: 0xa10
00:00:07.642996       XSAVE area cur size XCR0|XSS,  Host: 0xa10
00:00:07.642996                Valid IA32_XSS bits, Guest: 0x00000000`00000000
00:00:07.642997                Valid IA32_XSS bits,  Host: 0x00003900`00000000 ( 40 43 44 45 )
00:00:07.642998   State #2, Guest: off=0x0240, cb=0x0100 IA32_XSS-bit -- YMM_Hi128
00:00:07.643000   State #2,  Host:  off=0x0240, cb=0x0100 IA32_XSS-bit -- YMM_Hi128
00:00:07.643001   State #5,  Host:  off=0x0440, cb=0x0040 IA32_XSS-bit -- Opmask
00:00:07.643002   State #6,  Host:  off=0x0480, cb=0x0200 IA32_XSS-bit -- ZMM_Hi256
00:00:07.643003   State #7,  Host:  off=0x0680, cb=0x0400 IA32_XSS-bit -- Hi16_ZMM
00:00:07.643004   State #8,  Host:  off=0x0000, cb=0x0080 XCR0-bit -- 8
00:00:07.643005   State #9,  Host:  off=0x0a80, cb=0x0008 IA32_XSS-bit -- 9
00:00:07.643006   State #11,  Host:  off=0x0000, cb=0x0010 XCR0-bit -- 11
00:00:07.643006   State #12,  Host:  off=0x0000, cb=0x0018 XCR0-bit -- 12
00:00:07.643007   State #13,  Host:  off=0x0000, cb=0x0008 XCR0-bit -- 13
00:00:07.643013          Raw Hypervisor CPUID Leaves
00:00:07.643013      Leaf/sub-leaf  eax      ebx      ecx      edx
00:00:07.643013 Gst: 40000000/0000  40000001 4b4d564b 564b4d56 0000004d
00:00:07.643014 Gst: 40000001/0000  01000089 00000000 00000000 00000000
00:00:07.643015          Raw Extended CPUID Leaves
00:00:07.643015      Leaf/sub-leaf  eax      ebx      ecx      edx
00:00:07.643016 Gst: 80000000/0000  80000008 00000000 00000000 00000000
00:00:07.643016 Hst:                80000008 00000000 00000000 00000000
00:00:07.643017 Gst: 80000001/0000  00000000 00000000 00000121 28100800
00:00:07.643017 Hst:                00000000 00000000 00000121 2c100800
00:00:07.643018 Gst: 80000002/0000  68743131 6e654720 746e4920 52286c65
00:00:07.643019 Hst:                68743131 6e654720 746e4920 52286c65
00:00:07.643019 Gst: 80000003/0000  6f432029 54286572 6920294d 31312d35
00:00:07.643020 Hst:                6f432029 54286572 6920294d 31312d35
00:00:07.643021 Gst: 80000004/0000  37473533 32204020 4730342e 00007a48
00:00:07.643021 Hst:                37473533 32204020 4730342e 00007a48
00:00:07.643022 Gst: 80000005/0000  00000000 00000000 00000000 00000000
00:00:07.643022 Hst:                00000000 00000000 00000000 00000000
00:00:07.643023 Gst: 80000006/0000  00000000 00000000 01007040 00000000
00:00:07.643023 Hst:                00000000 00000000 01007040 00000000
00:00:07.643024 Gst: 80000007/0000  00000000 00000000 00000000 00000100
00:00:07.643025 Hst:                00000000 00000000 00000000 00000100
00:00:07.643025 Gst: 80000008/0000  00003027 00000000 00000000 00000000
00:00:07.643026 Hst:                00003027 00000000 00000000 00000000
00:00:07.643026 Ext Name:                        
00:00:07.643027 Ext Supports:                    0x80000000-0x80000008
00:00:07.643027 Family:                          0  	Extended: 0 	Effective: 0
00:00:07.643028 Model:                           0  	Extended: 0 	Effective: 0
00:00:07.643028 Stepping:                        0
00:00:07.643029 Brand ID:                        0x000
00:00:07.643029 Ext Features
00:00:07.643029   Mnemonic - Description                                  = Guest (Host)
00:00:07.643030   FPU - x87 FPU on Chip                                   = 0 (0)
00:00:07.643031   VME - Virtual 8086 Mode Enhancements                    = 0 (0)
00:00:07.643032   DE - Debugging extensions                               = 0 (0)
00:00:07.643033   PSE - Page Size Extension                               = 0 (0)
00:00:07.643034   TSC - Time Stamp Counter                                = 0 (0)
00:00:07.643036   MSR - K86 Model Specific Registers                      = 0 (0)
00:00:07.643037   PAE - Physical Address Extension                        = 0 (0)
00:00:07.643038   MCE - Machine Check Exception                           = 0 (0)
00:00:07.643038   CX8 - CMPXCHG8B instruction                             = 0 (0)
00:00:07.643039   APIC - APIC On-Chip                                     = 0 (0)
00:00:07.643040   SEP - SYSCALL/SYSRET                                    = 1 (1)
00:00:07.643041   MTRR - Memory Type Range Registers                      = 0 (0)
00:00:07.643041   PGE - PTE Global Bit                                    = 0 (0)
00:00:07.643042   MCA - Machine Check Architecture                        = 0 (0)
00:00:07.643043   CMOV - Conditional Move instructions                    = 0 (0)
00:00:07.643044   PAT - Page Attribute Table                              = 0 (0)
00:00:07.643044   PSE-36 - 36-bit Page Size Extension                     = 0 (0)
00:00:07.643045   NX - No-Execute/Execute-Disable                         = 1 (1)
00:00:07.643046   AXMMX - AMD Extensions to MMX instructions              = 0 (0)
00:00:07.643047   MMX - Intel MMX Technology                              = 0 (0)
00:00:07.643047   FXSR - FXSAVE and FXRSTOR Instructions                  = 0 (0)
00:00:07.643048   FFXSR - AMD fast FXSAVE and FXRSTOR instructions        = 0 (0)
00:00:07.643049   Page1GB - 1 GB large page                               = 0 (1)
00:00:07.643049   RDTSCP - RDTSCP instruction                             = 1 (1)
00:00:07.643051   LM - AMD64 Long Mode                                    = 1 (1)
00:00:07.643052   3DNOWEXT - AMD Extensions to 3DNow                      = 0 (0)
00:00:07.643053   3DNOW - AMD 3DNow                                       = 0 (0)
00:00:07.643055   LahfSahf - LAHF/SAHF support in 64-bit mode             = 1 (1)
00:00:07.643055   CmpLegacy - Core multi-processing legacy mode           = 0 (0)
00:00:07.643056   SVM - AMD Secure Virtual Machine extensions             = 0 (0)
00:00:07.643057   EXTAPIC - AMD Extended APIC registers                   = 0 (0)
00:00:07.643058   CR8L - AMD LOCK MOV CR0 means MOV CR8                   = 0 (0)
00:00:07.643059   ABM - AMD Advanced Bit Manipulation                     = 1 (1)
00:00:07.643060   SSE4A - SSE4A instructions                              = 0 (0)
00:00:07.643061   MISALIGNSSE - AMD Misaligned SSE mode                   = 0 (0)
00:00:07.643062   3DNOWPRF - AMD PREFETCH and PREFETCHW instructions      = 1 (1)
00:00:07.643063   OSVW - AMD OS Visible Workaround                        = 0 (0)
00:00:07.643064   IBS - Instruct Based Sampling                           = 0 (0)
00:00:07.643065   XOP - Extended Operation support                        = 0 (0)
00:00:07.643066   SKINIT - SKINIT, STGI, and DEV support                  = 0 (0)
00:00:07.643067   WDT - AMD Watchdog Timer support                        = 0 (0)
00:00:07.643068   LWP - Lightweight Profiling support                     = 0 (0)
00:00:07.643069   FMA4 - Four operand FMA instruction support             = 0 (0)
00:00:07.643071   TCE - Translation Cache Extension support               = 0 (0)
00:00:07.643071   NodeId - NodeId in MSR C001_100C                        = 0 (0)
00:00:07.643072   TBM - Trailing Bit Manipulation instructions            = 0 (0)
00:00:07.643073   TOPOEXT - Topology Extensions                           = 0 (0)
00:00:07.643074   PRFEXTCORE - Performance Counter Extensions support     = 0 (0)
00:00:07.643075   PRFEXTNB - NB Performance Counter Extensions support    = 0 (0)
00:00:07.643076   DATABPEXT - Data-access Breakpoint Extension            = 0 (0)
00:00:07.643076   PERFTSC - Performance Time Stamp Counter                = 0 (0)
00:00:07.643077   PCX_L2I - L2I/L3 Performance Counter Extensions         = 0 (0)
00:00:07.643078   MONITORX - MWAITX and MONITORX instructions             = 0 (0)
00:00:07.643079   AddrMaskExt - BP Addressing masking extended to bit 31  = 0 (0)
00:00:07.643080 Full Name:                       "11th Gen Intel(R) Core(TM) i5-1135G7 @ 2.40GHz"
00:00:07.643081 TLB 2/4M Instr/Uni:              res0     0 entries
00:00:07.643081 TLB 2/4M Data:                   res0     0 entries
00:00:07.643082 TLB 4K Instr/Uni:                res0     0 entries
00:00:07.643082 TLB 4K Data:                     res0     0 entries
00:00:07.643083 L1 Instr Cache Line Size:        0 bytes
00:00:07.643083 L1 Instr Cache Lines Per Tag:    0
00:00:07.643084 L1 Instr Cache Associativity:    res0  
00:00:07.643084 L1 Instr Cache Size:             0 KB
00:00:07.643084 L1 Data Cache Line Size:         0 bytes
00:00:07.643085 L1 Data Cache Lines Per Tag:     0
00:00:07.643085 L1 Data Cache Associativity:     res0  
00:00:07.643086 L1 Data Cache Size:              0 KB
00:00:07.643086 L2 TLB 2/4M Instr/Uni:           off       0 entries
00:00:07.643086 L2 TLB 2/4M Data:                off       0 entries
00:00:07.643087 L2 TLB 4K Instr/Uni:             off       0 entries
00:00:07.643087 L2 TLB 4K Data:                  off       0 entries
00:00:07.643088 L2 Cache Line Size:              64 bytes
00:00:07.643088 L2 Cache Lines Per Tag:          0
00:00:07.643088 L2 Cache Associativity:          res7  
00:00:07.643089 L2 Cache Size:                   256 KB
00:00:07.643089 L3 Cache Line Size:              0 bytes
00:00:07.643090 L3 Cache Lines Per Tag:          0
00:00:07.643090 L3 Cache Associativity:          off   
00:00:07.643090 L3 Cache Size:                   0 KB
00:00:07.643091 APM Features EDX
00:00:07.643091   Mnemonic - Description                                  = Guest (Host)
00:00:07.643095   TS - Temperature Sensor                                 = 0 (0)
00:00:07.643097   FID - Frequency ID control                              = 0 (0)
00:00:07.643098   VID - Voltage ID control                                = 0 (0)
00:00:07.643099   TTP - Thermal Trip                                      = 0 (0)
00:00:07.643100   TM - Hardware Thermal Control (HTC)                     = 0 (0)
00:00:07.643101   100MHzSteps - 100 MHz Multiplier control                = 0 (0)
00:00:07.643102   HwPstate - Hardware P-state control                     = 0 (0)
00:00:07.643103   TscInvariant - Invariant Time Stamp Counter             = 1 (1)
00:00:07.643104   CPB - Core Performance Boost                            = 0 (0)
00:00:07.643105   EffFreqRO - Read-only Effective Frequency Interface     = 0 (0)
00:00:07.643106   ProcFdbkIf - Processor Feedback Interface               = 0 (0)
00:00:07.643107   ProcPwrRep - Core power reporting interface support     = 0 (0)
00:00:07.643108   ConnectedStandby - Connected Standby                    = 0 (0)
00:00:07.643109   RAPL - Running average power limit                      = 0 (0)
00:00:07.643110 Physical Address Width:          39 bits
00:00:07.643111 Virtual Address Width:           48 bits
00:00:07.643114 Max page count for INVLPGB:      0x3027
00:00:07.643115 Max ECX for RDPRU:               0x0
00:00:07.643117 ********************* End of CPUID dump *********************
00:00:07.643121 *********************** VT-x features ***********************
00:00:07.643126 Nested hardware virtualization - VMX features
00:00:07.643126   Mnemonic - Description                                  = guest (host)
00:00:07.643126   VMX - Virtual-Machine Extensions                        = 0 (1)
00:00:07.643127   InsOutInfo - INS/OUTS instruction info.                 = 0 (1)
00:00:07.643127   ExtIntExit - External interrupt exiting                 = 0 (1)
00:00:07.643128   NmiExit - NMI exiting                                   = 0 (1)
00:00:07.643128   VirtNmi - Virtual NMIs                                  = 0 (1)
00:00:07.643129   PreemptTimer - VMX preemption timer                     = 0 (1)
00:00:07.643129   PostedInt - Posted interrupts                           = 0 (1)
00:00:07.643129   IntWindowExit - Interrupt-window exiting                = 0 (1)
00:00:07.643130   TscOffsetting - TSC offsetting                          = 0 (1)
00:00:07.643130   HltExit - HLT exiting                                   = 0 (1)
00:00:07.643130   InvlpgExit - INVLPG exiting                             = 0 (1)
00:00:07.643131   MwaitExit - MWAIT exiting                               = 0 (1)
00:00:07.643131   RdpmcExit - RDPMC exiting                               = 0 (1)
00:00:07.643131   RdtscExit - RDTSC exiting                               = 0 (1)
00:00:07.643132   Cr3LoadExit - CR3-load exiting                          = 0 (1)
00:00:07.643132   Cr3StoreExit - CR3-store exiting                        = 0 (1)
00:00:07.643132   TertiaryExecCtls - Activate tertiary controls           = 0 (1)
00:00:07.643133   Cr8LoadExit  - CR8-load exiting                         = 0 (1)
00:00:07.643133   Cr8StoreExit - CR8-store exiting                        = 0 (1)
00:00:07.643134   UseTprShadow - Use TPR shadow                           = 0 (1)
00:00:07.643134   NmiWindowExit - NMI-window exiting                      = 0 (1)
00:00:07.643134   MovDRxExit - Mov-DR exiting                             = 0 (1)
00:00:07.643135   UncondIoExit - Unconditional I/O exiting                = 0 (1)
00:00:07.643135   UseIoBitmaps - Use I/O bitmaps                          = 0 (1)
00:00:07.643135   MonitorTrapFlag - Monitor Trap Flag                     = 0 (1)
00:00:07.643136   UseMsrBitmaps - MSR bitmaps                             = 0 (1)
00:00:07.643136   MonitorExit - MONITOR exiting                           = 0 (1)
00:00:07.643136   PauseExit - PAUSE exiting                               = 0 (1)
00:00:07.643137   SecondaryExecCtl - Activate secondary controls          = 0 (1)
00:00:07.643137   VirtApic - Virtualize-APIC accesses                     = 0 (1)
00:00:07.643137   Ept - Extended Page Tables                              = 0 (1)
00:00:07.643138   DescTableExit - Descriptor-table exiting                = 0 (1)
00:00:07.643138   Rdtscp - Enable RDTSCP                                  = 0 (1)
00:00:07.643138   VirtX2ApicMode - Virtualize-x2APIC mode                 = 0 (1)
00:00:07.643139   Vpid - Enable VPID                                      = 0 (1)
00:00:07.643139   WbinvdExit - WBINVD exiting                             = 0 (1)
00:00:07.643140   UnrestrictedGuest - Unrestricted guest                  = 0 (1)
00:00:07.643140   ApicRegVirt - APIC-register virtualization              = 0 (1)
00:00:07.643140   VirtIntDelivery - Virtual-interrupt delivery            = 0 (1)
00:00:07.643141   PauseLoopExit - PAUSE-loop exiting                      = 0 (1)
00:00:07.643141   RdrandExit - RDRAND exiting                             = 0 (1)
00:00:07.643141   Invpcid - Enable INVPCID                                = 0 (1)
00:00:07.643142   VmFuncs - Enable VM Functions                           = 0 (1)
00:00:07.643142   VmcsShadowing - VMCS shadowing                          = 0 (0)
00:00:07.643142   RdseedExiting - RDSEED exiting                          = 0 (1)
00:00:07.643143   PML - Page-Modification Log                             = 0 (1)
00:00:07.643145   EptVe - EPT violations can cause #VE                    = 0 (1)
00:00:07.643145   ConcealVmxFromPt - Conceal VMX from Processor Trace     = 0 (1)
00:00:07.643146   XsavesXRstors - Enable XSAVES/XRSTORS                   = 0 (1)
00:00:07.643146   PasidTranslate - PASID translation                      = 0 (0)
00:00:07.643147   ModeBasedExecuteEpt - Mode-based execute permissions    = 0 (1)
00:00:07.643147   SppEpt - Sub-page page write permissions for EPT        = 0 (0)
00:00:07.643147   PtEpt - Processor Trace address' translatable by EPT    = 0 (1)
00:00:07.643148   UseTscScaling - Use TSC scaling                         = 0 (1)
00:00:07.643148   UserWaitPause - Enable TPAUSE, UMONITOR and UMWAIT      = 0 (0)
00:00:07.643149   Pconfig - Enable PCONFIG                                = 0 (0)
00:00:07.643149   EnclvExit - ENCLV exiting                               = 0 (0)
00:00:07.643150   BusLockDetect - VMM Bus-Lock detection                  = 0 (0)
00:00:07.643150   InstrTimeout - Instruction timeout                      = 0 (0)
00:00:07.643151   LoadIwKeyExit - LOADIWKEY exiting                       = 0 (1)
00:00:07.643151   HLAT - Hypervisor-managed linear-address translation    = 0 (0)
00:00:07.643152   EptPagingWrite - EPT paging-write                       = 0 (0)
00:00:07.643152   GstPagingVerify - Guest-paging verification             = 0 (0)
00:00:07.643153   IpiVirt - IPI virtualization                            = 0 (0)
00:00:07.643154   VirtSpecCtrl - Virtualize IA32_SPEC_CTRL                = 0 (0)
00:00:07.643154   EntryLoadDebugCtls - Load debug controls on VM-entry    = 0 (1)
00:00:07.643155   Ia32eModeGuest - IA-32e mode guest                      = 0 (1)
00:00:07.643155   EntryLoadEferMsr - Load IA32_EFER MSR on VM-entry       = 0 (1)
00:00:07.643156   EntryLoadPatMsr - Load IA32_PAT MSR on VM-entry         = 0 (1)
00:00:07.643156   ExitSaveDebugCtls - Save debug controls on VM-exit      = 0 (1)
00:00:07.643157   HostAddrSpaceSize - Host address-space size             = 0 (1)
00:00:07.643157   ExitAckExtInt - Acknowledge interrupt on VM-exit        = 0 (1)
00:00:07.643158   ExitSavePatMsr - Save IA32_PAT MSR on VM-exit           = 0 (1)
00:00:07.643158   ExitLoadPatMsr - Load IA32_PAT MSR on VM-exit           = 0 (1)
00:00:07.643159   ExitSaveEferMsr - Save IA32_EFER MSR on VM-exit         = 0 (1)
00:00:07.643159   ExitLoadEferMsr - Load IA32_EFER MSR on VM-exit         = 0 (1)
00:00:07.643160   SavePreemptTimer - Save VMX-preemption timer            = 0 (1)
00:00:07.643160   SecondaryExitCtls - Secondary VM-exit controls          = 0 (0)
00:00:07.643161   ExitSaveEferLma - Save IA32_EFER.LMA on VM-exit         = 0 (1)
00:00:07.643162   IntelPt - Intel Processor Trace in VMX operation        = 0 (1)
00:00:07.643162   VmwriteAll - VMWRITE to any supported VMCS field        = 0 (1)
00:00:07.643163   EntryInjectSoftInt - Inject softint. with 0-len instr.  = 0 (1)
00:00:07.643164 
00:00:07.643164 ******************* End of VT-x features ********************
00:00:07.643248 VMEmt: Halt method global1 (5)
00:00:07.643358 VMEmt: HaltedGlobal1 config: cNsSpinBlockThresholdCfg=50000
00:00:07.643378 Changing the VM state from 'CREATING' to 'CREATED'
00:00:07.644919 Changing the VM state from 'CREATED' to 'POWERING_ON'
00:00:07.645067 VMSVGA3d: cap[0]=0x00000000 {3D}
00:00:07.645072 VMSVGA3d: cap[1]=0x00000000 {MAX_LIGHTS}
00:00:07.645073 VMSVGA3d: cap[2]=0x00000000 {MAX_TEXTURES}
00:00:07.645074 VMSVGA3d: cap[3]=0x00000000 {MAX_CLIP_PLANES}
00:00:07.645074 VMSVGA3d: cap[4]=0x00000000 {VERTEX_SHADER_VERSION}
00:00:07.645075 VMSVGA3d: cap[5]=0x00000000 {VERTEX_SHADER}
00:00:07.645075 VMSVGA3d: cap[6]=0x00000000 {FRAGMENT_SHADER_VERSION}
00:00:07.645076 VMSVGA3d: cap[7]=0x00000000 {FRAGMENT_SHADER}
00:00:07.645076 VMSVGA3d: cap[8]=0x00000000 {MAX_RENDER_TARGETS}
00:00:07.645077 VMSVGA3d: cap[9]=0x00000000 {S23E8_TEXTURES}
00:00:07.645078 VMSVGA3d: cap[10]=0x00000000 {S10E5_TEXTURES}
00:00:07.645078 VMSVGA3d: cap[11]=0x00000000 {MAX_FIXED_VERTEXBLEND}
00:00:07.645079 VMSVGA3d: cap[12]=0x00000000 {D16_BUFFER_FORMAT}
00:00:07.645079 VMSVGA3d: cap[13]=0x00000000 {D24S8_BUFFER_FORMAT}
00:00:07.645080 VMSVGA3d: cap[14]=0x00000000 {D24X8_BUFFER_FORMAT}
00:00:07.645081 VMSVGA3d: cap[15]=0x00000000 {QUERY_TYPES}
00:00:07.645081 VMSVGA3d: cap[16]=0x00000000 {TEXTURE_GRADIENT_SAMPLING}
00:00:07.645082 VMSVGA3d: cap[17]=0.000000 {MAX_POINT_SIZE}
00:00:07.645083 VMSVGA3d: cap[18]=0x00000000 {MAX_SHADER_TEXTURES}
00:00:07.645084 VMSVGA3d: cap[19]=0x00004000 {MAX_TEXTURE_WIDTH}
00:00:07.645084 VMSVGA3d: cap[20]=0x00004000 {MAX_TEXTURE_HEIGHT}
00:00:07.645085 VMSVGA3d: cap[21]=0x00000000 {MAX_VOLUME_EXTENT}
00:00:07.645086 VMSVGA3d: cap[22]=0x00000000 {MAX_TEXTURE_REPEAT}
00:00:07.645086 VMSVGA3d: cap[23]=0x00000000 {MAX_TEXTURE_ASPECT_RATIO}
00:00:07.645087 VMSVGA3d: cap[24]=0x00000000 {MAX_TEXTURE_ANISOTROPY}
00:00:07.645087 VMSVGA3d: cap[25]=0x00000000 {MAX_PRIMITIVE_COUNT}
00:00:07.645088 VMSVGA3d: cap[26]=0x00000000 {MAX_VERTEX_INDEX}
00:00:07.645089 VMSVGA3d: cap[27]=0x00000000 {MAX_VERTEX_SHADER_INSTRUCTIONS}
00:00:07.645089 VMSVGA3d: cap[28]=0x00000000 {MAX_FRAGMENT_SHADER_INSTRUCTIONS}
00:00:07.645090 VMSVGA3d: cap[29]=0x00000000 {MAX_VERTEX_SHADER_TEMPS}
00:00:07.645091 VMSVGA3d: cap[30]=0x00000000 {MAX_FRAGMENT_SHADER_TEMPS}
00:00:07.645091 VMSVGA3d: cap[31]=0x00000000 {TEXTURE_OPS}
00:00:07.645092 VMSVGA3d: cap[32]=0x00000000 {SURFACEFMT_X8R8G8B8}
00:00:07.645093 VMSVGA3d: cap[33]=0x00000000 {SURFACEFMT_A8R8G8B8}
00:00:07.645093 VMSVGA3d: cap[34]=0x00000000 {SURFACEFMT_A2R10G10B10}
00:00:07.645094 VMSVGA3d: cap[35]=0x00000000 {SURFACEFMT_X1R5G5B5}
00:00:07.645095 VMSVGA3d: cap[36]=0x00000000 {SURFACEFMT_A1R5G5B5}
00:00:07.645095 VMSVGA3d: cap[37]=0x00000000 {SURFACEFMT_A4R4G4B4}
00:00:07.645096 VMSVGA3d: cap[38]=0x00000000 {SURFACEFMT_R5G6B5}
00:00:07.645096 VMSVGA3d: cap[39]=0x00000000 {SURFACEFMT_LUMINANCE16}
00:00:07.645097 VMSVGA3d: cap[40]=0x00000000 {SURFACEFMT_LUMINANCE8_ALPHA8}
00:00:07.645098 VMSVGA3d: cap[41]=0x00000000 {SURFACEFMT_ALPHA8}
00:00:07.645098 VMSVGA3d: cap[42]=0x00000000 {SURFACEFMT_LUMINANCE8}
00:00:07.645099 VMSVGA3d: cap[43]=0x00000000 {SURFACEFMT_Z_D16}
00:00:07.645100 VMSVGA3d: cap[44]=0x00000000 {SURFACEFMT_Z_D24S8}
00:00:07.645103 VMSVGA3d: cap[45]=0x00000000 {SURFACEFMT_Z_D24X8}
00:00:07.645104 VMSVGA3d: cap[46]=0x00000000 {SURFACEFMT_DXT1}
00:00:07.645104 VMSVGA3d: cap[47]=0x00000000 {SURFACEFMT_DXT2}
00:00:07.645105 VMSVGA3d: cap[48]=0x00000000 {SURFACEFMT_DXT3}
00:00:07.645105 VMSVGA3d: cap[49]=0x00000000 {SURFACEFMT_DXT4}
00:00:07.645106 VMSVGA3d: cap[50]=0x00000000 {SURFACEFMT_DXT5}
00:00:07.645107 VMSVGA3d: cap[51]=0x00000000 {SURFACEFMT_BUMPX8L8V8U8}
00:00:07.645107 VMSVGA3d: cap[52]=0x00000000 {SURFACEFMT_A2W10V10U10}
00:00:07.645108 VMSVGA3d: cap[53]=0x00000000 {SURFACEFMT_BUMPU8V8}
00:00:07.645109 VMSVGA3d: cap[54]=0x00000000 {SURFACEFMT_Q8W8V8U8}
00:00:07.645109 VMSVGA3d: cap[55]=0x00000000 {SURFACEFMT_CxV8U8}
00:00:07.645110 VMSVGA3d: cap[56]=0x00000000 {SURFACEFMT_R_S10E5}
00:00:07.645110 VMSVGA3d: cap[57]=0x00000000 {SURFACEFMT_R_S23E8}
00:00:07.645111 VMSVGA3d: cap[58]=0x00000000 {SURFACEFMT_RG_S10E5}
00:00:07.645112 VMSVGA3d: cap[59]=0x00000000 {SURFACEFMT_RG_S23E8}
00:00:07.645112 VMSVGA3d: cap[60]=0x00000000 {SURFACEFMT_ARGB_S10E5}
00:00:07.645113 VMSVGA3d: cap[61]=0x00000000 {SURFACEFMT_ARGB_S23E8}
00:00:07.645113 VMSVGA3d: cap[62]=0x00000000 {MISSING62}
00:00:07.645114 VMSVGA3d: cap[63]=0x00000000 {MAX_VERTEX_SHADER_TEXTURES}
00:00:07.645115 VMSVGA3d: cap[64]=0x00000000 {MAX_SIMULTANEOUS_RENDER_TARGETS}
00:00:07.645115 VMSVGA3d: cap[65]=0x00000000 {SURFACEFMT_V16U16}
00:00:07.645116 VMSVGA3d: cap[66]=0x00000000 {SURFACEFMT_G16R16}
00:00:07.645116 VMSVGA3d: cap[67]=0x00000000 {SURFACEFMT_A16B16G16R16}
00:00:07.645117 VMSVGA3d: cap[68]=0x00000000 {SURFACEFMT_UYVY}
00:00:07.645118 VMSVGA3d: cap[69]=0x00000000 {SURFACEFMT_YUY2}
00:00:07.645118 VMSVGA3d: cap[70]=0x00000000 {DEAD4}
00:00:07.645119 VMSVGA3d: cap[71]=0x00000000 {DEAD5}
00:00:07.645119 VMSVGA3d: cap[72]=0x00000000 {DEAD7}
00:00:07.645120 VMSVGA3d: cap[73]=0x00000000 {DEAD6}
00:00:07.645121 VMSVGA3d: cap[74]=0x00000000 {AUTOGENMIPMAPS}
00:00:07.645121 VMSVGA3d: cap[75]=0x00000000 {SURFACEFMT_NV12}
00:00:07.645122 VMSVGA3d: cap[76]=0x00000000 {DEAD10}
00:00:07.645122 VMSVGA3d: cap[77]=0x00000000 {MAX_CONTEXT_IDS}
00:00:07.645123 VMSVGA3d: cap[78]=0x00000000 {MAX_SURFACE_IDS}
00:00:07.645123 VMSVGA3d: cap[79]=0x00000000 {SURFACEFMT_Z_DF16}
00:00:07.645124 VMSVGA3d: cap[80]=0x00000000 {SURFACEFMT_Z_DF24}
00:00:07.645124 VMSVGA3d: cap[81]=0x00000000 {SURFACEFMT_Z_D24S8_INT}
00:00:07.645125 VMSVGA3d: cap[82]=0x00000000 {SURFACEFMT_ATI1}
00:00:07.645126 VMSVGA3d: cap[83]=0x00000000 {SURFACEFMT_ATI2}
00:00:07.645126 VMSVGA3d: cap[84]=0x00000000 {DEAD1}
00:00:07.645127 VMSVGA3d: cap[85]=0x00000000 {DEAD8}
00:00:07.645128 VMSVGA3d: cap[86]=0x00000000 {DEAD9}
00:00:07.645128 VMSVGA3d: cap[87]=0x00000000 {LINE_AA}
00:00:07.645129 VMSVGA3d: cap[88]=0x00000000 {LINE_STIPPLE}
00:00:07.645129 VMSVGA3d: cap[89]=0.000000 {MAX_LINE_WIDTH}
00:00:07.645130 VMSVGA3d: cap[90]=0.000000 {MAX_AA_LINE_WIDTH}
00:00:07.645131 VMSVGA3d: cap[91]=0x00000000 {SURFACEFMT_YV12}
00:00:07.645131 VMSVGA3d: cap[92]=0x00000000 {DEAD3}
00:00:07.645132 VMSVGA3d: cap[93]=0x00000000 {TS_COLOR_KEY}
00:00:07.645132 VMSVGA3d: cap[94]=0x00000000 {DEAD2}
00:00:07.645132 VMSVGA3d: cap[95]=0x00000000 {DXCONTEXT}
00:00:07.645133 VMSVGA3d: cap[96]=0x00000000 {DEAD11}
00:00:07.645133 VMSVGA3d: cap[97]=0x00000000 {DX_MAX_VERTEXBUFFERS}
00:00:07.645133 VMSVGA3d: cap[98]=0x00000000 {DX_MAX_CONSTANT_BUFFERS}
00:00:07.645134 VMSVGA3d: cap[99]=0x00000000 {DX_PROVOKING_VERTEX}
00:00:07.645134 VMSVGA3d: cap[100]=0x00000005 {DXFMT_X8R8G8B8}
00:00:07.645135 VMSVGA3d: cap[101]=0x00000000 {DXFMT_A8R8G8B8}
00:00:07.645135 VMSVGA3d: cap[102]=0x00000000 {DXFMT_R5G6B5}
00:00:07.645135 VMSVGA3d: cap[103]=0x00000000 {DXFMT_X1R5G5B5}
00:00:07.645136 VMSVGA3d: cap[104]=0x00000000 {DXFMT_A1R5G5B5}
00:00:07.645136 VMSVGA3d: cap[105]=0x00000000 {DXFMT_A4R4G4B4}
00:00:07.645136 VMSVGA3d: cap[106]=0x00000000 {DXFMT_Z_D32}
00:00:07.645137 VMSVGA3d: cap[107]=0x00000000 {DXFMT_Z_D16}
00:00:07.645137 VMSVGA3d: cap[108]=0x00000000 {DXFMT_Z_D24S8}
00:00:07.645137 VMSVGA3d: cap[109]=0x00000000 {DXFMT_Z_D15S1}
00:00:07.645138 VMSVGA3d: cap[110]=0x00000000 {DXFMT_LUMINANCE8}
00:00:07.645138 VMSVGA3d: cap[111]=0x00000000 {DXFMT_LUMINANCE4_ALPHA4}
00:00:07.645139 VMSVGA3d: cap[112]=0x00000000 {DXFMT_LUMINANCE16}
00:00:07.645139 VMSVGA3d: cap[113]=0x00000000 {DXFMT_LUMINANCE8_ALPHA8}
00:00:07.645139 VMSVGA3d: cap[114]=0x00000000 {DXFMT_DXT1}
00:00:07.645140 VMSVGA3d: cap[115]=0x00000000 {DXFMT_DXT2}
00:00:07.645140 VMSVGA3d: cap[116]=0x00000000 {DXFMT_DXT3}
00:00:07.645140 VMSVGA3d: cap[117]=0x00000000 {DXFMT_DXT4}
00:00:07.645141 VMSVGA3d: cap[118]=0x00000000 {DXFMT_DXT5}
00:00:07.645141 VMSVGA3d: cap[119]=0x00000000 {DXFMT_BUMPU8V8}
00:00:07.645141 VMSVGA3d: cap[120]=0x00000000 {DXFMT_BUMPL6V5U5}
00:00:07.645142 VMSVGA3d: cap[121]=0x00000000 {DXFMT_BUMPX8L8V8U8}
00:00:07.645142 VMSVGA3d: cap[122]=0x00000000 {DXFMT_FORMAT_DEAD1}
00:00:07.645142 VMSVGA3d: cap[123]=0x00000000 {DXFMT_ARGB_S10E5}
00:00:07.645143 VMSVGA3d: cap[124]=0x00000000 {DXFMT_ARGB_S23E8}
00:00:07.645143 VMSVGA3d: cap[125]=0x00000000 {DXFMT_A2R10G10B10}
00:00:07.645144 VMSVGA3d: cap[126]=0x00000000 {DXFMT_V8U8}
00:00:07.645144 VMSVGA3d: cap[127]=0x00000000 {DXFMT_Q8W8V8U8}
00:00:07.645144 VMSVGA3d: cap[128]=0x00000000 {DXFMT_CxV8U8}
00:00:07.645145 VMSVGA3d: cap[129]=0x00000000 {DXFMT_X8L8V8U8}
00:00:07.645145 VMSVGA3d: cap[130]=0x00000000 {DXFMT_A2W10V10U10}
00:00:07.645145 VMSVGA3d: cap[131]=0x00000000 {DXFMT_ALPHA8}
00:00:07.645146 VMSVGA3d: cap[132]=0x00000000 {DXFMT_R_S10E5}
00:00:07.645146 VMSVGA3d: cap[133]=0x00000000 {DXFMT_R_S23E8}
00:00:07.645147 VMSVGA3d: cap[134]=0x00000000 {DXFMT_RG_S10E5}
00:00:07.645147 VMSVGA3d: cap[135]=0x00000000 {DXFMT_RG_S23E8}
00:00:07.645147 VMSVGA3d: cap[136]=0x00000000 {DXFMT_BUFFER}
00:00:07.645148 VMSVGA3d: cap[137]=0x00000000 {DXFMT_Z_D24X8}
00:00:07.645148 VMSVGA3d: cap[138]=0x00000000 {DXFMT_V16U16}
00:00:07.645148 VMSVGA3d: cap[139]=0x00000000 {DXFMT_G16R16}
00:00:07.645149 VMSVGA3d: cap[140]=0x00000000 {DXFMT_A16B16G16R16}
00:00:07.645149 VMSVGA3d: cap[141]=0x00000000 {DXFMT_UYVY}
00:00:07.645149 VMSVGA3d: cap[142]=0x00000000 {DXFMT_YUY2}
00:00:07.645150 VMSVGA3d: cap[143]=0x00000000 {DXFMT_NV12}
00:00:07.645150 VMSVGA3d: cap[144]=0x00000000 {DXFMT_FORMAT_DEAD2}
00:00:07.645150 VMSVGA3d: cap[145]=0x00000000 {DXFMT_R32G32B32A32_TYPELESS}
00:00:07.645151 VMSVGA3d: cap[146]=0x00000000 {DXFMT_R32G32B32A32_UINT}
00:00:07.645151 VMSVGA3d: cap[147]=0x00000000 {DXFMT_R32G32B32A32_SINT}
00:00:07.645152 VMSVGA3d: cap[148]=0x00000000 {DXFMT_R32G32B32_TYPELESS}
00:00:07.645152 VMSVGA3d: cap[149]=0x00000000 {DXFMT_R32G32B32_FLOAT}
00:00:07.645152 VMSVGA3d: cap[150]=0x00000000 {DXFMT_R32G32B32_UINT}
00:00:07.645153 VMSVGA3d: cap[151]=0x00000000 {DXFMT_R32G32B32_SINT}
00:00:07.645153 VMSVGA3d: cap[152]=0x00000000 {DXFMT_R16G16B16A16_TYPELESS}
00:00:07.645153 VMSVGA3d: cap[153]=0x00000000 {DXFMT_R16G16B16A16_UINT}
00:00:07.645154 VMSVGA3d: cap[154]=0x00000000 {DXFMT_R16G16B16A16_SNORM}
00:00:07.645154 VMSVGA3d: cap[155]=0x00000000 {DXFMT_R16G16B16A16_SINT}
00:00:07.645155 VMSVGA3d: cap[156]=0x00000000 {DXFMT_R32G32_TYPELESS}
00:00:07.645155 VMSVGA3d: cap[157]=0x00000000 {DXFMT_R32G32_UINT}
00:00:07.645155 VMSVGA3d: cap[158]=0x00000000 {DXFMT_R32G32_SINT}
00:00:07.645156 VMSVGA3d: cap[159]=0x00000000 {DXFMT_R32G8X24_TYPELESS}
00:00:07.645156 VMSVGA3d: cap[160]=0x00000000 {DXFMT_D32_FLOAT_S8X24_UINT}
00:00:07.645156 VMSVGA3d: cap[161]=0x00000000 {DXFMT_R32_FLOAT_X8X24}
00:00:07.645157 VMSVGA3d: cap[162]=0x00000000 {DXFMT_X32_G8X24_UINT}
00:00:07.645157 VMSVGA3d: cap[163]=0x00000000 {DXFMT_R10G10B10A2_TYPELESS}
00:00:07.645160 VMSVGA3d: cap[164]=0x00000000 {DXFMT_R10G10B10A2_UINT}
00:00:07.645160 VMSVGA3d: cap[165]=0x00000000 {DXFMT_R11G11B10_FLOAT}
00:00:07.645160 VMSVGA3d: cap[166]=0x00000000 {DXFMT_R8G8B8A8_TYPELESS}
00:00:07.645161 VMSVGA3d: cap[167]=0x00000000 {DXFMT_R8G8B8A8_UNORM}
00:00:07.645161 VMSVGA3d: cap[168]=0x00000000 {DXFMT_R8G8B8A8_UNORM_SRGB}
00:00:07.645162 VMSVGA3d: cap[169]=0x00000000 {DXFMT_R8G8B8A8_UINT}
00:00:07.645162 VMSVGA3d: cap[170]=0x00000000 {DXFMT_R8G8B8A8_SINT}
00:00:07.645162 VMSVGA3d: cap[171]=0x00000000 {DXFMT_R16G16_TYPELESS}
00:00:07.645163 VMSVGA3d: cap[172]=0x00000000 {DXFMT_R16G16_UINT}
00:00:07.645163 VMSVGA3d: cap[173]=0x00000000 {DXFMT_R16G16_SINT}
00:00:07.645163 VMSVGA3d: cap[174]=0x00000000 {DXFMT_R32_TYPELESS}
00:00:07.645164 VMSVGA3d: cap[175]=0x00000000 {DXFMT_D32_FLOAT}
00:00:07.645164 VMSVGA3d: cap[176]=0x00000000 {DXFMT_R32_UINT}
00:00:07.645164 VMSVGA3d: cap[177]=0x00000000 {DXFMT_R32_SINT}
00:00:07.645165 VMSVGA3d: cap[178]=0x00000000 {DXFMT_R24G8_TYPELESS}
00:00:07.645165 VMSVGA3d: cap[179]=0x00000000 {DXFMT_D24_UNORM_S8_UINT}
00:00:07.645166 VMSVGA3d: cap[180]=0x00000000 {DXFMT_R24_UNORM_X8}
00:00:07.645166 VMSVGA3d: cap[181]=0x00000000 {DXFMT_X24_G8_UINT}
00:00:07.645166 VMSVGA3d: cap[182]=0x00000000 {DXFMT_R8G8_TYPELESS}
00:00:07.645167 VMSVGA3d: cap[183]=0x00000000 {DXFMT_R8G8_UNORM}
00:00:07.645167 VMSVGA3d: cap[184]=0x00000000 {DXFMT_R8G8_UINT}
00:00:07.645167 VMSVGA3d: cap[185]=0x00000000 {DXFMT_R8G8_SINT}
00:00:07.645168 VMSVGA3d: cap[186]=0x00000000 {DXFMT_R16_TYPELESS}
00:00:07.645168 VMSVGA3d: cap[187]=0x00000000 {DXFMT_R16_UNORM}
00:00:07.645168 VMSVGA3d: cap[188]=0x00000000 {DXFMT_R16_UINT}
00:00:07.645169 VMSVGA3d: cap[189]=0x00000000 {DXFMT_R16_SNORM}
00:00:07.645169 VMSVGA3d: cap[190]=0x00000000 {DXFMT_R16_SINT}
00:00:07.645170 VMSVGA3d: cap[191]=0x00000000 {DXFMT_R8_TYPELESS}
00:00:07.645170 VMSVGA3d: cap[192]=0x00000000 {DXFMT_R8_UNORM}
00:00:07.645170 VMSVGA3d: cap[193]=0x00000000 {DXFMT_R8_UINT}
00:00:07.645171 VMSVGA3d: cap[194]=0x00000000 {DXFMT_R8_SNORM}
00:00:07.645171 VMSVGA3d: cap[195]=0x00000000 {DXFMT_R8_SINT}
00:00:07.645171 VMSVGA3d: cap[196]=0x00000000 {DXFMT_P8}
00:00:07.645172 VMSVGA3d: cap[197]=0x00000000 {DXFMT_R9G9B9E5_SHAREDEXP}
00:00:07.645172 VMSVGA3d: cap[198]=0x00000000 {DXFMT_R8G8_B8G8_UNORM}
00:00:07.645172 VMSVGA3d: cap[199]=0x00000000 {DXFMT_G8R8_G8B8_UNORM}
00:00:07.645173 VMSVGA3d: cap[200]=0x00000000 {DXFMT_BC1_TYPELESS}
00:00:07.645173 VMSVGA3d: cap[201]=0x00000000 {DXFMT_BC1_UNORM_SRGB}
00:00:07.645174 VMSVGA3d: cap[202]=0x00000000 {DXFMT_BC2_TYPELESS}
00:00:07.645174 VMSVGA3d: cap[203]=0x00000000 {DXFMT_BC2_UNORM_SRGB}
00:00:07.645174 VMSVGA3d: cap[204]=0x00000000 {DXFMT_BC3_TYPELESS}
00:00:07.645175 VMSVGA3d: cap[205]=0x00000000 {DXFMT_BC3_UNORM_SRGB}
00:00:07.645175 VMSVGA3d: cap[206]=0x00000000 {DXFMT_BC4_TYPELESS}
00:00:07.645175 VMSVGA3d: cap[207]=0x00000000 {DXFMT_ATI1}
00:00:07.645176 VMSVGA3d: cap[208]=0x00000000 {DXFMT_BC4_SNORM}
00:00:07.645176 VMSVGA3d: cap[209]=0x00000000 {DXFMT_BC5_TYPELESS}
00:00:07.645176 VMSVGA3d: cap[210]=0x00000000 {DXFMT_ATI2}
00:00:07.645177 VMSVGA3d: cap[211]=0x00000000 {DXFMT_BC5_SNORM}
00:00:07.645177 VMSVGA3d: cap[212]=0x00000000 {DXFMT_R10G10B10_XR_BIAS_A2_UNORM}
00:00:07.645178 VMSVGA3d: cap[213]=0x00000000 {DXFMT_B8G8R8A8_TYPELESS}
00:00:07.645178 VMSVGA3d: cap[214]=0x00000000 {DXFMT_B8G8R8A8_UNORM_SRGB}
00:00:07.645178 VMSVGA3d: cap[215]=0x00000000 {DXFMT_B8G8R8X8_TYPELESS}
00:00:07.645179 VMSVGA3d: cap[216]=0x00000000 {DXFMT_B8G8R8X8_UNORM_SRGB}
00:00:07.645179 VMSVGA3d: cap[217]=0x00000000 {DXFMT_Z_DF16}
00:00:07.645179 VMSVGA3d: cap[218]=0x00000000 {DXFMT_Z_DF24}
00:00:07.645180 VMSVGA3d: cap[219]=0x00000000 {DXFMT_Z_D24S8_INT}
00:00:07.645180 VMSVGA3d: cap[220]=0x00000000 {DXFMT_YV12}
00:00:07.645180 VMSVGA3d: cap[221]=0x00000000 {DXFMT_R32G32B32A32_FLOAT}
00:00:07.645181 VMSVGA3d: cap[222]=0x00000000 {DXFMT_R16G16B16A16_FLOAT}
00:00:07.645181 VMSVGA3d: cap[223]=0x00000000 {DXFMT_R16G16B16A16_UNORM}
00:00:07.645181 VMSVGA3d: cap[224]=0x00000000 {DXFMT_R32G32_FLOAT}
00:00:07.645182 VMSVGA3d: cap[225]=0x00000000 {DXFMT_R10G10B10A2_UNORM}
00:00:07.645182 VMSVGA3d: cap[226]=0x00000000 {DXFMT_R8G8B8A8_SNORM}
00:00:07.645183 VMSVGA3d: cap[227]=0x00000000 {DXFMT_R16G16_FLOAT}
00:00:07.645183 VMSVGA3d: cap[228]=0x00000000 {DXFMT_R16G16_UNORM}
00:00:07.645183 VMSVGA3d: cap[229]=0x00000000 {DXFMT_R16G16_SNORM}
00:00:07.645184 VMSVGA3d: cap[230]=0x00000000 {DXFMT_R32_FLOAT}
00:00:07.645184 VMSVGA3d: cap[231]=0x00000000 {DXFMT_R8G8_SNORM}
00:00:07.645184 VMSVGA3d: cap[232]=0x00000000 {DXFMT_R16_FLOAT}
00:00:07.645185 VMSVGA3d: cap[233]=0x00000000 {DXFMT_D16_UNORM}
00:00:07.645185 VMSVGA3d: cap[234]=0x00000000 {DXFMT_A8_UNORM}
00:00:07.645185 VMSVGA3d: cap[235]=0x00000000 {DXFMT_BC1_UNORM}
00:00:07.645186 VMSVGA3d: cap[236]=0x00000000 {DXFMT_BC2_UNORM}
00:00:07.645186 VMSVGA3d: cap[237]=0x00000000 {DXFMT_BC3_UNORM}
00:00:07.645186 VMSVGA3d: cap[238]=0x00000000 {DXFMT_B5G6R5_UNORM}
00:00:07.645187 VMSVGA3d: cap[239]=0x00000000 {DXFMT_B5G5R5A1_UNORM}
00:00:07.645187 VMSVGA3d: cap[240]=0x00000000 {DXFMT_B8G8R8A8_UNORM}
00:00:07.645187 VMSVGA3d: cap[241]=0x00000000 {DXFMT_B8G8R8X8_UNORM}
00:00:07.645188 VMSVGA3d: cap[242]=0x00000000 {DXFMT_BC4_UNORM}
00:00:07.645188 VMSVGA3d: cap[243]=0x00000000 {DXFMT_BC5_UNORM}
00:00:07.645189 VMSVGA3d: cap[244]=0x00000000 {SM41}
00:00:07.645189 VMSVGA3d: cap[245]=0x00000000 {MULTISAMPLE_2X}
00:00:07.645189 VMSVGA3d: cap[246]=0x00000000 {MULTISAMPLE_4X}
00:00:07.645190 VMSVGA3d: cap[247]=0x00000000 {MS_FULL_QUALITY}
00:00:07.645190 VMSVGA3d: cap[248]=0x00000000 {LOGICOPS}
00:00:07.645190 VMSVGA3d: cap[249]=0x00000000 {LOGIC_BLENDOPS}
00:00:07.645191 VMSVGA3d: cap[250]=0x00000000 {RESERVED_1}
00:00:07.645191 VMSVGA3d: cap[251]=0x00000000 {DXFMT_BC6H_TYPELESS}
00:00:07.645191 VMSVGA3d: cap[252]=0x00000000 {DXFMT_BC6H_UF16}
00:00:07.645192 VMSVGA3d: cap[253]=0x00000000 {DXFMT_BC6H_SF16}
00:00:07.645192 VMSVGA3d: cap[254]=0x00000000 {DXFMT_BC7_TYPELESS}
00:00:07.645193 VMSVGA3d: cap[255]=0x00000000 {DXFMT_BC7_UNORM}
00:00:07.645193 VMSVGA3d: cap[256]=0x00000000 {DXFMT_BC7_UNORM_SRGB}
00:00:07.645193 VMSVGA3d: cap[257]=0x00000000 {RESERVED_2}
00:00:07.645194 VMSVGA3d: cap[258]=0x00000000 {SM5}
00:00:07.645194 VMSVGA3d: cap[259]=0x00000000 {MULTISAMPLE_8X}
00:00:07.645200 AIOMgr: Endpoints without assigned bandwidth groups:
00:00:07.645229 AIOMgr:     D:\VirtualBox VMs\IDS_IPS\IDS_IPS.vdi
00:00:07.645301 Changing the VM state from 'POWERING_ON' to 'RUNNING'
00:00:07.645315 Console: Machine state changed to 'Running'
00:00:07.656124 VMMDev: Guest Log: BIOS: VirtualBox 7.2.2
00:00:07.656269 PCI: Setting up resources and interrupts
00:00:07.656741 PIT: mode=2 count=0x10000 (65536) - 18.20 Hz (ch=0)
00:00:07.675732 Display::i_handleDisplayResize: uScreenId=0 pvVRAM=0000000000000000 w=720 h=400 bpp=0 cbLine=0x0 flags=0x0 origin=0,0
00:00:07.686086 VMMDev: Guest Log: CPUID EDX: 0x178bfbff
00:00:07.686183 PIIX3 ATA: Ctl#0: RESET, DevSel=0 AIOIf=0 CmdIf0=0x00 (-1 usec ago) CmdIf1=0x00 (-1 usec ago)
00:00:07.686220 PIIX3 ATA: Ctl#0: finished processing RESET
00:00:07.687520 AHCI#0: Reset the HBA
00:00:07.687553 VD#0: Cancelling all active requests
00:00:07.687598 AHCI#0: Port 0 reset
00:00:07.687641 VD#0: Cancelling all active requests
00:00:07.688328 VMMDev: Guest Log: BIOS: AHCI 0-P#0: PCHS=16383/16/63 LCHS=1024/255/63 0x0000000002800000 sectors
00:00:07.693183 PIT: mode=2 count=0x48d3 (18643) - 64.00 Hz (ch=0)
00:00:07.708218 Display::i_handleDisplayResize: uScreenId=0 pvVRAM=000001fa45380000 w=640 h=480 bpp=32 cbLine=0xA00 flags=0x0 origin=0,0
00:00:07.724705 GUI: UIMachineViewNormal::resendSizeHint: Restoring guest size-hint for screen 0 to 800x600
00:00:07.795508 GUI: UIMachineLogicNormal::sltCheckForRequestedVisualStateType: Requested-state=1, Machine-state=6
00:00:07.800787 GUI: UIMediumEnumerator: Medium-enumeration finished!
00:00:07.903925 GUI: UIMediumEnumerator: Medium-enumeration finished!
00:00:10.174141 PIT: mode=2 count=0x10000 (65536) - 18.20 Hz (ch=0)
00:00:10.174408 VMMDev: Guest Log: BIOS: Boot : bseqnr=1, bootseq=0132
00:00:10.175193 VMMDev: Guest Log: BIOS: Booting from Hard Disk...
00:00:10.229452 Display::i_handleDisplayResize: uScreenId=0 pvVRAM=0000000000000000 w=720 h=400 bpp=0 cbLine=0x0 flags=0x0 origin=0,0
00:00:10.449614 Display::i_handleDisplayResize: uScreenId=0 pvVRAM=000001fa454ac000 w=640 h=480 bpp=32 cbLine=0xA00 flags=0x0 origin=0,0
00:00:42.912225 Display::i_handleDisplayResize: uScreenId=0 pvVRAM=0000000000000000 w=720 h=400 bpp=0 cbLine=0x0 flags=0x0 origin=0,0
00:00:43.600311 GIM: KVM: VCPU  0: Enabled system-time struct. at 0x0000000077202000 - u32TscScale=0xd3a3e32d i8TscShift=-1 uVersion=2 fFlags=0x1 uTsc=0x144071d0f6 uVirtNanoTS=0x85f0a682b TscKHz=2419200
00:00:43.600408 TM: Switching TSC mode from 'VirtTSCEmulated' to 'RealTSCOffset'
00:00:43.707826 GIM: KVM: Enabled wall-clock struct. at 0x0000000077201000 - u32Sec=1776160893 u32Nano=324326400 uVersion=2
00:00:43.719352 PIT: mode=2 count=0x4a9 (1193) - 1000.15 Hz (ch=0)
00:00:43.719772 APIC0: Switched mode to x2APIC
00:00:43.856483 PIT: mode=0 count=0x10000 (65536) - 18.20 Hz (ch=0)
00:00:43.858005 APIC1: Switched mode to x2APIC
00:00:43.858071 GIM: KVM: VCPU  1: Enabled system-time struct. at 0x0000000077202040 - u32TscScale=0xd3a3e32d i8TscShift=-1 uVersion=2 fFlags=0x1 uTsc=0x1465ae8f1f uVirtNanoTS=0x86e6edbe6 TscKHz=2419200
00:00:43.987308 OHCI: Software reset
00:00:44.138660 PIIX3 ATA: Ctl#0: RESET, DevSel=0 AIOIf=0 CmdIf0=0xa1 (-1 usec ago) CmdIf1=0x00 (-1 usec ago)
00:00:44.138831 PIIX3 ATA: Ctl#0: finished processing RESET
00:00:44.148909 EHCI: Hardware reset
00:00:44.149077 EHCI: USB Operational
00:00:44.161902 OHCI: USB Reset
00:00:44.187893 EHCI: USB Suspended
00:00:44.214367 OHCI: Software reset
00:00:44.214518 OHCI: USB Operational
00:00:44.495946 IEM: rdmsr(0xc0011029) -> #GP(0)
00:00:44.878569 GCMInterceptedIOPortRead: Unknown vmware hypervisor call: rcx=0xa (cmd), rbx=0x0 (len/whatever), rsi=0x1 (input), rdi=0xffff890b412fd600 (input), rdx=0x5658 (flags + chid) at 0010:ffffffffc058f155
00:00:44.886511 AHCI#0: Reset the HBA
00:00:44.886553 VD#0: Cancelling all active requests
00:00:44.894329 AHCI#0: Port 0 reset
00:00:44.896022 VD#0: Cancelling all active requests
00:00:48.704449 AIOMgr: Async flushes not supported
00:00:53.319679 VMMDev: Guest Log: vboxguest: host-version: 7.2.2r170484 0x8000000f
00:00:53.319779 VMMDev: Guest Additions information report: Version 6.0.0 r127566 '6.0.0'
00:00:53.319814 VMMDev: Guest Additions information report: Interface = 0x00010004 osType = 0x00053100 (Linux >= 2.6, 64-bit)
00:00:53.319946 VMMDev: Guest Additions capability report: (0x0 -> 0x0) seamless: no, hostWindowMapping: no, graphics: no
00:00:53.320031 VMMDev: vmmDevReqHandler_HeartbeatConfigure: No change (fHeartbeatActive=false)
00:00:53.320050 VMMDev: Heartbeat flatline timer set to trigger after 4 000 000 000 ns
00:00:53.320122 GUI: UISession::sltAdditionsChange: GA state doesn't really changed, still notifying listeners.
00:00:53.320142 GUI: UIMachineLogicNormal::sltCheckForRequestedVisualStateType: Requested-state=1, Machine-state=6
00:00:53.320152 GUI: UISession::sltAdditionsChange: GA state doesn't really changed, still notifying listeners.
00:00:53.320156 GUI: UIMachineLogicNormal::sltCheckForRequestedVisualStateType: Requested-state=1, Machine-state=6
00:00:53.320651 VMMDev: Guest Log: vbg_heartbeat_init: Setting up heartbeat to trigger every 2000 milliseconds
00:00:53.330463 GUI: UISession::sltAdditionsChange: GA state really changed, notifying listeners.
00:00:53.334360 GUI: UIMachineViewNormal::adjustGuestScreenSize: Adjust guest-screen size if necessary
00:00:53.334414 GUI: UIMachineLogicNormal::sltCheckForRequestedVisualStateType: Requested-state=1, Machine-state=6
00:00:53.779197 Enabling different vbva mode
00:00:53.830603 VMSVGA: 3D disabled, but command 1115 will be processed
00:00:53.831120 VMSVGA: 3D disabled, but command 1115 will be processed
00:00:53.831322 VMSVGA: 3D disabled, but command 1115 will be processed
00:00:53.831336 VMSVGA: 3D disabled, but command 1115 will be processed
00:00:53.831350 VMSVGA: 3D disabled, but command 1115 will be processed
00:00:53.831355 VMSVGA: 3D disabled, but command 1135 will be processed
00:00:53.831778 VMSVGA: 3D disabled, but command 1097 will be processed
00:00:53.831844 VMSVGA: 3D disabled, but command 1099 will be processed
00:00:53.831877 Display::i_handleDisplayResize: uScreenId=0 pvVRAM=000001fa3b7b0000 w=1280 h=800 bpp=32 cbLine=0x1400 flags=0x1 origin=0,0
00:00:53.944413 AC97: Reset
00:00:53.944450 AC97: Mixer reset (EAID=0x809, EACS=0x9)
00:00:53.944457 AC97: Record select to left=mic, right=mic
00:00:53.944465 Audio Mixer: MUTING master volume of 'AC'97 Mixer' -- channel volumes: ff ff ff ff ff ff ff ff ff ff ff ff
00:00:53.944474 Audio Mixer: MUTING sink 'AC'97 Mixer/Line In' -- channel volumes: 00 00 00 00 00 00 00 00 00 00 00 00
00:00:53.944482 Audio Mixer: MUTING sink 'AC'97 Mixer/Microphone In' -- channel volumes: 00 00 00 00 00 00 00 00 00 00 00 00
00:00:53.944488 Audio Mixer: MUTING sink 'AC'97 Mixer/PCM Output' -- channel volumes: 00 00 00 00 00 00 00 00 00 00 00 00
00:00:53.944496 Audio Mixer: MUTING sink 'AC'97 Mixer/PCM Output' -- channel volumes: 00 00 00 00 00 00 00 00 00 00 00 00
00:00:53.944504 Audio Mixer: MUTING sink 'AC'97 Mixer/Line In' -- channel volumes: 00 00 00 00 00 00 00 00 00 00 00 00
00:00:53.944509 Audio Mixer: MUTING sink 'AC'97 Mixer/Line In' -- channel volumes: 00 00 00 00 00 00 00 00 00 00 00 00
00:00:53.944516 Audio Mixer: MUTING sink 'AC'97 Mixer/Microphone In' -- channel volumes: 00 00 00 00 00 00 00 00 00 00 00 00
00:00:53.944743 Audio Mixer: MUTING sink 'AC'97 Mixer/Line In' -- channel volumes: 00 00 00 00 00 00 00 00 00 00 00 00
00:00:53.944753 Audio Mixer: MUTING sink 'AC'97 Mixer/Line In' -- channel volumes: 00 00 00 00 00 00 00 00 00 00 00 00
00:00:53.944799 Audio Mixer: MUTING sink 'AC'97 Mixer/Line In' -- channel volumes: 00 00 00 00 00 00 00 00 00 00 00 00
00:00:53.944816 Audio Mixer: MUTING sink 'AC'97 Mixer/Line In' -- channel volumes: 00 00 00 00 00 00 00 00 00 00 00 00
00:00:53.944905 AC97: Reset
00:00:53.944912 AC97: Mixer reset (EAID=0x809, EACS=0x9)
00:00:53.944918 AC97: Record select to left=mic, right=mic
00:00:53.944922 Audio Mixer: MUTING master volume of 'AC'97 Mixer' -- channel volumes: ff ff ff ff ff ff ff ff ff ff ff ff
00:00:53.944927 Audio Mixer: MUTING sink 'AC'97 Mixer/Line In' -- channel volumes: 00 00 00 00 00 00 00 00 00 00 00 00
00:00:53.944934 Audio Mixer: MUTING sink 'AC'97 Mixer/Microphone In' -- channel volumes: 00 00 00 00 00 00 00 00 00 00 00 00
00:00:53.944941 Audio Mixer: MUTING sink 'AC'97 Mixer/PCM Output' -- channel volumes: 00 00 00 00 00 00 00 00 00 00 00 00
00:00:53.944947 Audio Mixer: MUTING sink 'AC'97 Mixer/PCM Output' -- channel volumes: 00 00 00 00 00 00 00 00 00 00 00 00
00:00:53.944952 Audio Mixer: MUTING sink 'AC'97 Mixer/Line In' -- channel volumes: 00 00 00 00 00 00 00 00 00 00 00 00
00:00:53.944957 Audio Mixer: MUTING sink 'AC'97 Mixer/Line In' -- channel volumes: 00 00 00 00 00 00 00 00 00 00 00 00
00:00:53.944966 Audio Mixer: MUTING sink 'AC'97 Mixer/Microphone In' -- channel volumes: 00 00 00 00 00 00 00 00 00 00 00 00
00:00:53.946453 Audio Mixer: Setting master volume of 'AC'97 Mixer' -- channel volumes: ff ff ff ff ff ff ff ff ff ff ff ff
00:00:53.946470 Audio Mixer: MUTING sink 'AC'97 Mixer/Line In' -- channel volumes: 00 00 00 00 00 00 00 00 00 00 00 00
00:00:53.946478 Audio Mixer: MUTING sink 'AC'97 Mixer/Microphone In' -- channel volumes: 00 00 00 00 00 00 00 00 00 00 00 00
00:00:53.946486 Audio Mixer: MUTING sink 'AC'97 Mixer/PCM Output' -- channel volumes: 00 00 00 00 00 00 00 00 00 00 00 00
00:00:53.946516 Audio Mixer: MUTING master volume of 'AC'97 Mixer' -- channel volumes: ff ff ff ff ff ff ff ff ff ff ff ff
00:00:53.946522 Audio Mixer: MUTING sink 'AC'97 Mixer/Line In' -- channel volumes: 00 00 00 00 00 00 00 00 00 00 00 00
00:00:53.946530 Audio Mixer: MUTING sink 'AC'97 Mixer/Microphone In' -- channel volumes: 00 00 00 00 00 00 00 00 00 00 00 00
00:00:53.946535 Audio Mixer: MUTING sink 'AC'97 Mixer/PCM Output' -- channel volumes: 00 00 00 00 00 00 00 00 00 00 00 00
00:00:53.946581 Audio Mixer: MUTING master volume of 'AC'97 Mixer' -- channel volumes: ff ff ff ff ff ff ff ff ff ff ff ff
00:00:53.946589 Audio Mixer: MUTING sink 'AC'97 Mixer/Line In' -- channel volumes: 00 00 00 00 00 00 00 00 00 00 00 00
00:00:53.946594 Audio Mixer: MUTING sink 'AC'97 Mixer/Microphone In' -- channel volumes: 00 00 00 00 00 00 00 00 00 00 00 00
00:00:53.946599 Audio Mixer: MUTING sink 'AC'97 Mixer/PCM Output' -- channel volumes: 00 00 00 00 00 00 00 00 00 00 00 00
00:00:53.946912 Audio Mixer: MUTING master volume of 'AC'97 Mixer' -- channel volumes: ff ff ff ff ff ff ff ff ff ff ff ff
00:00:53.946923 Audio Mixer: MUTING sink 'AC'97 Mixer/Line In' -- channel volumes: 00 00 00 00 00 00 00 00 00 00 00 00
00:00:53.946931 Audio Mixer: MUTING sink 'AC'97 Mixer/Microphone In' -- channel volumes: 00 00 00 00 00 00 00 00 00 00 00 00
00:00:53.946936 Audio Mixer: MUTING sink 'AC'97 Mixer/PCM Output' -- channel volumes: 00 00 00 00 00 00 00 00 00 00 00 00
00:00:53.946966 Audio Mixer: MUTING master volume of 'AC'97 Mixer' -- channel volumes: 83 83 83 83 83 83 83 83 83 83 83 83
00:00:53.946974 Audio Mixer: MUTING sink 'AC'97 Mixer/Line In' -- channel volumes: 00 00 00 00 00 00 00 00 00 00 00 00
00:00:53.947016 Audio Mixer: MUTING sink 'AC'97 Mixer/Microphone In' -- channel volumes: 00 00 00 00 00 00 00 00 00 00 00 00
00:00:53.947026 Audio Mixer: MUTING sink 'AC'97 Mixer/PCM Output' -- channel volumes: 00 00 00 00 00 00 00 00 00 00 00 00
00:00:53.947075 Audio Mixer: MUTING master volume of 'AC'97 Mixer' -- channel volumes: bf bf bf bf bf bf bf bf bf bf bf bf
00:00:53.947084 Audio Mixer: MUTING sink 'AC'97 Mixer/Line In' -- channel volumes: 00 00 00 00 00 00 00 00 00 00 00 00
00:00:53.947089 Audio Mixer: MUTING sink 'AC'97 Mixer/Microphone In' -- channel volumes: 00 00 00 00 00 00 00 00 00 00 00 00
00:00:53.947103 Audio Mixer: MUTING sink 'AC'97 Mixer/PCM Output' -- channel volumes: 00 00 00 00 00 00 00 00 00 00 00 00
00:00:53.947193 Audio Mixer: MUTING master volume of 'AC'97 Mixer' -- channel volumes: 83 83 83 83 83 83 83 83 83 83 83 83
00:00:53.947204 Audio Mixer: MUTING sink 'AC'97 Mixer/Line In' -- channel volumes: 00 00 00 00 00 00 00 00 00 00 00 00
00:00:53.947209 Audio Mixer: MUTING sink 'AC'97 Mixer/Microphone In' -- channel volumes: 00 00 00 00 00 00 00 00 00 00 00 00
00:00:53.947217 Audio Mixer: MUTING sink 'AC'97 Mixer/PCM Output' -- channel volumes: 00 00 00 00 00 00 00 00 00 00 00 00
00:00:53.948754 Audio Mixer: MUTING sink 'AC'97 Mixer/PCM Output' -- channel volumes: 00 00 00 00 00 00 00 00 00 00 00 00
00:00:53.948792 Audio Mixer: MUTING sink 'AC'97 Mixer/Line In' -- channel volumes: 00 00 00 00 00 00 00 00 00 00 00 00
00:00:53.948799 Audio Mixer: MUTING sink 'AC'97 Mixer/Line In' -- channel volumes: 00 00 00 00 00 00 00 00 00 00 00 00
00:00:53.948824 Audio Mixer: MUTING sink 'AC'97 Mixer/Line In' -- channel volumes: 00 00 00 00 00 00 00 00 00 00 00 00
00:00:53.948831 Audio Mixer: MUTING sink 'AC'97 Mixer/Line In' -- channel volumes: 00 00 00 00 00 00 00 00 00 00 00 00
00:00:53.948856 Audio Mixer: MUTING sink 'AC'97 Mixer/Line In' -- channel volumes: 00 00 00 00 00 00 00 00 00 00 00 00
00:00:53.948863 Audio Mixer: MUTING sink 'AC'97 Mixer/Line In' -- channel volumes: 00 00 00 00 00 00 00 00 00 00 00 00
00:00:53.948889 Audio Mixer: MUTING sink 'AC'97 Mixer/Line In' -- channel volumes: 00 00 00 00 00 00 00 00 00 00 00 00
00:00:53.948896 Audio Mixer: MUTING sink 'AC'97 Mixer/Line In' -- channel volumes: 00 00 00 00 00 00 00 00 00 00 00 00
00:00:53.948916 AC97: Record select to left=mic, right=mic
00:00:53.948935 Audio Mixer: MUTING sink 'AC'97 Mixer/Line In' -- channel volumes: 00 00 00 00 00 00 00 00 00 00 00 00
00:00:53.948941 Audio Mixer: MUTING sink 'AC'97 Mixer/Line In' -- channel volumes: 00 00 00 00 00 00 00 00 00 00 00 00
00:13:57.240291 WasAPI: Device state for '{0.0.0.00000000}.{84d55425-7a0a-4e5a-8dd3-6ca262647c4a}' changed to NOTPRESENT (0x4)
00:13:57.240321 Audio: Device configuration of driver 'WasAPI' has changed
00:13:57.639588 Audio: Found 6 devices for driver 'WasAPI'
00:13:57.639619 Audio: Device 'Headphones (OPPO Enco Buds3 Pro)':
00:13:57.639620 Audio:   ID              = {0.0.0.00000000}.{118781e0-514f-4c20-b0f9-473a82d98599}
00:13:57.639620 Audio:   Usage           = output
00:13:57.639621 Audio:   Flags           = DEFAULT_OUT
00:13:57.639622 Audio:   Input channels  = 0
00:13:57.639623 Audio:   Output channels = 2
00:13:57.639628 Audio: Device 'Headphones (OPPO Enco Buds3 Pro)':
00:13:57.639629 Audio:   ID              = {0.0.0.00000000}.{118781e0-514f-4c20-b0f9-473a82d98599}
00:13:57.639629 Audio:   Usage           = output
00:13:57.639629 Audio:   Flags           = NONE
00:13:57.639630 Audio:   Input channels  = 0
00:13:57.639630 Audio:   Output channels = 2
00:13:57.639634 Audio: Device 'Speaker (Realtek(R) Audio)':
00:13:57.639635 Audio:   ID              = {0.0.0.00000000}.{f3f11c6b-1213-4b06-bc9b-2c5347df0a6d}
00:13:57.639635 Audio:   Usage           = output
00:13:57.639635 Audio:   Flags           = NONE
00:13:57.639636 Audio:   Input channels  = 0
00:13:57.639636 Audio:   Output channels = 2
00:13:57.639640 Audio: Device 'Microphone Array (Intel® Smart Sound Technology for Digital Microphones)':
00:13:57.639641 Audio:   ID              = {0.0.1.00000000}.{76d89b0a-6656-41f1-a428-aaa7c4315f47}
00:13:57.639641 Audio:   Usage           = input
00:13:57.639641 Audio:   Flags           = DEFAULT_IN
00:13:57.639642 Audio:   Input channels  = 2
00:13:57.639642 Audio:   Output channels = 0
00:13:57.639646 Audio: Device 'Microphone Array (Intel® Smart Sound Technology for Digital Microphones)':
00:13:57.639647 Audio:   ID              = {0.0.1.00000000}.{76d89b0a-6656-41f1-a428-aaa7c4315f47}
00:13:57.639647 Audio:   Usage           = input
00:13:57.639647 Audio:   Flags           = NONE
00:13:57.639648 Audio:   Input channels  = 2
00:13:57.639648 Audio:   Output channels = 0
00:13:57.639658 Audio: Device 'Headset (OPPO Enco Buds3 Pro)':
00:13:57.639659 Audio:   ID              = {0.0.1.00000000}.{862e1efa-6e0d-4f0d-8b3e-1dba4c6694be}
00:13:57.639659 Audio:   Usage           = input
00:13:57.639660 Audio:   Flags           = NONE
00:13:57.639660 Audio:   Input channels  = 1
00:13:57.639660 Audio:   Output channels = 0
00:14:06.891806 WasAPI: Device state for '{0.0.0.00000000}.{84d55425-7a0a-4e5a-8dd3-6ca262647c4a}' changed to ACTIVE (0x1)
00:14:06.891845 Audio: Device configuration of driver 'WasAPI' has changed
00:14:07.368490 Audio: Found 7 devices for driver 'WasAPI'
00:14:07.368522 Audio: Device 'Headphones (OPPO Enco Buds3 Pro)':
00:14:07.368523 Audio:   ID              = {0.0.0.00000000}.{118781e0-514f-4c20-b0f9-473a82d98599}
00:14:07.368524 Audio:   Usage           = output
00:14:07.368525 Audio:   Flags           = DEFAULT_OUT
00:14:07.368525 Audio:   Input channels  = 0
00:14:07.368526 Audio:   Output channels = 2
00:14:07.368533 Audio: Device 'Headphones (OPPO Enco Buds3 Pro)':
00:14:07.368534 Audio:   ID              = {0.0.0.00000000}.{118781e0-514f-4c20-b0f9-473a82d98599}
00:14:07.368534 Audio:   Usage           = output
00:14:07.368535 Audio:   Flags           = NONE
00:14:07.368535 Audio:   Input channels  = 0
00:14:07.368536 Audio:   Output channels = 2
00:14:07.368540 Audio: Device 'VA249HG (HD Audio Driver for Display Audio)':
00:14:07.368541 Audio:   ID              = {0.0.0.00000000}.{84d55425-7a0a-4e5a-8dd3-6ca262647c4a}
00:14:07.368542 Audio:   Usage           = output
00:14:07.368542 Audio:   Flags           = NONE
00:14:07.368542 Audio:   Input channels  = 0
00:14:07.368543 Audio:   Output channels = 2
00:14:07.368547 Audio: Device 'Speaker (Realtek(R) Audio)':
00:14:07.368548 Audio:   ID              = {0.0.0.00000000}.{f3f11c6b-1213-4b06-bc9b-2c5347df0a6d}
00:14:07.368548 Audio:   Usage           = output
00:14:07.368549 Audio:   Flags           = NONE
00:14:07.368549 Audio:   Input channels  = 0
00:14:07.368549 Audio:   Output channels = 2
00:14:07.368554 Audio: Device 'Microphone Array (Intel® Smart Sound Technology for Digital Microphones)':
00:14:07.368555 Audio:   ID              = {0.0.1.00000000}.{76d89b0a-6656-41f1-a428-aaa7c4315f47}
00:14:07.368556 Audio:   Usage           = input
00:14:07.368556 Audio:   Flags           = DEFAULT_IN
00:14:07.368557 Audio:   Input channels  = 2
00:14:07.368557 Audio:   Output channels = 0
00:14:07.368561 Audio: Device 'Microphone Array (Intel® Smart Sound Technology for Digital Microphones)':
00:14:07.368562 Audio:   ID              = {0.0.1.00000000}.{76d89b0a-6656-41f1-a428-aaa7c4315f47}
00:14:07.368562 Audio:   Usage           = input
00:14:07.368563 Audio:   Flags           = NONE
00:14:07.368563 Audio:   Input channels  = 2
00:14:07.368564 Audio:   Output channels = 0
00:14:07.368568 Audio: Device 'Headset (OPPO Enco Buds3 Pro)':
00:14:07.368569 Audio:   ID              = {0.0.1.00000000}.{862e1efa-6e0d-4f0d-8b3e-1dba4c6694be}
00:14:07.368569 Audio:   Usage           = input
00:14:07.368570 Audio:   Flags           = NONE
00:14:07.368570 Audio:   Input channels  = 1
00:14:07.368571 Audio:   Output channels = 0
00:21:48.819967 WasAPI: Device state for '{0.0.0.00000000}.{118781e0-514f-4c20-b0f9-473a82d98599}' changed to UNPLUGGED (0x8)
00:21:48.820008 Audio: Device configuration of driver 'WasAPI' has changed
00:21:48.858832 Audio: The output device for WasAPI is changing.
00:21:48.858871 Audio: Device configuration of driver 'WasAPI' has changed
00:21:48.878433 WasAPI: Device state for '{0.0.1.00000000}.{862e1efa-6e0d-4f0d-8b3e-1dba4c6694be}' changed to UNPLUGGED (0x8)
00:21:48.878504 Audio: Device configuration of driver 'WasAPI' has changed
00:21:49.527305 Audio: Found 5 devices for driver 'WasAPI'
00:21:49.527339 Audio: Device 'Speaker (Realtek(R) Audio)':
00:21:49.527340 Audio:   ID              = {0.0.0.00000000}.{f3f11c6b-1213-4b06-bc9b-2c5347df0a6d}
00:21:49.527341 Audio:   Usage           = output
00:21:49.527342 Audio:   Flags           = DEFAULT_OUT
00:21:49.527342 Audio:   Input channels  = 0
00:21:49.527343 Audio:   Output channels = 2
00:21:49.527356 Audio: Device 'VA249HG (HD Audio Driver for Display Audio)':
00:21:49.527357 Audio:   ID              = {0.0.0.00000000}.{84d55425-7a0a-4e5a-8dd3-6ca262647c4a}
00:21:49.527357 Audio:   Usage           = output
00:21:49.527358 Audio:   Flags           = NONE
00:21:49.527358 Audio:   Input channels  = 0
00:21:49.527358 Audio:   Output channels = 2
00:21:49.527366 Audio: Device 'Speaker (Realtek(R) Audio)':
00:21:49.527367 Audio:   ID              = {0.0.0.00000000}.{f3f11c6b-1213-4b06-bc9b-2c5347df0a6d}
00:21:49.527367 Audio:   Usage           = output
00:21:49.527368 Audio:   Flags           = NONE
00:21:49.527368 Audio:   Input channels  = 0
00:21:49.527368 Audio:   Output channels = 2
00:21:49.527372 Audio: Device 'Microphone Array (Intel® Smart Sound Technology for Digital Microphones)':
00:21:49.527372 Audio:   ID              = {0.0.1.00000000}.{76d89b0a-6656-41f1-a428-aaa7c4315f47}
00:21:49.527373 Audio:   Usage           = input
00:21:49.527373 Audio:   Flags           = DEFAULT_IN
00:21:49.527373 Audio:   Input channels  = 2
00:21:49.527374 Audio:   Output channels = 0
00:21:49.527377 Audio: Device 'Microphone Array (Intel® Smart Sound Technology for Digital Microphones)':
00:21:49.527377 Audio:   ID              = {0.0.1.00000000}.{76d89b0a-6656-41f1-a428-aaa7c4315f47}
00:21:49.527378 Audio:   Usage           = input
00:21:49.527378 Audio:   Flags           = NONE
00:21:49.527378 Audio:   Input channels  = 2
00:21:49.527379 Audio:   Output channels = 0
00:25:09.129918 GUI: UIMediumEnumerator: Medium-enumeration finished!
00:25:25.100529 GUI: UIMediumEnumerator: Medium-enumeration finished!
00:25:26.989446 GUI: UIMediumEnumerator: Medium-enumeration finished!
00:27:34.080689 GUI: UIMediumEnumerator: Medium-enumeration finished!
00:32:31.608619 WasAPI: Device state for '{0.0.0.00000000}.{84d55425-7a0a-4e5a-8dd3-6ca262647c4a}' changed to NOTPRESENT (0x4)
00:32:31.608647 Audio: Device configuration of driver 'WasAPI' has changed
00:32:32.307410 Audio: Found 4 devices for driver 'WasAPI'
00:32:32.307437 Audio: Device 'Speaker (Realtek(R) Audio)':
00:32:32.307437 Audio:   ID              = {0.0.0.00000000}.{f3f11c6b-1213-4b06-bc9b-2c5347df0a6d}
00:32:32.307438 Audio:   Usage           = output
00:32:32.307439 Audio:   Flags           = DEFAULT_OUT
00:32:32.307439 Audio:   Input channels  = 0
00:32:32.307439 Audio:   Output channels = 2
00:32:32.307443 Audio: Device 'Speaker (Realtek(R) Audio)':
00:32:32.307443 Audio:   ID              = {0.0.0.00000000}.{f3f11c6b-1213-4b06-bc9b-2c5347df0a6d}
00:32:32.307443 Audio:   Usage           = output
00:32:32.307444 Audio:   Flags           = NONE
00:32:32.307444 Audio:   Input channels  = 0
00:32:32.307444 Audio:   Output channels = 2
00:32:32.307447 Audio: Device 'Microphone Array (Intel® Smart Sound Technology for Digital Microphones)':
00:32:32.307447 Audio:   ID              = {0.0.1.00000000}.{76d89b0a-6656-41f1-a428-aaa7c4315f47}
00:32:32.307447 Audio:   Usage           = input
00:32:32.307448 Audio:   Flags           = DEFAULT_IN
00:32:32.307448 Audio:   Input channels  = 2
00:32:32.307448 Audio:   Output channels = 0
00:32:32.307451 Audio: Device 'Microphone Array (Intel® Smart Sound Technology for Digital Microphones)':
00:32:32.307451 Audio:   ID              = {0.0.1.00000000}.{76d89b0a-6656-41f1-a428-aaa7c4315f47}
00:32:32.307451 Audio:   Usage           = input
00:32:32.307451 Audio:   Flags           = NONE
00:32:32.307452 Audio:   Input channels  = 2
00:32:32.307452 Audio:   Output channels = 0
00:45:44.811861 TM: Giving up catch-up attempt at a 475 792 295 817 ns lag; new total: 475 792 295 817 ns
00:45:46.537984 WasAPI: Device state for '{0.0.0.00000000}.{84d55425-7a0a-4e5a-8dd3-6ca262647c4a}' changed to ACTIVE (0x1)
00:45:46.538018 Audio: Device configuration of driver 'WasAPI' has changed
00:45:46.977900 Audio: Found 5 devices for driver 'WasAPI'
00:45:46.978144 Audio: Device 'Speaker (Realtek(R) Audio)':
00:45:46.978145 Audio:   ID              = {0.0.0.00000000}.{f3f11c6b-1213-4b06-bc9b-2c5347df0a6d}
00:45:46.978146 Audio:   Usage           = output
00:45:46.978146 Audio:   Flags           = DEFAULT_OUT
00:45:46.978146 Audio:   Input channels  = 0
00:45:46.978147 Audio:   Output channels = 2
00:45:46.978151 Audio: Device 'VA249HG (HD Audio Driver for Display Audio)':
00:45:46.978151 Audio:   ID              = {0.0.0.00000000}.{84d55425-7a0a-4e5a-8dd3-6ca262647c4a}
00:45:46.978152 Audio:   Usage           = output
00:45:46.978152 Audio:   Flags           = NONE
00:45:46.978152 Audio:   Input channels  = 0
00:45:46.978152 Audio:   Output channels = 2
00:45:46.978205 Audio: Device 'Speaker (Realtek(R) Audio)':
00:45:46.978206 Audio:   ID              = {0.0.0.00000000}.{f3f11c6b-1213-4b06-bc9b-2c5347df0a6d}
00:45:46.978206 Audio:   Usage           = output
00:45:46.978207 Audio:   Flags           = NONE
00:45:46.978207 Audio:   Input channels  = 0
00:45:46.978207 Audio:   Output channels = 2
00:45:46.978213 Audio: Device 'Microphone Array (Intel® Smart Sound Technology for Digital Microphones)':
00:45:46.978214 Audio:   ID              = {0.0.1.00000000}.{76d89b0a-6656-41f1-a428-aaa7c4315f47}
00:45:46.978214 Audio:   Usage           = input
00:45:46.978214 Audio:   Flags           = DEFAULT_IN
00:45:46.978215 Audio:   Input channels  = 2
00:45:46.978215 Audio:   Output channels = 0
00:45:46.978219 Audio: Device 'Microphone Array (Intel® Smart Sound Technology for Digital Microphones)':
00:45:46.978219 Audio:   ID              = {0.0.1.00000000}.{76d89b0a-6656-41f1-a428-aaa7c4315f47}
00:45:46.978220 Audio:   Usage           = input
00:45:46.978220 Audio:   Flags           = NONE
00:45:46.978220 Audio:   Input channels  = 2
00:45:46.978221 Audio:   Output channels = 0
00:45:47.881753 WasAPI: Device state for '{0.0.0.00000000}.{84d55425-7a0a-4e5a-8dd3-6ca262647c4a}' changed to NOTPRESENT (0x4)
00:45:47.881773 Audio: Device configuration of driver 'WasAPI' has changed
00:45:47.907406 GUI: UIDesktopWidgetWatchdog::sltHandleHostScreenResized: Screen 0 is formally resized to: 0x0 x 1536x864
00:45:47.907445 GUI: UIMachineLogic: Host-screen geometry changed
00:45:47.907458 GUI: UIDesktopWidgetWatchdog::sltHandleHostScreenWorkAreaResized: Screen 0 work area is formally resized to: 0x0 x 1536x816
00:45:47.907464 GUI: UIMachineLogic: Host-screen available-area changed
00:45:47.907883 GUI: UIMachineLogic: Host-screen count changed
00:45:48.288636 Audio: Found 4 devices for driver 'WasAPI'
00:45:48.288680 Audio: Device 'Speaker (Realtek(R) Audio)':
00:45:48.288681 Audio:   ID              = {0.0.0.00000000}.{f3f11c6b-1213-4b06-bc9b-2c5347df0a6d}
00:45:48.288681 Audio:   Usage           = output
00:45:48.288682 Audio:   Flags           = DEFAULT_OUT
00:45:48.288682 Audio:   Input channels  = 0
00:45:48.288683 Audio:   Output channels = 2
00:45:48.288686 Audio: Device 'Speaker (Realtek(R) Audio)':
00:45:48.288686 Audio:   ID              = {0.0.0.00000000}.{f3f11c6b-1213-4b06-bc9b-2c5347df0a6d}
00:45:48.288687 Audio:   Usage           = output
00:45:48.288687 Audio:   Flags           = NONE
00:45:48.288687 Audio:   Input channels  = 0
00:45:48.288688 Audio:   Output channels = 2
00:45:48.288691 Audio: Device 'Microphone Array (Intel® Smart Sound Technology for Digital Microphones)':
00:45:48.288691 Audio:   ID              = {0.0.1.00000000}.{76d89b0a-6656-41f1-a428-aaa7c4315f47}
00:45:48.288692 Audio:   Usage           = input
00:45:48.288692 Audio:   Flags           = DEFAULT_IN
00:45:48.288693 Audio:   Input channels  = 2
00:45:48.288693 Audio:   Output channels = 0
00:45:48.288696 Audio: Device 'Microphone Array (Intel® Smart Sound Technology for Digital Microphones)':
00:45:48.288696 Audio:   ID              = {0.0.1.00000000}.{76d89b0a-6656-41f1-a428-aaa7c4315f47}
00:45:48.288696 Audio:   Usage           = input
00:45:48.288697 Audio:   Flags           = NONE
00:45:48.288697 Audio:   Input channels  = 2
00:45:48.288697 Audio:   Output channels = 0
00:45:49.819187 GUI: UIMachineLogic: Host-screen count changed
00:45:49.934697 GUI: UIDesktopWidgetWatchdog::sltHandleHostScreenResized: Screen 1 is formally resized to: -1920x0 x 1536x864
00:45:49.934766 GUI: UIMachineLogic: Host-screen geometry changed
00:45:49.934809 GUI: UIDesktopWidgetWatchdog::sltHandleHostScreenWorkAreaResized: Screen 1 work area is formally resized to: -1920x0 x 1536x816
00:45:49.934815 GUI: UIMachineLogic: Host-screen available-area changed
00:45:50.519242 WasAPI: Device state for '{0.0.0.00000000}.{84d55425-7a0a-4e5a-8dd3-6ca262647c4a}' changed to ACTIVE (0x1)
00:45:50.519266 Audio: Device configuration of driver 'WasAPI' has changed
00:45:50.972512 Audio: Found 5 devices for driver 'WasAPI'
00:45:50.972542 Audio: Device 'Speaker (Realtek(R) Audio)':
00:45:50.972543 Audio:   ID              = {0.0.0.00000000}.{f3f11c6b-1213-4b06-bc9b-2c5347df0a6d}
00:45:50.972543 Audio:   Usage           = output
00:45:50.972544 Audio:   Flags           = DEFAULT_OUT
00:45:50.972545 Audio:   Input channels  = 0
00:45:50.972545 Audio:   Output channels = 2
00:45:50.972549 Audio: Device 'VA249HG (HD Audio Driver for Display Audio)':
00:45:50.972549 Audio:   ID              = {0.0.0.00000000}.{84d55425-7a0a-4e5a-8dd3-6ca262647c4a}
00:45:50.972550 Audio:   Usage           = output
00:45:50.972550 Audio:   Flags           = NONE
00:45:50.972550 Audio:   Input channels  = 0
00:45:50.972551 Audio:   Output channels = 2
00:45:50.972554 Audio: Device 'Speaker (Realtek(R) Audio)':
00:45:50.972554 Audio:   ID              = {0.0.0.00000000}.{f3f11c6b-1213-4b06-bc9b-2c5347df0a6d}
00:45:50.972554 Audio:   Usage           = output
00:45:50.972555 Audio:   Flags           = NONE
00:45:50.972555 Audio:   Input channels  = 0
00:45:50.972555 Audio:   Output channels = 2
00:45:50.972558 Audio: Device 'Microphone Array (Intel® Smart Sound Technology for Digital Microphones)':
00:45:50.972559 Audio:   ID              = {0.0.1.00000000}.{76d89b0a-6656-41f1-a428-aaa7c4315f47}
00:45:50.972559 Audio:   Usage           = input
00:45:50.972559 Audio:   Flags           = DEFAULT_IN
00:45:50.972560 Audio:   Input channels  = 2
00:45:50.972560 Audio:   Output channels = 0
00:45:50.972563 Audio: Device 'Microphone Array (Intel® Smart Sound Technology for Digital Microphones)':
00:45:50.972563 Audio:   ID              = {0.0.1.00000000}.{76d89b0a-6656-41f1-a428-aaa7c4315f47}
00:45:50.972564 Audio:   Usage           = input
00:45:50.972564 Audio:   Flags           = NONE
00:45:50.972564 Audio:   Input channels  = 2
00:45:50.972565 Audio:   Output channels = 0
00:46:15.629360 WasAPI: Device state for '{0.0.0.00000000}.{84d55425-7a0a-4e5a-8dd3-6ca262647c4a}' changed to NOTPRESENT (0x4)
00:46:15.629396 Audio: Device configuration of driver 'WasAPI' has changed
00:46:15.973549 Audio: Found 4 devices for driver 'WasAPI'
00:46:15.973578 Audio: Device 'Speaker (Realtek(R) Audio)':
00:46:15.973578 Audio:   ID              = {0.0.0.00000000}.{f3f11c6b-1213-4b06-bc9b-2c5347df0a6d}
00:46:15.973579 Audio:   Usage           = output
00:46:15.973579 Audio:   Flags           = DEFAULT_OUT
00:46:15.973579 Audio:   Input channels  = 0
00:46:15.973580 Audio:   Output channels = 2
00:46:15.973582 Audio: Device 'Speaker (Realtek(R) Audio)':
00:46:15.973583 Audio:   ID              = {0.0.0.00000000}.{f3f11c6b-1213-4b06-bc9b-2c5347df0a6d}
00:46:15.973583 Audio:   Usage           = output
00:46:15.973583 Audio:   Flags           = NONE
00:46:15.973583 Audio:   Input channels  = 0
00:46:15.973584 Audio:   Output channels = 2
00:46:15.973586 Audio: Device 'Microphone Array (Intel® Smart Sound Technology for Digital Microphones)':
00:46:15.973586 Audio:   ID              = {0.0.1.00000000}.{76d89b0a-6656-41f1-a428-aaa7c4315f47}
00:46:15.973587 Audio:   Usage           = input
00:46:15.973587 Audio:   Flags           = DEFAULT_IN
00:46:15.973587 Audio:   Input channels  = 2
00:46:15.973587 Audio:   Output channels = 0
00:46:15.973595 Audio: Device 'Microphone Array (Intel® Smart Sound Technology for Digital Microphones)':
00:46:15.973596 Audio:   ID              = {0.0.1.00000000}.{76d89b0a-6656-41f1-a428-aaa7c4315f47}
00:46:15.973596 Audio:   Usage           = input
00:46:15.973596 Audio:   Flags           = NONE
00:46:15.973596 Audio:   Input channels  = 2
00:46:15.973597 Audio:   Output channels = 0
00:46:46.993009 TM: Giving up catch-up attempt at a 60 006 338 970 ns lag; new total: 535 798 634 787 ns
00:47:49.632677 TM: Giving up catch-up attempt at a 60 002 574 298 ns lag; new total: 595 801 209 085 ns
00:48:52.361553 TM: Giving up catch-up attempt at a 60 006 993 467 ns lag; new total: 655 808 202 552 ns
00:49:54.687869 TM: Giving up catch-up attempt at a 60 002 778 406 ns lag; new total: 715 810 980 958 ns
00:50:57.061200 TM: Giving up catch-up attempt at a 60 001 522 641 ns lag; new total: 775 812 503 599 ns
00:51:58.939387 TM: Giving up catch-up attempt at a 60 008 533 014 ns lag; new total: 835 821 036 613 ns
00:53:01.209519 TM: Giving up catch-up attempt at a 60 019 366 955 ns lag; new total: 895 840 403 568 ns
00:54:03.512357 TM: Giving up catch-up attempt at a 60 007 289 856 ns lag; new total: 955 847 693 424 ns
00:55:06.066316 TM: Giving up catch-up attempt at a 60 034 087 681 ns lag; new total: 1 015 881 781 105 ns
00:56:08.377190 TM: Giving up catch-up attempt at a 60 023 939 470 ns lag; new total: 1 075 905 720 575 ns
00:59:11.612931 TM: Giving up catch-up attempt at a 183 048 742 613 ns lag; new total: 1 258 954 463 188 ns
00:59:11.612970 VMMDev: vmmDevHeartbeatFlatlinedTimer: Guest seems to be unresponsive. Last heartbeat received 177 seconds ago
00:59:11.648118 VMMDev: GuestHeartBeat: Guest is alive (gone 178 018 280 818 ns)
01:55:53.162071 TM: Giving up catch-up attempt at a 3 398 531 210 329 ns lag; new total: 4 657 485 673 517 ns
01:55:53.890350 Pausing VM execution, reason 'HostSuspend'
01:55:53.890459 Changing the VM state from 'RUNNING' to 'SUSPENDING'
01:55:53.917107 AIOMgr: Endpoint for file 'D:\VirtualBox VMs\IDS_IPS\IDS_IPS.vdi' (flags 000c0781) created successfully
01:55:53.918206 PDMR3Suspend: 27 724 933 ns run time
01:55:53.918229 Changing the VM state from 'SUSPENDING' to 'SUSPENDED'
01:55:53.918241 Console: Machine state changed to 'Paused'
03:37:47.616816 Resuming VM execution, reason 'HostResume'
03:37:47.616895 Changing the VM state from 'SUSPENDED' to 'RESUMING'
03:37:47.617604 AIOMgr: Endpoint for file 'D:\VirtualBox VMs\IDS_IPS\IDS_IPS.vdi' (flags 000c0723) created successfully
03:37:47.620617 Changing the VM state from 'RESUMING' to 'RUNNING'
03:37:47.620652 Console: Machine state changed to 'Running'
03:37:49.609158 GUI: UIMachineLogic: Host-screen count changed
03:37:49.633498 GUI: UIDesktopWidgetWatchdog::sltHandleHostScreenResized: Screen 0 is formally resized to: 0x0 x 1536x864
03:37:49.633532 GUI: UIMachineLogic: Host-screen geometry changed
03:37:49.633545 GUI: UIDesktopWidgetWatchdog::sltHandleHostScreenWorkAreaResized: Screen 0 work area is formally resized to: 0x0 x 1536x816
03:37:49.633550 GUI: UIMachineLogic: Host-screen available-area changed
03:37:51.199524 GUI: UIMachineLogic: Host-screen count changed
03:37:51.591833 VMMDev: vmmDevHeartbeatFlatlinedTimer: Guest seems to be unresponsive. Last heartbeat received 4 seconds ago
03:37:51.897534 GUI: UIDesktopWidgetWatchdog::sltHandleHostScreenResized: Screen 1 is formally resized to: -1920x0 x 1536x864
03:37:51.897740 GUI: UIMachineLogic: Host-screen geometry changed
03:37:51.897757 GUI: UIDesktopWidgetWatchdog::sltHandleHostScreenWorkAreaResized: Screen 1 work area is formally resized to: -1920x0 x 1536x816
03:37:51.897794 GUI: UIMachineLogic: Host-screen available-area changed
03:38:05.565776 WasAPI: Device state for '{0.0.0.00000000}.{84d55425-7a0a-4e5a-8dd3-6ca262647c4a}' changed to ACTIVE (0x1)
03:38:05.565808 Audio: Device configuration of driver 'WasAPI' has changed
03:38:06.857197 Audio: Found 5 devices for driver 'WasAPI'
03:38:06.857237 Audio: Device 'Speaker (Realtek(R) Audio)':
03:38:06.857238 Audio:   ID              = {0.0.0.00000000}.{f3f11c6b-1213-4b06-bc9b-2c5347df0a6d}
03:38:06.857238 Audio:   Usage           = output
03:38:06.857239 Audio:   Flags           = DEFAULT_OUT
03:38:06.857240 Audio:   Input channels  = 0
03:38:06.857240 Audio:   Output channels = 2
03:38:06.857253 Audio: Device 'VA249HG (HD Audio Driver for Display Audio)':
03:38:06.857253 Audio:   ID              = {0.0.0.00000000}.{84d55425-7a0a-4e5a-8dd3-6ca262647c4a}
03:38:06.857254 Audio:   Usage           = output
03:38:06.857254 Audio:   Flags           = NONE
03:38:06.857255 Audio:   Input channels  = 0
03:38:06.857255 Audio:   Output channels = 2
03:38:06.857262 Audio: Device 'Speaker (Realtek(R) Audio)':
03:38:06.857263 Audio:   ID              = {0.0.0.00000000}.{f3f11c6b-1213-4b06-bc9b-2c5347df0a6d}
03:38:06.857263 Audio:   Usage           = output
03:38:06.857263 Audio:   Flags           = NONE
03:38:06.857264 Audio:   Input channels  = 0
03:38:06.857264 Audio:   Output channels = 2
03:38:06.857268 Audio: Device 'Microphone Array (Intel® Smart Sound Technology for Digital Microphones)':
03:38:06.857269 Audio:   ID              = {0.0.1.00000000}.{76d89b0a-6656-41f1-a428-aaa7c4315f47}
03:38:06.857269 Audio:   Usage           = input
03:38:06.857270 Audio:   Flags           = DEFAULT_IN
03:38:06.857270 Audio:   Input channels  = 2
03:38:06.857270 Audio:   Output channels = 0
03:38:06.857274 Audio: Device 'Microphone Array (Intel® Smart Sound Technology for Digital Microphones)':
03:38:06.857274 Audio:   ID              = {0.0.1.00000000}.{76d89b0a-6656-41f1-a428-aaa7c4315f47}
03:38:06.857275 Audio:   Usage           = input
03:38:06.857275 Audio:   Flags           = NONE
03:38:06.857275 Audio:   Input channels  = 2
03:38:06.857276 Audio:   Output channels = 0
03:38:14.976023 VMMDev: GuestHeartBeat: Guest is alive (gone 27 384 237 869 ns)
03:38:15.046646 AIOMgr: Async flushes not supported
03:38:19.734393 WasAPI: Device state for '{0.0.1.00000000}.{862e1efa-6e0d-4f0d-8b3e-1dba4c6694be}' changed to UNPLUGGED (0x8)
03:38:19.734433 Audio: Device configuration of driver 'WasAPI' has changed
03:38:20.093494 Audio: Found 5 devices for driver 'WasAPI'
03:38:20.093517 Audio: Device 'Speaker (Realtek(R) Audio)':
03:38:20.093518 Audio:   ID              = {0.0.0.00000000}.{f3f11c6b-1213-4b06-bc9b-2c5347df0a6d}
03:38:20.093519 Audio:   Usage           = output
03:38:20.093519 Audio:   Flags           = DEFAULT_OUT
03:38:20.093519 Audio:   Input channels  = 0
03:38:20.093520 Audio:   Output channels = 2
03:38:20.093524 Audio: Device 'VA249HG (HD Audio Driver for Display Audio)':
03:38:20.093525 Audio:   ID              = {0.0.0.00000000}.{84d55425-7a0a-4e5a-8dd3-6ca262647c4a}
03:38:20.093525 Audio:   Usage           = output
03:38:20.093526 Audio:   Flags           = NONE
03:38:20.093526 Audio:   Input channels  = 0
03:38:20.093526 Audio:   Output channels = 2
03:38:20.093531 Audio: Device 'Speaker (Realtek(R) Audio)':
03:38:20.093531 Audio:   ID              = {0.0.0.00000000}.{f3f11c6b-1213-4b06-bc9b-2c5347df0a6d}
03:38:20.093532 Audio:   Usage           = output
03:38:20.093532 Audio:   Flags           = NONE
03:38:20.093532 Audio:   Input channels  = 0
03:38:20.093532 Audio:   Output channels = 2
03:38:20.093537 Audio: Device 'Microphone Array (Intel® Smart Sound Technology for Digital Microphones)':
03:38:20.093538 Audio:   ID              = {0.0.1.00000000}.{76d89b0a-6656-41f1-a428-aaa7c4315f47}
03:38:20.093538 Audio:   Usage           = input
03:38:20.093539 Audio:   Flags           = DEFAULT_IN
03:38:20.093539 Audio:   Input channels  = 2
03:38:20.093539 Audio:   Output channels = 0
03:38:20.093543 Audio: Device 'Microphone Array (Intel® Smart Sound Technology for Digital Microphones)':
03:38:20.093543 Audio:   ID              = {0.0.1.00000000}.{76d89b0a-6656-41f1-a428-aaa7c4315f47}
03:38:20.093544 Audio:   Usage           = input
03:38:20.093544 Audio:   Flags           = NONE
03:38:20.093544 Audio:   Input channels  = 2
03:38:20.093545 Audio:   Output channels = 0
03:38:21.707318 WasAPI: Device state for '{0.0.0.00000000}.{118781e0-514f-4c20-b0f9-473a82d98599}' changed to UNPLUGGED (0x8)
03:38:21.707359 Audio: Device configuration of driver 'WasAPI' has changed
03:38:21.825687 WasAPI: Device state for '{0.0.0.00000000}.{118781e0-514f-4c20-b0f9-473a82d98599}' changed to UNPLUGGED (0x8)
03:38:21.825702 Audio: Device configuration of driver 'WasAPI' has changed
03:38:21.858225 WasAPI: Device state for '{0.0.0.00000000}.{118781e0-514f-4c20-b0f9-473a82d98599}' changed to ACTIVE (0x1)
03:38:21.858261 Audio: Device configuration of driver 'WasAPI' has changed
03:38:21.892319 Audio: The output device for WasAPI is changing.
03:38:21.892347 Audio: Device configuration of driver 'WasAPI' has changed
03:38:21.916737 WasAPI: Device state for '{0.0.1.00000000}.{862e1efa-6e0d-4f0d-8b3e-1dba4c6694be}' changed to UNPLUGGED (0x8)
03:38:21.916767 Audio: Device configuration of driver 'WasAPI' has changed
03:38:21.941850 WasAPI: Device state for '{0.0.1.00000000}.{862e1efa-6e0d-4f0d-8b3e-1dba4c6694be}' changed to ACTIVE (0x1)
03:38:21.941887 Audio: Device configuration of driver 'WasAPI' has changed
03:38:22.294267 Audio: Found 7 devices for driver 'WasAPI'
03:38:22.294299 Audio: Device 'Headphones (OPPO Enco Buds3 Pro)':
03:38:22.294300 Audio:   ID              = {0.0.0.00000000}.{118781e0-514f-4c20-b0f9-473a82d98599}
03:38:22.294301 Audio:   Usage           = output
03:38:22.294302 Audio:   Flags           = DEFAULT_OUT
03:38:22.294302 Audio:   Input channels  = 0
03:38:22.294303 Audio:   Output channels = 2
03:38:22.294307 Audio: Device 'Headphones (OPPO Enco Buds3 Pro)':
03:38:22.294307 Audio:   ID              = {0.0.0.00000000}.{118781e0-514f-4c20-b0f9-473a82d98599}
03:38:22.294308 Audio:   Usage           = output
03:38:22.294308 Audio:   Flags           = NONE
03:38:22.294308 Audio:   Input channels  = 0
03:38:22.294309 Audio:   Output channels = 2
03:38:22.294312 Audio: Device 'VA249HG (HD Audio Driver for Display Audio)':
03:38:22.294313 Audio:   ID              = {0.0.0.00000000}.{84d55425-7a0a-4e5a-8dd3-6ca262647c4a}
03:38:22.294313 Audio:   Usage           = output
03:38:22.294314 Audio:   Flags           = NONE
03:38:22.294314 Audio:   Input channels  = 0
03:38:22.294314 Audio:   Output channels = 2
03:38:22.294318 Audio: Device 'Speaker (Realtek(R) Audio)':
03:38:22.294318 Audio:   ID              = {0.0.0.00000000}.{f3f11c6b-1213-4b06-bc9b-2c5347df0a6d}
03:38:22.294318 Audio:   Usage           = output
03:38:22.294319 Audio:   Flags           = NONE
03:38:22.294319 Audio:   Input channels  = 0
03:38:22.294319 Audio:   Output channels = 2
03:38:22.294323 Audio: Device 'Microphone Array (Intel® Smart Sound Technology for Digital Microphones)':
03:38:22.294323 Audio:   ID              = {0.0.1.00000000}.{76d89b0a-6656-41f1-a428-aaa7c4315f47}
03:38:22.294324 Audio:   Usage           = input
03:38:22.294324 Audio:   Flags           = DEFAULT_IN
03:38:22.294324 Audio:   Input channels  = 2
03:38:22.294325 Audio:   Output channels = 0
03:38:22.294329 Audio: Device 'Microphone Array (Intel® Smart Sound Technology for Digital Microphones)':
03:38:22.294329 Audio:   ID              = {0.0.1.00000000}.{76d89b0a-6656-41f1-a428-aaa7c4315f47}
03:38:22.294330 Audio:   Usage           = input
03:38:22.294330 Audio:   Flags           = NONE
03:38:22.294330 Audio:   Input channels  = 2
03:38:22.294331 Audio:   Output channels = 0
03:38:22.294334 Audio: Device 'Headset (OPPO Enco Buds3 Pro)':
03:38:22.294334 Audio:   ID              = {0.0.1.00000000}.{862e1efa-6e0d-4f0d-8b3e-1dba4c6694be}
03:38:22.294335 Audio:   Usage           = input
03:38:22.294335 Audio:   Flags           = NONE
03:38:22.294335 Audio:   Input channels  = 1
03:38:22.294336 Audio:   Output channels = 0
03:39:20.395124 TM: Giving up catch-up attempt at a 60 045 913 146 ns lag; new total: 4 717 531 586 663 ns
03:40:22.203945 TM: Giving up catch-up attempt at a 60 022 460 376 ns lag; new total: 4 777 554 047 039 ns
03:41:24.698919 TM: Giving up catch-up attempt at a 60 013 964 420 ns lag; new total: 4 837 568 011 459 ns
03:42:26.728801 TM: Giving up catch-up attempt at a 60 013 203 676 ns lag; new total: 4 897 581 215 135 ns
03:43:28.732189 TM: Giving up catch-up attempt at a 60 003 540 649 ns lag; new total: 4 957 584 755 784 ns
03:44:30.842304 TM: Giving up catch-up attempt at a 60 002 910 165 ns lag; new total: 5 017 587 665 949 ns
03:45:32.575729 TM: Giving up catch-up attempt at a 60 003 139 283 ns lag; new total: 5 077 590 805 232 ns
03:46:35.568210 TM: Giving up catch-up attempt at a 60 046 352 548 ns lag; new total: 5 137 637 157 780 ns
03:47:37.696359 TM: Giving up catch-up attempt at a 60 048 729 946 ns lag; new total: 5 197 685 887 726 ns
03:48:40.108783 TM: Giving up catch-up attempt at a 60 045 505 090 ns lag; new total: 5 257 731 392 816 ns
03:49:42.216363 TM: Giving up catch-up attempt at a 60 084 503 753 ns lag; new total: 5 317 815 896 569 ns
03:50:44.407278 TM: Giving up catch-up attempt at a 60 044 493 228 ns lag; new total: 5 377 860 389 797 ns
03:51:46.415235 TM: Giving up catch-up attempt at a 60 010 179 183 ns lag; new total: 5 437 870 568 980 ns
03:52:48.941604 TM: Giving up catch-up attempt at a 60 030 446 698 ns lag; new total: 5 497 901 015 678 ns
03:53:50.858362 TM: Giving up catch-up attempt at a 60 007 735 008 ns lag; new total: 5 557 908 750 686 ns
03:54:52.949921 TM: Giving up catch-up attempt at a 60 023 661 101 ns lag; new total: 5 617 932 411 787 ns
03:55:53.994885 TM: Giving up catch-up attempt at a 60 010 011 894 ns lag; new total: 5 677 942 423 681 ns
03:56:55.687715 TM: Giving up catch-up attempt at a 60 019 364 382 ns lag; new total: 5 737 961 788 063 ns
03:57:58.664935 TM: Giving up catch-up attempt at a 60 081 142 367 ns lag; new total: 5 798 042 930 430 ns
03:59:00.395195 TM: Giving up catch-up attempt at a 60 002 471 048 ns lag; new total: 5 858 045 401 478 ns
04:00:02.904507 TM: Giving up catch-up attempt at a 60 023 840 127 ns lag; new total: 5 918 069 241 605 ns
04:01:04.950960 TM: Giving up catch-up attempt at a 60 013 722 098 ns lag; new total: 5 978 082 963 703 ns
04:02:07.678763 TM: Giving up catch-up attempt at a 60 007 477 109 ns lag; new total: 6 038 090 440 812 ns
04:03:09.906910 TM: Giving up catch-up attempt at a 60 001 591 719 ns lag; new total: 6 098 092 032 531 ns
04:04:12.233740 TM: Giving up catch-up attempt at a 60 000 883 569 ns lag; new total: 6 158 092 916 100 ns
04:05:14.557877 TM: Giving up catch-up attempt at a 60 013 848 071 ns lag; new total: 6 218 106 764 171 ns
04:06:17.242051 TM: Giving up catch-up attempt at a 60 034 219 207 ns lag; new total: 6 278 140 983 378 ns
04:07:19.558236 TM: Giving up catch-up attempt at a 60 010 064 994 ns lag; new total: 6 338 151 048 372 ns
04:08:21.589565 TM: Giving up catch-up attempt at a 60 014 282 437 ns lag; new total: 6 398 165 330 809 ns
04:09:24.939428 TM: Giving up catch-up attempt at a 60 002 786 263 ns lag; new total: 6 458 168 117 072 ns
04:10:27.291208 TM: Giving up catch-up attempt at a 60 005 522 093 ns lag; new total: 6 518 173 639 165 ns
04:11:29.956065 TM: Giving up catch-up attempt at a 60 009 606 463 ns lag; new total: 6 578 183 245 628 ns
04:12:32.313287 TM: Giving up catch-up attempt at a 60 027 434 447 ns lag; new total: 6 638 210 680 075 ns
04:13:34.673801 TM: Giving up catch-up attempt at a 60 014 850 915 ns lag; new total: 6 698 225 530 990 ns
04:14:37.285573 TM: Giving up catch-up attempt at a 60 046 717 688 ns lag; new total: 6 758 272 248 678 ns
04:15:38.938702 TM: Giving up catch-up attempt at a 60 011 683 959 ns lag; new total: 6 818 283 932 637 ns
04:16:41.893542 TM: Giving up catch-up attempt at a 60 034 454 122 ns lag; new total: 6 878 318 386 759 ns
04:17:43.948198 TM: Giving up catch-up attempt at a 60 002 266 979 ns lag; new total: 6 938 320 653 738 ns
04:18:46.138832 TM: Giving up catch-up attempt at a 60 028 779 311 ns lag; new total: 6 998 349 433 049 ns
04:19:48.582516 TM: Giving up catch-up attempt at a 60 006 902 185 ns lag; new total: 7 058 356 335 234 ns
04:20:51.401198 TM: Giving up catch-up attempt at a 60 019 120 102 ns lag; new total: 7 118 375 455 336 ns
04:21:54.172347 TM: Giving up catch-up attempt at a 60 002 123 542 ns lag; new total: 7 178 377 578 878 ns
04:22:16.138223 Changing the VM state from 'RUNNING' to 'SUSPENDING'
04:22:16.151643 AIOMgr: Endpoint for file 'D:\VirtualBox VMs\IDS_IPS\IDS_IPS.vdi' (flags 000c0781) created successfully
04:22:16.152921 PDMR3Suspend: 14 640 806 ns run time
04:22:16.152941 Changing the VM state from 'SUSPENDING' to 'SUSPENDED'
04:22:16.152950 Console: Machine state changed to 'Paused'
04:22:17.093856 GUI: Request for close-action to power VM off.
04:22:17.094163 GUI: Powering VM off..
04:22:17.100635 Console: Machine state changed to 'Stopping'
04:22:17.101279 Console::powerDown(): A request to power off the VM has been issued (mMachineState=Stopping, InUninit=0)
04:22:17.101788 Changing the VM state from 'SUSPENDED' to 'POWERING_OFF'
04:22:17.101822 ****************** Guest state at power off for VCpu 1 ******************
04:22:17.101844 Guest CPUM (VCPU 1) state: 
04:22:17.101902 rax=0000000000000000 rbx=0000000000000000 rcx=0000000000000000 rdx=0000000000000000
04:22:17.101906 rsi=0000000000000000 rdi=0000000000000000 r8 =0000000000000000 r9 =0000000000000000
04:22:17.101908 r10=0000000000000000 r11=0000000000000000 r12=ffff890b41858000 r13=0000000000000000
04:22:17.101910 r14=0000000000000000 r15=0000000000000000
04:22:17.101910 rip=ffffffff89a5124b rsp=ffffceb5800abe78 rbp=ffffceb5800abe80 iopl=0  iopl=0 nv up ei pl zr na po nc
04:22:17.101916 cs={0010 base=0000000000000000 limit=ffffffff flags=0000a09b}
04:22:17.101917 ds={0000 base=0000000000000000 limit=ffffffff flags=0001c000}
04:22:17.101919 es={0000 base=0000000000000000 limit=ffffffff flags=0001c000}
04:22:17.101919 fs={0000 base=0000000000000000 limit=ffffffff flags=0001c000}
04:22:17.101920 gs={0000 base=ffff890bd9300000 limit=ffffffff flags=0001c000}
04:22:17.101921 ss={0018 base=0000000000000000 limit=ffffffff flags=0000c093}
04:22:17.101922 cr0=0000000080050033 cr2=000059a6e457baf4 cr3=000000000a440005 cr4=00000000000706f0
04:22:17.101924 dr0=0000000000000000 dr1=0000000000000000 dr2=0000000000000000 dr3=0000000000000000
04:22:17.101925 dr4=0000000000000000 dr5=0000000000000000 dr6=00000000ffff0ff0 dr7=0000000000000400
04:22:17.101926 gdtr=fffffe1937331000:007f  idtr=fffffe0000000000:0fff  eflags=00000246
04:22:17.101928 ldtr={0000 base=00000000 limit=ffffffff flags=0001c000}
04:22:17.101929 tr  ={0040 base=fffffe1937333000 limit=00004087 flags=0000008b}
04:22:17.101930 SysEnter={cs=0010 eip=ffffffff89c019b0 esp=fffffe1937333000}
04:22:17.101932 xcr=0000000000000007 xcr1=0000000000000000 xss=0000000000000000 (fXStateMask=0000000000000007)
04:22:17.101934 FCW=037f FSW=0000 FTW=0000 FOP=0000 MXCSR=00001f80 MXCSR_MASK=0000ffff
04:22:17.101935 FPUIP=00000000 CS=0000 Rsrvd1=0000  FPUDP=00000000 DS=0000 Rsvrd2=0000
04:22:17.101937 ST(0)=FPR0={0000'00000000'00000000} t0 +0.0000000000000000000000 * 2 ^ -16383 (*)
04:22:17.101940 ST(1)=FPR1={0000'00000000'00000000} t0 +0.0000000000000000000000 * 2 ^ -16383 (*)
04:22:17.101942 ST(2)=FPR2={0000'00000000'00000000} t0 +0.0000000000000000000000 * 2 ^ -16383 (*)
04:22:17.101944 ST(3)=FPR3={0000'00000000'00000000} t0 +0.0000000000000000000000 * 2 ^ -16383 (*)
04:22:17.101945 ST(4)=FPR4={0000'00000000'00000000} t0 +0.0000000000000000000000 * 2 ^ -16383 (*)
04:22:17.101947 ST(5)=FPR5={0000'00000000'00000000} t0 +0.0000000000000000000000 * 2 ^ -16383 (*)
04:22:17.101949 ST(6)=FPR6={0000'00000000'00000000} t0 +0.0000000000000000000000 * 2 ^ -16383 (*)
04:22:17.101951 ST(7)=FPR7={0000'00000000'00000000} t0 +0.0000000000000000000000 * 2 ^ -16383 (*)
04:22:17.101953 YMM0 =00000000'00000000'00000000'00000000'00000000'0000340a'00000000'00000000
04:22:17.101955 YMM1 =00000000'00000000'00000000'00000000'00000000'1cccd35c'00000000'0000256a
04:22:17.101957 YMM2 =00000000'00000000'00000000'00000000'00000000'00000000'00000000'000000ff
04:22:17.101959 YMM3 =00000000'00000000'00000000'00000000'00000000'00000000'00000000'000000ff
04:22:17.101961 YMM4 =00000000'00000000'00000000'00000000'ffffffff'ffffffff'ffffffff'ffffffff
04:22:17.101963 YMM5 =00000000'00000000'00000000'00000000'ffffffff'ffffffff'ffffffff'ffffffff
04:22:17.101965 YMM6 =00000000'00000000'00000000'00000000'ffffffff'ffffffff'ffffffff'ffffffff
04:22:17.101966 YMM7 =00000000'00000000'00000000'00000000'00007702'b9cac401'00000000'00000045
04:22:17.101968 YMM8 =00000000'00000000'00000000'00000000'00007702'b9f58690'00007702'b9f58140
04:22:17.101970 YMM9 =00000000'00000000'00000000'00000000'00000000'00000000'00000000'00000000
04:22:17.101971 YMM10=00000000'00000000'00000000'00000000'00000000'00000000'00000000'00000000
04:22:17.101973 YMM11=00000000'00000000'00000000'00000000'00000000'00000000'00000000'00000000
04:22:17.101975 YMM12=00000000'00000000'00000000'00000000'00000000'00000000'00000000'00000000
04:22:17.101977 YMM13=00000000'00000000'00000000'00000000'00000000'00000000'00000000'00000000
04:22:17.101978 YMM14=00000000'00000000'00000000'00000000'00000000'00000000'00000000'00000000
04:22:17.101980 YMM15=00000000'00000000'00000000'00000000'00000000'00000000'00000000'00000000
04:22:17.101985 EFER         =0000000000000d01
04:22:17.102051 PAT          =0407050600070106
04:22:17.102052 STAR         =0023001000000000
04:22:17.102053 CSTAR        =0000000000000000
04:22:17.102054 LSTAR        =ffffffff89c00080
04:22:17.102054 SFMASK       =0000000000257fd5
04:22:17.102055 KERNELGSBASE =0000000000000000
04:22:17.102056 MTRR_CAP          =0000000000000510
04:22:17.102057 MTRR_DEF_TYPE     =0000000000000c00
04:22:17.102057 MTRR_FIX64K_00000 =0606060606060606
04:22:17.102058 MTRR_FIX16K_80000 =0606060606060606
04:22:17.102059 MTRR_FIX16K_A0000 =0000000000000000
04:22:17.102059 MTRR_FIX4K_C0000  =0505050505050505
04:22:17.102060 MTRR_FIX4K_C8000  =0505050505050505
04:22:17.102061 MTRR_FIX4K_D0000  =0505050505050505
04:22:17.102061 MTRR_FIX4K_D8000  =0505050505050505
04:22:17.102062 MTRR_FIX4K_E0000  =0505050505050505
04:22:17.102062 MTRR_FIX4K_E8000  =0505050505050505
04:22:17.102063 MTRR_FIX4K_F0000  =0505050505050505
04:22:17.102063 MTRR_FIX4K_F8000  =0505050505050505
04:22:17.102064 MTRR_PHYSBASE[ 0] =0000000000000006 First=0000000000000000      0 MB [WB]
04:22:17.102069 MTRR_PHYSMASK[ 0] =0000007f80000800 Last =000000007fffffff   2047 MB [2048 MB]
04:22:17.102071 MTRR_PHYSBASE[ 1] =0000000080000006 First=0000000080000000   2048 MB [WB]
04:22:17.102072 MTRR_PHYSMASK[ 1] =0000007fe0000800 Last =000000009fffffff   2559 MB [512 MB]
04:22:17.102074 MTRR_PHYSBASE[ 2] =000000009bf00000 First=000000009bf00000   2495 MB [UC]
04:22:17.102075 MTRR_PHYSMASK[ 2] =0000007ffff00800 Last =000000009bffffff   2495 MB [1 MB]
04:22:17.102077 MTRR_PHYSBASE[ 3] =000000009c000000 First=000000009c000000   2496 MB [UC]
04:22:17.102078 MTRR_PHYSMASK[ 3] =0000007ffc000800 Last =000000009fffffff   2559 MB [64 MB]
04:22:17.102079 MTRR_PHYSBASE[ 4] =0000000000000000
04:22:17.102080 MTRR_PHYSMASK[ 4] =0000000000000000
04:22:17.102081 MTRR_PHYSBASE[ 5] =0000000000000000
04:22:17.102081 MTRR_PHYSMASK[ 5] =0000000000000000
04:22:17.102082 MTRR_PHYSBASE[ 6] =0000000000000000
04:22:17.102082 MTRR_PHYSMASK[ 6] =0000000000000000
04:22:17.102083 MTRR_PHYSBASE[ 7] =0000000000000000
04:22:17.102084 MTRR_PHYSMASK[ 7] =0000000000000000
04:22:17.102084 MTRR_PHYSBASE[ 8] =0000000000000000
04:22:17.102085 MTRR_PHYSMASK[ 8] =0000000000000000
04:22:17.102085 MTRR_PHYSBASE[ 9] =0000000000000000
04:22:17.102086 MTRR_PHYSMASK[ 9] =0000000000000000
04:22:17.102087 MTRR_PHYSBASE[10] =0000000000000000
04:22:17.102087 MTRR_PHYSMASK[10] =0000000000000000
04:22:17.102088 MTRR_PHYSBASE[11] =0000000000000000
04:22:17.102089 MTRR_PHYSMASK[11] =0000000000000000
04:22:17.102089 MTRR_PHYSBASE[12] =0000000000000000
04:22:17.102090 MTRR_PHYSMASK[12] =0000000000000000
04:22:17.102091 MTRR_PHYSBASE[13] =0000000000000000
04:22:17.102091 MTRR_PHYSMASK[13] =0000000000000000
04:22:17.102092 MTRR_PHYSBASE[14] =0000000000000000
04:22:17.102093 MTRR_PHYSMASK[14] =0000000000000000
04:22:17.102094 MTRR_PHYSBASE[15] =0000000000000000
04:22:17.102094 MTRR_PHYSMASK[15] =0000000000000000
04:22:17.102097 ***
04:22:17.102104 VCPU[1] hardware virtualization state:
04:22:17.102105 fSavedInhibit                = 0x0
04:22:17.102106 In nested-guest hwvirt mode  = false
04:22:17.102113 Hwvirt state disabled.
04:22:17.102114 ***
04:22:17.102130 Guest paging mode (VCPU #1):  AMD64+NX (changed 3 times), A20 enabled (changed 0 times)
04:22:17.102136 Guest SLAT mode (VCPU #1): Direct
04:22:17.102140 Shadow paging mode (VCPU #1): EPT
04:22:17.102141 Host paging mode:             AMD64+G+NX
04:22:17.102142 ***
04:22:17.102143 ************** End of Guest state at power off for VCpu 1 ***************
04:22:17.102269 ****************** Guest state at power off for VCpu 0 ******************
04:22:17.102277 Guest CPUM (VCPU 0) state: 
04:22:17.102280 rax=0000000000000000 rbx=0000000000000000 rcx=0000000000000000 rdx=0000000000000000
04:22:17.102282 rsi=0000000000000000 rdi=0000000000000000 r8 =0000000000000000 r9 =0000000000000000
04:22:17.102284 r10=0000000000000000 r11=0000000000000000 r12=ffffffff8ae0fd40 r13=0000000000000000
04:22:17.102285 r14=000000000b3a0000 r15=000000000008a000
04:22:17.102286 rip=ffffffff89a5124b rsp=ffffffff8ae03e18 rbp=ffffffff8ae03e20 iopl=0  iopl=0 nv up ei pl zr na po nc
04:22:17.102288 cs={0010 base=0000000000000000 limit=ffffffff flags=0000a09b}
04:22:17.102290 ds={0000 base=0000000000000000 limit=ffffffff flags=0001c000}
04:22:17.102291 es={0000 base=0000000000000000 limit=ffffffff flags=0001c000}
04:22:17.102292 fs={0000 base=0000000000000000 limit=ffffffff flags=0001c000}
04:22:17.102293 gs={0000 base=ffff890bd9200000 limit=ffffffff flags=0001c000}
04:22:17.102294 ss={0018 base=0000000000000000 limit=ffffffff flags=0000c093}
04:22:17.102295 cr0=0000000080050033 cr2=000059a6e4585260 cr3=000000000a440001 cr4=00000000000706f0
04:22:17.102296 dr0=0000000000000000 dr1=0000000000000000 dr2=0000000000000000 dr3=0000000000000000
04:22:17.102298 dr4=0000000000000000 dr5=0000000000000000 dr6=00000000ffff0ff0 dr7=0000000000000400
04:22:17.102299 gdtr=fffffe3d12319000:007f  idtr=fffffe0000000000:0fff  eflags=00000246
04:22:17.102301 ldtr={0000 base=00000000 limit=ffffffff flags=0001c000}
04:22:17.102302 tr  ={0040 base=fffffe3d1231b000 limit=00004087 flags=0000008b}
04:22:17.102303 SysEnter={cs=0010 eip=ffffffff89c019b0 esp=fffffe3d1231b000}
04:22:17.102305 xcr=0000000000000007 xcr1=0000000000000000 xss=0000000000000000 (fXStateMask=0000000000000007)
04:22:17.102306 FCW=037f FSW=0000 FTW=0000 FOP=0000 MXCSR=00001f80 MXCSR_MASK=0000ffff
04:22:17.102308 FPUIP=00000000 CS=0000 Rsrvd1=0000  FPUDP=00000000 DS=0000 Rsvrd2=0000
04:22:17.102309 ST(0)=FPR0={0000'00000000'00000000} t0 +0.0000000000000000000000 * 2 ^ -16383 (*)
04:22:17.102312 ST(1)=FPR1={0000'00000000'00000000} t0 +0.0000000000000000000000 * 2 ^ -16383 (*)
04:22:17.102314 ST(2)=FPR2={0000'00000000'00000000} t0 +0.0000000000000000000000 * 2 ^ -16383 (*)
04:22:17.102315 ST(3)=FPR3={0000'00000000'00000000} t0 +0.0000000000000000000000 * 2 ^ -16383 (*)
04:22:17.102317 ST(4)=FPR4={0000'00000000'00000000} t0 +0.0000000000000000000000 * 2 ^ -16383 (*)
04:22:17.102319 ST(5)=FPR5={0000'00000000'00000000} t0 +0.0000000000000000000000 * 2 ^ -16383 (*)
04:22:17.102320 ST(6)=FPR6={0000'00000000'00000000} t0 +0.0000000000000000000000 * 2 ^ -16383 (*)
04:22:17.102322 ST(7)=FPR7={0000'00000000'00000000} t0 +0.0000000000000000000000 * 2 ^ -16383 (*)
04:22:17.102323 YMM0 =00000000'00000000'00000000'00000000'00000000'00000000'00000000'00000000
04:22:17.102325 YMM1 =00000000'00000000'00000000'00000000'00000000'00000000'ff000000'00000000
04:22:17.102327 YMM2 =00000000'00000000'00000000'00000000'6e2f646d'65747379'732f6e75'722f0001
04:22:17.102329 YMM3 =00000000'00000000'00000000'00000000'00000000'00000000'00000079'6669746f
04:22:17.102331 YMM4 =00000000'00000000'00000000'00000000'00000000'00000000'00000000'00000000
04:22:17.102333 YMM5 =00000000'00000000'00000000'00000000'00000000'00000000'00000000'00000000
04:22:17.102334 YMM6 =00000000'00000000'00000000'00000000'00000000'00000000'00000000'00000000
04:22:17.102336 YMM7 =00000000'00000000'00000000'00000000'00000000'00000000'00000000'00000000
04:22:17.102337 YMM8 =00000000'00000000'00000000'00000000'00005a84'ebc2a3e0'00005a84'ebc2ae30
04:22:17.102339 YMM9 =00000000'00000000'00000000'00000000'64643ee0'8fa64b14'64641366'de63fcc4
04:22:17.102341 YMM10=00000000'00000000'00000000'00000000'64646464'64646435'64646464'64646464
04:22:17.102344 YMM11=00000000'00000000'00000000'00000000'00000000'00000000'00000000'00000000
04:22:17.102345 YMM12=00000000'00000000'00000000'00000000'00000000'00000000'00000000'00000000
04:22:17.102347 YMM13=00000000'00000000'00000000'00000000'00000000'00000000'00000000'00000000
04:22:17.102349 YMM14=00000000'00000000'00000000'00000000'00000000'00000000'00000000'00000000
04:22:17.102350 YMM15=00000000'00000000'00000000'00000000'00000000'00000000'00000000'00000000
04:22:17.102352 EFER         =0000000000000d01
04:22:17.102353 PAT          =0407050600070106
04:22:17.102354 STAR         =0023001000000000
04:22:17.102355 CSTAR        =0000000000000000
04:22:17.102355 LSTAR        =ffffffff89c00080
04:22:17.102356 SFMASK       =0000000000257fd5
04:22:17.102356 KERNELGSBASE =0000000000000000
04:22:17.102357 MTRR_CAP          =0000000000000510
04:22:17.102358 MTRR_DEF_TYPE     =0000000000000c00
04:22:17.102358 MTRR_FIX64K_00000 =0606060606060606
04:22:17.102359 MTRR_FIX16K_80000 =0606060606060606
04:22:17.102360 MTRR_FIX16K_A0000 =0000000000000000
04:22:17.102360 MTRR_FIX4K_C0000  =0505050505050505
04:22:17.102361 MTRR_FIX4K_C8000  =0505050505050505
04:22:17.102361 MTRR_FIX4K_D0000  =0505050505050505
04:22:17.102362 MTRR_FIX4K_D8000  =0505050505050505
04:22:17.102363 MTRR_FIX4K_E0000  =0505050505050505
04:22:17.102363 MTRR_FIX4K_E8000  =0505050505050505
04:22:17.102364 MTRR_FIX4K_F0000  =0505050505050505
04:22:17.102364 MTRR_FIX4K_F8000  =0505050505050505
04:22:17.102365 MTRR_PHYSBASE[ 0] =0000000000000006 First=0000000000000000      0 MB [WB]
04:22:17.102367 MTRR_PHYSMASK[ 0] =0000007f80000800 Last =000000007fffffff   2047 MB [2048 MB]
04:22:17.102369 MTRR_PHYSBASE[ 1] =0000000080000006 First=0000000080000000   2048 MB [WB]
04:22:17.102370 MTRR_PHYSMASK[ 1] =0000007fe0000800 Last =000000009fffffff   2559 MB [512 MB]
04:22:17.102372 MTRR_PHYSBASE[ 2] =000000009bf00000 First=000000009bf00000   2495 MB [UC]
04:22:17.102373 MTRR_PHYSMASK[ 2] =0000007ffff00800 Last =000000009bffffff   2495 MB [1 MB]
04:22:17.102375 MTRR_PHYSBASE[ 3] =000000009c000000 First=000000009c000000   2496 MB [UC]
04:22:17.102376 MTRR_PHYSMASK[ 3] =0000007ffc000800 Last =000000009fffffff   2559 MB [64 MB]
04:22:17.102377 MTRR_PHYSBASE[ 4] =0000000000000000
04:22:17.102378 MTRR_PHYSMASK[ 4] =0000000000000000
04:22:17.102379 MTRR_PHYSBASE[ 5] =0000000000000000
04:22:17.102379 MTRR_PHYSMASK[ 5] =0000000000000000
04:22:17.102380 MTRR_PHYSBASE[ 6] =0000000000000000
04:22:17.102381 MTRR_PHYSMASK[ 6] =0000000000000000
04:22:17.102381 MTRR_PHYSBASE[ 7] =0000000000000000
04:22:17.102382 MTRR_PHYSMASK[ 7] =0000000000000000
04:22:17.102383 MTRR_PHYSBASE[ 8] =0000000000000000
04:22:17.102384 MTRR_PHYSMASK[ 8] =0000000000000000
04:22:17.102384 MTRR_PHYSBASE[ 9] =0000000000000000
04:22:17.102385 MTRR_PHYSMASK[ 9] =0000000000000000
04:22:17.102386 MTRR_PHYSBASE[10] =0000000000000000
04:22:17.102386 MTRR_PHYSMASK[10] =0000000000000000
04:22:17.102387 MTRR_PHYSBASE[11] =0000000000000000
04:22:17.102388 MTRR_PHYSMASK[11] =0000000000000000
04:22:17.102388 MTRR_PHYSBASE[12] =0000000000000000
04:22:17.102389 MTRR_PHYSMASK[12] =0000000000000000
04:22:17.102389 MTRR_PHYSBASE[13] =0000000000000000
04:22:17.102390 MTRR_PHYSMASK[13] =0000000000000000
04:22:17.102391 MTRR_PHYSBASE[14] =0000000000000000
04:22:17.102391 MTRR_PHYSMASK[14] =0000000000000000
04:22:17.102392 MTRR_PHYSBASE[15] =0000000000000000
04:22:17.102392 MTRR_PHYSMASK[15] =0000000000000000
04:22:17.102394 ***
04:22:17.102396 VCPU[0] hardware virtualization state:
04:22:17.102397 fSavedInhibit                = 0x0
04:22:17.102398 In nested-guest hwvirt mode  = false
04:22:17.102400 Hwvirt state disabled.
04:22:17.102400 ***
04:22:17.102406 Guest paging mode (VCPU #0):  AMD64+NX (changed 6352454 times), A20 enabled (changed 2 times)
04:22:17.102408 Guest SLAT mode (VCPU #0): Direct
04:22:17.102409 Shadow paging mode (VCPU #0): EPT
04:22:17.102410 Host paging mode:             AMD64+G+NX
04:22:17.102411 ***
04:22:17.102413 Active Timers (pVM=000001fa43b70000)
04:22:17.102414 pTimerR3         offNext  offPrev  offSched Clock               Time             Expire HzHint State                     Description
04:22:17.102419 000001fa3dfe0180 00000007 ffffffff ffffffff Real           536635313          536634366      0 2-ACTIVE                  VGA Refresh
04:22:17.102432 000001fa3dfe0380 ffffffff 00000003 ffffffff Real           536635313          536635038      0 2-ACTIVE                  CPU Load Timer
04:22:17.102435 000001fa46c10280 ffffffff ffffffff ffffffff Virt       9614806123674      9618788249329      0 2-ACTIVE                  Heartbeat flatlined
04:22:17.102443 000001fa44c90100 00000005 ffffffff ffffffff VrSy       2415290048958      2415337330240     16 2-ACTIVE                  APIC Timer 1
04:22:17.102446 000001fa44c90280 0000000a 00000002 ffffffff VrSy       2415290048958      2415990000000      0 2-ACTIVE                  MC146818 RTC Second
04:22:17.102450 000001fa44c90500 ffffffff 00000005 ffffffff VrSy       2415290048958      2999660079705      0 2-ACTIVE                  ACPI PM
04:22:17.102454 ***
04:22:17.102462 Guest GDT (GCAddr=fffffe3d12319000 limit=7f):
04:22:17.102493 0008 - 0000ffff 00cf9b00 - base=00000000 limit=ffffffff dpl=0 CodeER Accessed Present Page 32-bit 
04:22:17.102495 0010 - 0000ffff 00af9b00 - base=00000000 limit=ffffffff dpl=0 CodeER Accessed Present Page 16-bit 
04:22:17.102497 0018 - 0000ffff 00cf9300 - base=00000000 limit=ffffffff dpl=0 DataRW Accessed Present Page 32-bit 
04:22:17.102499 0020 - 0000ffff 00cffb00 - base=00000000 limit=ffffffff dpl=3 CodeER Accessed Present Page 32-bit 
04:22:17.102500 0028 - 0000ffff 00cff300 - base=00000000 limit=ffffffff dpl=3 DataRW Accessed Present Page 32-bit 
04:22:17.102502 0030 - 0000ffff 00affb00 - base=00000000 limit=ffffffff dpl=3 CodeER Accessed Present Page 16-bit 
04:22:17.102505 0040 - b0004087 12008b31 - base=1231b000 limit=00004087 dpl=0 TSS32Busy Present 16-bit 
04:22:17.102509 0078 - 00000000 0040f500 - base=00000000 limit=00000000 dpl=3 DataDownRO Accessed Present 32-bit 
04:22:17.102510 ************** End of Guest state at power off ***************
04:22:17.102596 Display::i_handleDisplayResize: uScreenId=0 pvVRAM=0000000000000000 w=1280 h=800 bpp=0 cbLine=0x0 flags=0x2 origin=0,0
04:22:17.102631 ERROR [COM]: aRC=E_ACCESSDENIED (0x80070005) aIID={6ac83d89-6ee7-4e33-8ae6-b257b2e81be8} aComponent={ConsoleWrap} aText={The virtual machine is being powered down}, preserve=false aResultDetail=0
04:22:17.104207 PDMR3PowerOff: 1 659 498 ns run time
04:22:17.104234 Changing the VM state from 'POWERING_OFF' to 'OFF'
04:22:17.110705 Changing the VM state from 'OFF' to 'DESTROYING'
04:22:17.110797 ************************* Statistics *************************
04:22:17.110835 /CPUM/MSR-Totals/Reads                         12767 times
04:22:17.110844 /CPUM/MSR-Totals/ReadsRaisingGP                    0 times
04:22:17.110850 /CPUM/MSR-Totals/ReadsUnknown                      1 times
04:22:17.110855 /CPUM/MSR-Totals/Writes                      1049156 times
04:22:17.110861 /CPUM/MSR-Totals/WritesRaisingGP                   0 times
04:22:17.110865 /CPUM/MSR-Totals/WritesToIgnoredBits               1 times
04:22:17.110868 /CPUM/MSR-Totals/WritesUnknown                     0 times
04:22:17.110872 /Devices/8237A/DmaRun                              0 ticks/call (           0 ticks,       0 calls, max         0, min      -1)
04:22:17.110878 /Devices/IDE0/ATA0/Unit0/AtapiDMA                  2 times
04:22:17.110881 /Devices/IDE0/ATA0/Unit0/AtapiPIO               2528 times
04:22:17.110884 /Devices/IDE0/ATA0/Unit0/DMA                       0 times
04:22:17.110892 /Devices/IDE0/ATA0/Unit0/PIO                       0 times
04:22:17.110898 /Devices/IDE0/ATA0/Unit0/ReadBytes                 0 bytes
04:22:17.110902 /Devices/IDE0/ATA0/Unit0/StatusYields          34013 ticks/call (     4319681 ticks,     127 calls, max   1865567, min    2940)
04:22:17.110906 /Devices/IDE0/ATA0/Unit0/WrittenBytes              0 bytes
04:22:17.110909 /Devices/IDE0/ATA0/Unit1/AtapiDMA                  0 times
04:22:17.110913 /Devices/IDE0/ATA0/Unit1/AtapiPIO                  0 times
04:22:17.110916 /Devices/IDE0/ATA0/Unit1/DMA                       0 times
04:22:17.110919 /Devices/IDE0/ATA0/Unit1/PIO                       0 times
04:22:17.110922 /Devices/IDE0/ATA0/Unit1/ReadBytes                 0 bytes
04:22:17.110926 /Devices/IDE0/ATA0/Unit1/StatusYields              0 ticks/call (           0 ticks,       0 calls, max         0, min      -1)
04:22:17.110930 /Devices/IDE0/ATA0/Unit1/WrittenBytes              0 bytes
04:22:17.110934 /Devices/IDE0/ATA1/Unit0/AtapiDMA                  0 times
04:22:17.110937 /Devices/IDE0/ATA1/Unit0/AtapiPIO                  0 times
04:22:17.110940 /Devices/IDE0/ATA1/Unit0/DMA                       0 times
04:22:17.110943 /Devices/IDE0/ATA1/Unit0/PIO                       0 times
04:22:17.110947 /Devices/IDE0/ATA1/Unit0/ReadBytes                 0 bytes
04:22:17.110950 /Devices/IDE0/ATA1/Unit0/StatusYields              0 ticks/call (           0 ticks,       0 calls, max         0, min      -1)
04:22:17.110953 /Devices/IDE0/ATA1/Unit0/WrittenBytes              0 bytes
04:22:17.110957 /Devices/IDE0/ATA1/Unit1/AtapiDMA                  0 times
04:22:17.110960 /Devices/IDE0/ATA1/Unit1/AtapiPIO                  0 times
04:22:17.110964 /Devices/IDE0/ATA1/Unit1/DMA                       0 times
04:22:17.110967 /Devices/IDE0/ATA1/Unit1/PIO                       0 times
04:22:17.110970 /Devices/IDE0/ATA1/Unit1/ReadBytes                 0 bytes
04:22:17.110973 /Devices/IDE0/ATA1/Unit1/StatusYields              0 ticks/call (           0 ticks,       0 calls, max         0, min      -1)
04:22:17.110977 /Devices/IDE0/ATA1/Unit1/WrittenBytes              0 bytes
04:22:17.110980 /Devices/VMMDev/BalloonChunks                      0 count
04:22:17.110984 /Devices/VMMDev/FastIrqAckR3                       0 count
04:22:17.110987 /Devices/VMMDev/FastIrqAckRZ                       0 count
04:22:17.110991 /Devices/VMMDev/HGCM-Kernel/BudgetAvailable 700209834 bytes
04:22:17.110994 /Devices/VMMDev/HGCM-Kernel/BudgetConfig   700209834 bytes
04:22:17.110998 /Devices/VMMDev/HGCM-Kernel/BudgetOverruns         0 bytes
04:22:17.111002 /Devices/VMMDev/HGCM-Kernel/MessageHeapUsage         0 bytes/call (           0 bytes,       0 calls, max         0, min      -1)
04:22:17.111006 /Devices/VMMDev/HGCM-Root/BudgetAvailable  700209834 bytes
04:22:17.111009 /Devices/VMMDev/HGCM-Root/BudgetConfig     700209834 bytes
04:22:17.111012 /Devices/VMMDev/HGCM-Root/BudgetOverruns           0 bytes
04:22:17.111016 /Devices/VMMDev/HGCM-Root/MessageHeapUsage         0 bytes/call (           0 bytes,       0 calls, max         0, min      -1)
04:22:17.111020 /Devices/VMMDev/HGCM-User/BudgetAvailable  700209834 bytes
04:22:17.111023 /Devices/VMMDev/HGCM-User/BudgetConfig     700209834 bytes
04:22:17.111026 /Devices/VMMDev/HGCM-User/BudgetOverruns           0 bytes
04:22:17.111029 /Devices/VMMDev/HGCM-User/MessageHeapUsage         0 bytes/call (           0 bytes,       0 calls, max         0, min      -1)
04:22:17.111032 /Devices/VMMDev/LargeReqBufAllocs                  0 count
04:22:17.111035 /Devices/VMMDev/SlowIrqAck                         0 count
04:22:17.111039 /Devices/apic/0                               409015 times
04:22:17.111047 /Devices/apic/0/Vectors/20                      5087 times
04:22:17.111052 /Devices/apic/0/Vectors/21                      2792 times
04:22:17.111055 /Devices/apic/0/Vectors/22                       158 times
04:22:17.111059 /Devices/apic/0/Vectors/30                       137 times
04:22:17.111080 /Devices/apic/0/Vectors/ec                    380168 times
04:22:17.111086 /Devices/apic/0/Vectors/f6                       292 times
04:22:17.111090 /Devices/apic/0/Vectors/fb                     20081 times
04:22:17.111094 /Devices/apic/0/Vectors/fd                       301 times
04:22:17.111099 /Devices/apic/1                                93384 times
04:22:17.111107 /Devices/apic/1/Vectors/22                        25 times
04:22:17.111110 /Devices/apic/1/Vectors/23                       398 times
04:22:17.111114 /Devices/apic/1/Vectors/24                      9408 times
04:22:17.111150 /Devices/apic/1/Vectors/ec                     67044 times
04:22:17.111154 /Devices/apic/1/Vectors/f6                         5 times
04:22:17.111157 /Devices/apic/1/Vectors/fb                     15914 times
04:22:17.111161 /Devices/apic/1/Vectors/fd                       591 times
04:22:17.111165 /Devices/e1000#0/ReceiveBytes                      0 bytes
04:22:17.111168 /Devices/e1000#0/TransmitBytes                 33148 bytes
04:22:17.111172 /Devices/e1000#0/iStatIntLost                      0 ns
04:22:17.111175 /Devices/e1000#0/iStatIntLostOne                   0 ns
04:22:17.111179 /Devices/e1000#0/u64ArmedAt                        0 ns
04:22:17.111183 /Devices/e1000#0/uStatDescCtx                      0 ns
04:22:17.111186 /Devices/e1000#0/uStatDescDat                      0 ns
04:22:17.111189 /Devices/e1000#0/uStatDescLeg                    119 ns
04:22:17.111193 /Devices/e1000#0/uStatInt                       2792 ns
04:22:17.111196 /Devices/e1000#0/uStatIntEarly                     0 ns
04:22:17.111199 /Devices/e1000#0/uStatIntICS                    2673 ns
04:22:17.111202 /Devices/e1000#0/uStatIntIMS                       1 ns
04:22:17.111206 /Devices/e1000#0/uStatIntLate                      1 ns
04:22:17.111209 /Devices/e1000#0/uStatIntLower                     0 ns
04:22:17.111212 /Devices/e1000#0/uStatIntMasked                    1 ns
04:22:17.111215 /Devices/e1000#0/uStatIntRDTR                      0 ns
04:22:17.111218 /Devices/e1000#0/uStatIntRXDMT0                    0 ns
04:22:17.111221 /Devices/e1000#0/uStatIntRx                        0 ns
04:22:17.111224 /Devices/e1000#0/uStatIntSkip                    120 ns
04:22:17.111228 /Devices/e1000#0/uStatIntTXQE                      0 ns
04:22:17.111231 /Devices/e1000#0/uStatIntTry                    2913 ns
04:22:17.111234 /Devices/e1000#0/uStatIntTx                      119 ns
04:22:17.111237 /Devices/e1000#0/uStatMaxTxDelay                   0 ns
04:22:17.111241 /Devices/e1000#0/uStatNoIntICR                     0 ns
04:22:17.111244 /Devices/e1000#0/uStatRAD                          0 ns
04:22:17.111248 /Devices/e1000#0/uStatRID                          0 ns
04:22:17.111251 /Devices/e1000#0/uStatRxFrm                        0 ns
04:22:17.111255 /Devices/e1000#0/uStatTAD                          0 ns
04:22:17.111258 /Devices/e1000#0/uStatTID                          0 ns
04:22:17.111261 /Devices/e1000#0/uStatTx1514                     119 ns
04:22:17.111264 /Devices/e1000#0/uStatTx16384                      0 ns
04:22:17.111267 /Devices/e1000#0/uStatTx2962                       0 ns
04:22:17.111270 /Devices/e1000#0/uStatTx32768                      0 ns
04:22:17.111273 /Devices/e1000#0/uStatTx4410                       0 ns
04:22:17.111277 /Devices/e1000#0/uStatTx5858                       0 ns
04:22:17.111280 /Devices/e1000#0/uStatTx7306                       0 ns
04:22:17.111283 /Devices/e1000#0/uStatTx8754                       0 ns
04:22:17.111286 /Devices/e1000#0/uStatTxDelayExp                   0 ns
04:22:17.111289 /Devices/e1000#0/uStatTxDelayed                    0 ns
04:22:17.111292 /Devices/e1000#0/uStatTxFrm                      119 ns
04:22:17.111296 /Devices/e1000#0/uStatTxIDE                        0 ns
04:22:17.111299 /Devices/e1000#0/uStatTxLarge                      0 ns
04:22:17.111302 /Devices/e1000#0/uStatTxNoRS                       0 ns
04:22:17.111305 /Devices/e1000#1/ReceiveBytes                      0 bytes
04:22:17.111311 /Devices/e1000#1/TransmitBytes                     0 bytes
04:22:17.111316 /Devices/e1000#1/iStatIntLost                      0 ns
04:22:17.111319 /Devices/e1000#1/iStatIntLostOne                   0 ns
04:22:17.111322 /Devices/e1000#1/u64ArmedAt                        0 ns
04:22:17.111326 /Devices/e1000#1/uStatDescCtx                      0 ns
04:22:17.111330 /Devices/e1000#1/uStatDescDat                      0 ns
04:22:17.111334 /Devices/e1000#1/uStatDescLeg                      0 ns
04:22:17.111339 /Devices/e1000#1/uStatInt                          0 ns
04:22:17.111343 /Devices/e1000#1/uStatIntEarly                     0 ns
04:22:17.111348 /Devices/e1000#1/uStatIntICS                       0 ns
04:22:17.111352 /Devices/e1000#1/uStatIntIMS                       0 ns
04:22:17.111358 /Devices/e1000#1/uStatIntLate                      0 ns
04:22:17.111363 /Devices/e1000#1/uStatIntLower                     0 ns
04:22:17.111368 /Devices/e1000#1/uStatIntMasked                    1 ns
04:22:17.111373 /Devices/e1000#1/uStatIntRDTR                      0 ns
04:22:17.111377 /Devices/e1000#1/uStatIntRXDMT0                    0 ns
04:22:17.111382 /Devices/e1000#1/uStatIntRx                        0 ns
04:22:17.111387 /Devices/e1000#1/uStatIntSkip                      0 ns
04:22:17.111392 /Devices/e1000#1/uStatIntTXQE                      0 ns
04:22:17.111396 /Devices/e1000#1/uStatIntTry                       1 ns
04:22:17.111400 /Devices/e1000#1/uStatIntTx                        0 ns
04:22:17.111404 /Devices/e1000#1/uStatMaxTxDelay                   0 ns
04:22:17.111409 /Devices/e1000#1/uStatNoIntICR                     0 ns
04:22:17.111414 /Devices/e1000#1/uStatRAD                          0 ns
04:22:17.111419 /Devices/e1000#1/uStatRID                          0 ns
04:22:17.111424 /Devices/e1000#1/uStatRxFrm                        0 ns
04:22:17.111429 /Devices/e1000#1/uStatTAD                          0 ns
04:22:17.111433 /Devices/e1000#1/uStatTID                          0 ns
04:22:17.111438 /Devices/e1000#1/uStatTx1514                       0 ns
04:22:17.111442 /Devices/e1000#1/uStatTx16384                      0 ns
04:22:17.111448 /Devices/e1000#1/uStatTx2962                       0 ns
04:22:17.111452 /Devices/e1000#1/uStatTx32768                      0 ns
04:22:17.111457 /Devices/e1000#1/uStatTx4410                       0 ns
04:22:17.111461 /Devices/e1000#1/uStatTx5858                       0 ns
04:22:17.111466 /Devices/e1000#1/uStatTx7306                       0 ns
04:22:17.111470 /Devices/e1000#1/uStatTx8754                       0 ns
04:22:17.111475 /Devices/e1000#1/uStatTxDelayExp                   0 ns
04:22:17.111479 /Devices/e1000#1/uStatTxDelayed                    0 ns
04:22:17.111484 /Devices/e1000#1/uStatTxFrm                        0 ns
04:22:17.111488 /Devices/e1000#1/uStatTxIDE                        0 ns
04:22:17.111493 /Devices/e1000#1/uStatTxLarge                      0 ns
04:22:17.111498 /Devices/e1000#1/uStatTxNoRS                       0 ns
04:22:17.111502 /Devices/e1000#2/ReceiveBytes                      0 bytes
04:22:17.111507 /Devices/e1000#2/TransmitBytes                     0 bytes
04:22:17.111511 /Devices/e1000#2/iStatIntLost                      0 ns
04:22:17.111516 /Devices/e1000#2/iStatIntLostOne                   0 ns
04:22:17.111520 /Devices/e1000#2/u64ArmedAt                        0 ns
04:22:17.111525 /Devices/e1000#2/uStatDescCtx                      0 ns
04:22:17.111529 /Devices/e1000#2/uStatDescDat                      0 ns
04:22:17.111534 /Devices/e1000#2/uStatDescLeg                      0 ns
04:22:17.111539 /Devices/e1000#2/uStatInt                          0 ns
04:22:17.111544 /Devices/e1000#2/uStatIntEarly                     0 ns
04:22:17.111548 /Devices/e1000#2/uStatIntICS                       0 ns
04:22:17.111553 /Devices/e1000#2/uStatIntIMS                       0 ns
04:22:17.111558 /Devices/e1000#2/uStatIntLate                      0 ns
04:22:17.111562 /Devices/e1000#2/uStatIntLower                     0 ns
04:22:17.111570 /Devices/e1000#2/uStatIntMasked                    1 ns
04:22:17.111577 /Devices/e1000#2/uStatIntRDTR                      0 ns
04:22:17.111581 /Devices/e1000#2/uStatIntRXDMT0                    0 ns
04:22:17.111585 /Devices/e1000#2/uStatIntRx                        0 ns
04:22:17.111590 /Devices/e1000#2/uStatIntSkip                      0 ns
04:22:17.111594 /Devices/e1000#2/uStatIntTXQE                      0 ns
04:22:17.111599 /Devices/e1000#2/uStatIntTry                       1 ns
04:22:17.111603 /Devices/e1000#2/uStatIntTx                        0 ns
04:22:17.111607 /Devices/e1000#2/uStatMaxTxDelay                   0 ns
04:22:17.111612 /Devices/e1000#2/uStatNoIntICR                     0 ns
04:22:17.111617 /Devices/e1000#2/uStatRAD                          0 ns
04:22:17.111621 /Devices/e1000#2/uStatRID                          0 ns
04:22:17.111626 /Devices/e1000#2/uStatRxFrm                        0 ns
04:22:17.111630 /Devices/e1000#2/uStatTAD                          0 ns
04:22:17.111634 /Devices/e1000#2/uStatTID                          0 ns
04:22:17.111639 /Devices/e1000#2/uStatTx1514                       0 ns
04:22:17.111643 /Devices/e1000#2/uStatTx16384                      0 ns
04:22:17.111648 /Devices/e1000#2/uStatTx2962                       0 ns
04:22:17.111652 /Devices/e1000#2/uStatTx32768                      0 ns
04:22:17.111656 /Devices/e1000#2/uStatTx4410                       0 ns
04:22:17.111661 /Devices/e1000#2/uStatTx5858                       0 ns
04:22:17.111665 /Devices/e1000#2/uStatTx7306                       0 ns
04:22:17.111670 /Devices/e1000#2/uStatTx8754                       0 ns
04:22:17.111675 /Devices/e1000#2/uStatTxDelayExp                   0 ns
04:22:17.111679 /Devices/e1000#2/uStatTxDelayed                    0 ns
04:22:17.111684 /Devices/e1000#2/uStatTxFrm                        0 ns
04:22:17.111688 /Devices/e1000#2/uStatTxIDE                        0 ns
04:22:17.111693 /Devices/e1000#2/uStatTxLarge                      0 ns
04:22:17.111698 /Devices/e1000#2/uStatTxNoRS                       0 ns
04:22:17.111704 /Devices/ichac97/Stream0/ReSetUp-Change          520 ns/call (        4684 ns,       9 calls, max      1938, min     266)
04:22:17.111710 /Devices/ichac97/Stream0/Reset                  6073 ns/call (        6073 ns,       1 calls, max      6073, min    6073)
04:22:17.111715 /Devices/ichac97/Stream0/WriteBdBar                1 times
04:22:17.111720 /Devices/ichac97/Stream0/WriteCr                   2 times
04:22:17.111725 /Devices/ichac97/Stream0/reg-CR                    0 
04:22:17.111731 /Devices/ichac97/Stream0/reg-SR                    1 
04:22:17.111736 /Devices/ichac97/Stream1/ReSetUp-Change          627 ns/call (        5649 ns,       9 calls, max      2055, min     245)
04:22:17.111741 /Devices/ichac97/Stream1/Reset                   114 ns/call (         114 ns,       1 calls, max       114, min     114)
04:22:17.111746 /Devices/ichac97/Stream1/WriteBdBar                1 times
04:22:17.111751 /Devices/ichac97/Stream1/WriteCr                   2 times
04:22:17.111759 /Devices/ichac97/Stream1/reg-CR                    0 
04:22:17.111765 /Devices/ichac97/Stream1/reg-SR                    1 
04:22:17.111770 /Devices/ichac97/Stream2/ReSetUp-Change          364 ns/call (        3277 ns,       9 calls, max       443, min     271)
04:22:17.111774 /Devices/ichac97/Stream2/Reset                   107 ns/call (         107 ns,       1 calls, max       107, min     107)
04:22:17.111780 /Devices/ichac97/Stream2/WriteBdBar                1 times
04:22:17.111784 /Devices/ichac97/Stream2/WriteCr                   2 times
04:22:17.111794 /Devices/ichac97/Stream2/reg-CR                    0 
04:22:17.111799 /Devices/ichac97/Stream2/reg-SR                    1 
04:22:17.111803 /Devices/ichac97/UnimplementedNabmReads            0 times
04:22:17.111808 /Devices/ichac97/UnimplementedNabmWrites           0 times
04:22:17.111813 /Devices/ichac97/UnimplementedNamReads             0 times
04:22:17.111820 /Devices/ichac97/UnimplementedNamWrites           57 times
04:22:17.111853 /Devices/mc146818/Irq                              0 times
04:22:17.111861 /Devices/mc146818/IrqClear                         0 times
04:22:17.111867 /Devices/mc146818/PiActive                         0 ticks/call (           0 ticks,       0 calls, max         0, min      -1)
04:22:17.111872 /Devices/mc146818/PieFlip                          0 times
04:22:17.111878 /Devices/mc146818/TimerCB                          0 times
04:22:17.111884 /Devices/vga/HgmsiMdaCgaAccesses                   0 times
04:22:17.111888 /Devices/vga/VMSVGA/Cmd/3dActivateSurface          0 times
04:22:17.111891 /Devices/vga/VMSVGA/Cmd/3dBeginQuery               0 times
04:22:17.111894 /Devices/vga/VMSVGA/Cmd/3dBlitSurfaceToScreenProf         0 ticks/call (           0 ticks,       0 calls, max         0, min      -1)
04:22:17.111899 /Devices/vga/VMSVGA/Cmd/3dClear                    0 times
04:22:17.111902 /Devices/vga/VMSVGA/Cmd/3dContextDefine            0 times
04:22:17.111906 /Devices/vga/VMSVGA/Cmd/3dContextDestroy           0 times
04:22:17.111909 /Devices/vga/VMSVGA/Cmd/3dDeactivateSurface         0 times
04:22:17.111912 /Devices/vga/VMSVGA/Cmd/3dDrawPrimitives           0 times
04:22:17.111916 /Devices/vga/VMSVGA/Cmd/3dEndQuery                 0 times
04:22:17.111919 /Devices/vga/VMSVGA/Cmd/3dGenerateMipmaps          0 times
04:22:17.111922 /Devices/vga/VMSVGA/Cmd/3dPresent                  0 times
04:22:17.111926 /Devices/vga/VMSVGA/Cmd/3dPresentReadBack          0 times
04:22:17.111929 /Devices/vga/VMSVGA/Cmd/3dSetClipPlane             0 times
04:22:17.111932 /Devices/vga/VMSVGA/Cmd/3dSetLightData             0 times
04:22:17.111935 /Devices/vga/VMSVGA/Cmd/3dSetLightEnable           0 times
04:22:17.111938 /Devices/vga/VMSVGA/Cmd/3dSetMaterial              0 times
04:22:17.111941 /Devices/vga/VMSVGA/Cmd/3dSetRenderState           0 times
04:22:17.111945 /Devices/vga/VMSVGA/Cmd/3dSetRenderTarget          0 times
04:22:17.111948 /Devices/vga/VMSVGA/Cmd/3dSetScissorRect           0 times
04:22:17.111951 /Devices/vga/VMSVGA/Cmd/3dSetShader                0 times
04:22:17.111954 /Devices/vga/VMSVGA/Cmd/3dSetShaderConst           0 times
04:22:17.111957 /Devices/vga/VMSVGA/Cmd/3dSetTextureState          0 times
04:22:17.111960 /Devices/vga/VMSVGA/Cmd/3dSetTransform             0 times
04:22:17.111963 /Devices/vga/VMSVGA/Cmd/3dSetViewPort              0 times
04:22:17.111966 /Devices/vga/VMSVGA/Cmd/3dSetZRange                0 times
04:22:17.111970 /Devices/vga/VMSVGA/Cmd/3dShaderDefine             0 times
04:22:17.111973 /Devices/vga/VMSVGA/Cmd/3dShaderDestroy            0 times
04:22:17.111976 /Devices/vga/VMSVGA/Cmd/3dSurfaceCopy              0 times
04:22:17.111979 /Devices/vga/VMSVGA/Cmd/3dSurfaceDefine            0 times
04:22:17.111982 /Devices/vga/VMSVGA/Cmd/3dSurfaceDefineV2          0 times
04:22:17.111985 /Devices/vga/VMSVGA/Cmd/3dSurfaceDestroy           0 times
04:22:17.111988 /Devices/vga/VMSVGA/Cmd/3dSurfaceDma               0 times
04:22:17.111992 /Devices/vga/VMSVGA/Cmd/3dSurfaceScreen            0 times
04:22:17.111995 /Devices/vga/VMSVGA/Cmd/3dSurfaceStretchBlt         0 times
04:22:17.111997 /Devices/vga/VMSVGA/Cmd/3dWaitForQuery             0 times
04:22:17.112000 /Devices/vga/VMSVGA/Cmd/AnnotationCopy             0 times
04:22:17.112004 /Devices/vga/VMSVGA/Cmd/AnnotationFill             0 times
04:22:17.112007 /Devices/vga/VMSVGA/Cmd/BlitGmrFbToScreen          0 times
04:22:17.112010 /Devices/vga/VMSVGA/Cmd/BlitScreentoGmrFb          0 times
04:22:17.112013 /Devices/vga/VMSVGA/Cmd/DefineAlphaCursor          0 times
04:22:17.112016 /Devices/vga/VMSVGA/Cmd/DefineCursor               0 times
04:22:17.112019 /Devices/vga/VMSVGA/Cmd/DefineGmr2                 0 times
04:22:17.112023 /Devices/vga/VMSVGA/Cmd/DefineGmr2/Free            0 times
04:22:17.112026 /Devices/vga/VMSVGA/Cmd/DefineGmr2/Modify          0 times
04:22:17.112030 /Devices/vga/VMSVGA/Cmd/DefineGmrFb                0 times
04:22:17.112036 /Devices/vga/VMSVGA/Cmd/DefineScreen               0 times
04:22:17.112041 /Devices/vga/VMSVGA/Cmd/DestroyScreen              0 times
04:22:17.112045 /Devices/vga/VMSVGA/Cmd/DisplayCursor              0 times
04:22:17.112048 /Devices/vga/VMSVGA/Cmd/Escape                     0 times
04:22:17.112051 /Devices/vga/VMSVGA/Cmd/Fence                  19423 times
04:22:17.112055 /Devices/vga/VMSVGA/Cmd/InvalidCmd                 0 times
04:22:17.112058 /Devices/vga/VMSVGA/Cmd/MoveCursor                 0 times
04:22:17.112062 /Devices/vga/VMSVGA/Cmd/RectCopy                   0 times
04:22:17.112065 /Devices/vga/VMSVGA/Cmd/RectFill                   0 times
04:22:17.112068 /Devices/vga/VMSVGA/Cmd/RectRopCopy                0 times
04:22:17.112072 /Devices/vga/VMSVGA/Cmd/RemapGmr2                  0 times
04:22:17.112075 /Devices/vga/VMSVGA/Cmd/RemapGmr2/Modify           0 times
04:22:17.112078 /Devices/vga/VMSVGA/Cmd/Update                     0 times
04:22:17.112081 /Devices/vga/VMSVGA/Cmd/UpdateVerbose              0 times
04:22:17.112085 /Devices/vga/VMSVGA/EmtDelayOnBusyFifo             0 ticks/call (           0 ticks,       0 calls, max         0, min      -1)
04:22:17.112089 /Devices/vga/VMSVGA/FifoCommands                   0 times
04:22:17.112092 /Devices/vga/VMSVGA/FifoCursorFetchAgain           0 times
04:22:17.112095 /Devices/vga/VMSVGA/FifoCursorNoChange             0 times
04:22:17.112099 /Devices/vga/VMSVGA/FifoCursorPosition             0 times
04:22:17.112102 /Devices/vga/VMSVGA/FifoCursorVisiblity            0 times
04:22:17.112105 /Devices/vga/VMSVGA/FifoErrors                     0 times
04:22:17.112109 /Devices/vga/VMSVGA/FifoExtendedSleep      106453913 ticks/call (6116628975160 ticks,   57458 calls, max 1150952689415, min    4321)
04:22:17.112113 /Devices/vga/VMSVGA/FifoStalls                     0 ticks/call (           0 ticks,       0 calls, max         0, min      -1)
04:22:17.112118 /Devices/vga/VMSVGA/FifoTodoTimeout                5 times
04:22:17.112121 /Devices/vga/VMSVGA/FifoTodoWoken              19398 times
04:22:17.112124 /Devices/vga/VMSVGA/FifoUnknownCommands            0 times
04:22:17.112129 /Devices/vga/VMSVGA/FifoWatchdogWakeUps       113966 times
04:22:17.112133 /Devices/vga/VMSVGA/Reg/BitsPerPixelRead           0 times
04:22:17.112136 /Devices/vga/VMSVGA/Reg/BitsPerPixelWrite          0 times
04:22:17.112139 /Devices/vga/VMSVGA/Reg/BlueMaskRead               0 times
04:22:17.112143 /Devices/vga/VMSVGA/Reg/BusyRead                   0 times
04:22:17.112146 /Devices/vga/VMSVGA/Reg/BusyWrite                  0 times
04:22:17.112150 /Devices/vga/VMSVGA/Reg/BytesPerLineRead           0 times
04:22:17.112153 /Devices/vga/VMSVGA/Reg/CapabilitesRead            1 times
04:22:17.112156 /Devices/vga/VMSVGA/Reg/CmdPrependHighRead         0 times
04:22:17.112159 /Devices/vga/VMSVGA/Reg/CmdPrependHighWrite         0 times
04:22:17.112163 /Devices/vga/VMSVGA/Reg/CmdPrependLowRead          0 times
04:22:17.112166 /Devices/vga/VMSVGA/Reg/CmdPrependLowWrite         0 times
04:22:17.112172 /Devices/vga/VMSVGA/Reg/CommandHighRead            0 times
04:22:17.112177 /Devices/vga/VMSVGA/Reg/CommandHighWrite       19424 times
04:22:17.112181 /Devices/vga/VMSVGA/Reg/CommandLowRead             0 times
04:22:17.112185 /Devices/vga/VMSVGA/Reg/CommandLowWrite        19424 times
04:22:17.112190 /Devices/vga/VMSVGA/Reg/ConfigDoneRead             1 times
04:22:17.112194 /Devices/vga/VMSVGA/Reg/ConfigDoneWrite            1 times
04:22:17.112199 /Devices/vga/VMSVGA/Reg/CursorIdRead               0 times
04:22:17.112203 /Devices/vga/VMSVGA/Reg/CursorIdWrite              0 times
04:22:17.112208 /Devices/vga/VMSVGA/Reg/CursorOnRead               0 times
04:22:17.112212 /Devices/vga/VMSVGA/Reg/CursorOnWrite              0 times
04:22:17.112216 /Devices/vga/VMSVGA/Reg/CursorXRead                0 times
04:22:17.112220 /Devices/vga/VMSVGA/Reg/CursorXWrite               0 times
04:22:17.112225 /Devices/vga/VMSVGA/Reg/CursorYRead                0 times
04:22:17.112230 /Devices/vga/VMSVGA/Reg/CursorYWrite               0 times
04:22:17.112237 /Devices/vga/VMSVGA/Reg/DepthRead                  0 times
04:22:17.112243 /Devices/vga/VMSVGA/Reg/DepthWrite                 0 times
04:22:17.112247 /Devices/vga/VMSVGA/Reg/DevCapRead               264 times
04:22:17.112252 /Devices/vga/VMSVGA/Reg/DevCapWrite              264 times
04:22:17.112256 /Devices/vga/VMSVGA/Reg/DisplayHeightRead          0 times
04:22:17.112261 /Devices/vga/VMSVGA/Reg/DisplayHeightWrite         0 times
04:22:17.112266 /Devices/vga/VMSVGA/Reg/DisplayIdRead              0 times
04:22:17.112270 /Devices/vga/VMSVGA/Reg/DisplayIdWrite             0 times
04:22:17.112275 /Devices/vga/VMSVGA/Reg/DisplayIsPrimaryRead         0 times
04:22:17.112280 /Devices/vga/VMSVGA/Reg/DisplayIsPrimaryWrite         0 times
04:22:17.112285 /Devices/vga/VMSVGA/Reg/DisplayPositionXRead         0 times
04:22:17.112289 /Devices/vga/VMSVGA/Reg/DisplayPositionXWrite         0 times
04:22:17.112294 /Devices/vga/VMSVGA/Reg/DisplayPositionYRead         0 times
04:22:17.112298 /Devices/vga/VMSVGA/Reg/DisplayPositionYWrite         0 times
04:22:17.112302 /Devices/vga/VMSVGA/Reg/DisplayWidthRead           0 times
04:22:17.112306 /Devices/vga/VMSVGA/Reg/DisplayWidthWrite          0 times
04:22:17.112310 /Devices/vga/VMSVGA/Reg/EnableRead                 1 times
04:22:17.112315 /Devices/vga/VMSVGA/Reg/EnableWrite                4 times
04:22:17.112320 /Devices/vga/VMSVGA/Reg/FbOffsetRead               0 times
04:22:17.112324 /Devices/vga/VMSVGA/Reg/FbSizeRead                 0 times
04:22:17.112330 /Devices/vga/VMSVGA/Reg/FbStartRead                0 times
04:22:17.112335 /Devices/vga/VMSVGA/Reg/GBMemSizeRead              1 times
04:22:17.112340 /Devices/vga/VMSVGA/Reg/GmrDescriptorWrite         0 times
04:22:17.112345 /Devices/vga/VMSVGA/Reg/GmrDescriptorWrite/Errors         0 times
04:22:17.112350 /Devices/vga/VMSVGA/Reg/GmrDescriptorWrite/Free         0 times
04:22:17.112355 /Devices/vga/VMSVGA/Reg/GmrIdRead                  0 times
04:22:17.112360 /Devices/vga/VMSVGA/Reg/GmrIdWrite                 0 times
04:22:17.112365 /Devices/vga/VMSVGA/Reg/GmrMaxDescriptorLengthRead         0 times
04:22:17.112370 /Devices/vga/VMSVGA/Reg/GmrMaxIdsRead              1 times
04:22:17.112375 /Devices/vga/VMSVGA/Reg/GmrsMaxPagesRead           1 times
04:22:17.112380 /Devices/vga/VMSVGA/Reg/GreenMaskRead              0 times
04:22:17.112385 /Devices/vga/VMSVGA/Reg/GuestIdRead                0 times
04:22:17.112390 /Devices/vga/VMSVGA/Reg/GuestIdWrite               0 times
04:22:17.112395 /Devices/vga/VMSVGA/Reg/HeightRead                 2 times
04:22:17.112400 /Devices/vga/VMSVGA/Reg/HeightWrite                0 times
04:22:17.112404 /Devices/vga/VMSVGA/Reg/HostBitsPerPixelRead         0 times
04:22:17.112409 /Devices/vga/VMSVGA/Reg/IdRead                     1 times
04:22:17.112415 /Devices/vga/VMSVGA/Reg/IdWrite                    1 times
04:22:17.112419 /Devices/vga/VMSVGA/Reg/IrqMaskRead                0 times
04:22:17.112424 /Devices/vga/VMSVGA/Reg/IrqMaskWrite               1 times
04:22:17.112428 /Devices/vga/VMSVGA/Reg/MaxHeightRead              1 times
04:22:17.112433 /Devices/vga/VMSVGA/Reg/MaxPrimBBMemRead           1 times
04:22:17.112438 /Devices/vga/VMSVGA/Reg/MaxWidthRead               1 times
04:22:17.112442 /Devices/vga/VMSVGA/Reg/MemRegsRead                1 times
04:22:17.112446 /Devices/vga/VMSVGA/Reg/MemSizeRead                1 times
04:22:17.112450 /Devices/vga/VMSVGA/Reg/MemStartRead               0 times
04:22:17.112455 /Devices/vga/VMSVGA/Reg/MemorySizeRead             1 times
04:22:17.112460 /Devices/vga/VMSVGA/Reg/MobMaxSizeRead             1 times
04:22:17.112465 /Devices/vga/VMSVGA/Reg/NumDisplaysRead           16 times
04:22:17.112470 /Devices/vga/VMSVGA/Reg/NumDisplaysWrite           0 times
04:22:17.112474 /Devices/vga/VMSVGA/Reg/NumGuestDisplaysRead         0 times
04:22:17.112478 /Devices/vga/VMSVGA/Reg/NumGuestDisplaysWrite         0 times
04:22:17.112482 /Devices/vga/VMSVGA/Reg/PaletteRead                0 times
04:22:17.112494 /Devices/vga/VMSVGA/Reg/PaletteWrite               0 times
04:22:17.112500 /Devices/vga/VMSVGA/Reg/PitchLockRead              0 times
04:22:17.112506 /Devices/vga/VMSVGA/Reg/PitchLockWrite             0 times
04:22:17.112510 /Devices/vga/VMSVGA/Reg/PseudoColorWrite           0 times
04:22:17.112515 /Devices/vga/VMSVGA/Reg/PsuedoColorRead            0 times
04:22:17.112519 /Devices/vga/VMSVGA/Reg/ReadOnlyWrite              0 times
04:22:17.112527 /Devices/vga/VMSVGA/Reg/RedMaskRead                0 times
04:22:17.112532 /Devices/vga/VMSVGA/Reg/ScratchRead                0 times
04:22:17.112536 /Devices/vga/VMSVGA/Reg/ScratchSizeRead            0 times
04:22:17.112540 /Devices/vga/VMSVGA/Reg/ScratchWrite               0 times
04:22:17.112547 /Devices/vga/VMSVGA/Reg/ScrnTgtMaxHeightRead         1 times
04:22:17.112552 /Devices/vga/VMSVGA/Reg/ScrnTgtMaxWidthRead         1 times
04:22:17.112560 /Devices/vga/VMSVGA/Reg/SyncRead                   0 times
04:22:17.112564 /Devices/vga/VMSVGA/Reg/SyncWrite                  0 times
04:22:17.112570 /Devices/vga/VMSVGA/Reg/TopRead                    0 times
04:22:17.112576 /Devices/vga/VMSVGA/Reg/TopWrite                   0 times
04:22:17.112581 /Devices/vga/VMSVGA/Reg/TracesRead                 1 times
04:22:17.112585 /Devices/vga/VMSVGA/Reg/TracesWrite                1 times
04:22:17.112590 /Devices/vga/VMSVGA/Reg/UnknownRead                0 times
04:22:17.112596 /Devices/vga/VMSVGA/Reg/UnknownWrite               0 times
04:22:17.112601 /Devices/vga/VMSVGA/Reg/VramSizeRead               1 times
04:22:17.112606 /Devices/vga/VMSVGA/Reg/WidthRead                  2 times
04:22:17.112612 /Devices/vga/VMSVGA/Reg/WidthWrite                 0 times
04:22:17.112617 /Devices/vga/VMSVGA/Reg/WriteOnlyRead              0 times
04:22:17.112652 /Drivers/AUDIO-0/TotalStreamsCreated               0 count
04:22:17.112665 /Drivers/AUDIO-1/TotalStreamsCreated               0 count
04:22:17.112669 /Drivers/AUDIO-2/TotalStreamsCreated               0 count
04:22:17.112728 /EM/CPU0/ExitHashing/Used                          0 times
04:22:17.112733 /EM/CPU0/ExitOpt/Exec                              0 ticks/call (           0 ticks,       0 calls, max         0, min      -1)
04:22:17.112737 /EM/CPU0/ExitOpt/ExecInstructions                  0 times
04:22:17.112740 /EM/CPU0/ExitOpt/ExecSavedExit                     0 times
04:22:17.112743 /EM/CPU0/ExitOpt/Probe                             0 ticks/call (           0 ticks,       0 calls, max         0, min      -1)
04:22:17.112747 /EM/CPU0/ExitOpt/ProbeInstructions                 0 times
04:22:17.112750 /EM/CPU0/ExitOpt/ProbedExecWithMax                 0 times
04:22:17.112753 /EM/CPU0/ExitOpt/ProbedNormal                      0 times
04:22:17.112757 /EM/CPU0/ExitOpt/ProbedToRing3                     0 times
04:22:17.112766 /EM/CPU1/ExitHashing/Used                          0 times
04:22:17.112771 /EM/CPU1/ExitOpt/Exec                              0 ticks/call (           0 ticks,       0 calls, max         0, min      -1)
04:22:17.112777 /EM/CPU1/ExitOpt/ExecInstructions                  0 times
04:22:17.112782 /EM/CPU1/ExitOpt/ExecSavedExit                     0 times
04:22:17.112787 /EM/CPU1/ExitOpt/Probe                             0 ticks/call (           0 ticks,       0 calls, max         0, min      -1)
04:22:17.112793 /EM/CPU1/ExitOpt/ProbeInstructions                 0 times
04:22:17.112798 /EM/CPU1/ExitOpt/ProbedExecWithMax                 0 times
04:22:17.112803 /EM/CPU1/ExitOpt/ProbedNormal                      0 times
04:22:17.112808 /EM/CPU1/ExitOpt/ProbedToRing3                     0 times
04:22:17.112814 /GIM/Hypercalls                                   10 times
04:22:17.112819 /GMM/ChunkTlbHits                              38154 times
04:22:17.112824 /GMM/ChunkTlbMisses                              585 times
04:22:17.112840 /GMM/VM/Allocated/cBasePages                  189287 pages
04:22:17.112846 /GMM/VM/Allocated/cFixedPages                      0 pages
04:22:17.112855 /GMM/VM/Allocated/cShadowPages                     0 pages
04:22:17.112862 /GMM/VM/Reserved/cBasePages                   638823 pages
04:22:17.112867 /GMM/VM/Reserved/cFixedPages                    5636 pages
04:22:17.112872 /GMM/VM/Reserved/cShadowPages                      1 pages
04:22:17.112877 /GMM/VM/cBalloonedPages                            0 pages
04:22:17.112882 /GMM/VM/cMaxBalloonedPages                         0 pages
04:22:17.112887 /GMM/VM/cPrivatePages                         189287 pages
04:22:17.112892 /GMM/VM/cReqActuallyBalloonedPages                 0 pages
04:22:17.112896 /GMM/VM/cReqBalloonedPages                         0 pages
04:22:17.112901 /GMM/VM/cReqDeflatePages                           0 pages
04:22:17.112907 /GMM/VM/cShareableModules                          0 count
04:22:17.112912 /GMM/VM/cSharedPages                               0 pages
04:22:17.112917 /GMM/VM/enmPolicy                                  1 
04:22:17.112923 /GMM/VM/enmPriority                                2 
04:22:17.112927 /GMM/VM/fBallooningEnabled                 false    
04:22:17.112932 /GMM/VM/fMayAllocate                       true     
04:22:17.112936 /GMM/VM/fSharedPagingEnabled               false    
04:22:17.112941 /GMM/cAllocatedPages                          189287 pages
04:22:17.112946 /GMM/cBalloonedPages                               0 pages
04:22:17.112951 /GMM/cChunks                                     370 count
04:22:17.112956 /GMM/cDuplicatePages                               0 pages
04:22:17.112961 /GMM/cFreedChunks                                287 count
04:22:17.112966 /GMM/cLeftBehindSharedPages                        0 pages
04:22:17.112971 /GMM/cMaxPages                             4294967295 pages
04:22:17.112976 /GMM/cOverCommittedPages                           0 pages
04:22:17.112981 /GMM/cReservedPages                           644460 pages
04:22:17.112987 /GMM/cShareableModules                             0 count
04:22:17.112992 /GMM/cSharedPages                                  0 pages
04:22:17.112997 /GMM/idFreeGeneration                            160 
04:22:17.113188 /GVMM/EMTs                                         2 count
04:22:17.113201 /GVMM/HostCPUs                                     8 count
04:22:17.113206 /GVMM/HostCpus/0                                   0 
04:22:17.113211 /GVMM/HostCpus/0/CurTimerHz                        0 Hz
04:22:17.113216 /GVMM/HostCpus/0/DesiredHz                         0 Hz
04:22:17.113221 /GVMM/HostCpus/0/PPTChanges                        0 times
04:22:17.113225 /GVMM/HostCpus/0/PPTStarts                         0 times
04:22:17.113231 /GVMM/HostCpus/0/idxCpuSet                         0 
04:22:17.113234 /GVMM/HostCpus/1                                   1 
04:22:17.113238 /GVMM/HostCpus/1/CurTimerHz                        0 Hz
04:22:17.113241 /GVMM/HostCpus/1/DesiredHz                         0 Hz
04:22:17.113244 /GVMM/HostCpus/1/PPTChanges                        0 times
04:22:17.113247 /GVMM/HostCpus/1/PPTStarts                         0 times
04:22:17.113250 /GVMM/HostCpus/1/idxCpuSet                         1 
04:22:17.113254 /GVMM/HostCpus/2                                   2 
04:22:17.113257 /GVMM/HostCpus/2/CurTimerHz                        0 Hz
04:22:17.113260 /GVMM/HostCpus/2/DesiredHz                         0 Hz
04:22:17.113264 /GVMM/HostCpus/2/PPTChanges                        0 times
04:22:17.113267 /GVMM/HostCpus/2/PPTStarts                         0 times
04:22:17.113270 /GVMM/HostCpus/2/idxCpuSet                         2 
04:22:17.113273 /GVMM/HostCpus/3                                   3 
04:22:17.113276 /GVMM/HostCpus/3/CurTimerHz                        0 Hz
04:22:17.113279 /GVMM/HostCpus/3/DesiredHz                         0 Hz
04:22:17.113283 /GVMM/HostCpus/3/PPTChanges                        0 times
04:22:17.113286 /GVMM/HostCpus/3/PPTStarts                         0 times
04:22:17.113289 /GVMM/HostCpus/3/idxCpuSet                         3 
04:22:17.113295 /GVMM/HostCpus/4                                   4 
04:22:17.113300 /GVMM/HostCpus/4/CurTimerHz                        0 Hz
04:22:17.113303 /GVMM/HostCpus/4/DesiredHz                         0 Hz
04:22:17.113307 /GVMM/HostCpus/4/PPTChanges                        0 times
04:22:17.113310 /GVMM/HostCpus/4/PPTStarts                         0 times
04:22:17.113313 /GVMM/HostCpus/4/idxCpuSet                         4 
04:22:17.113316 /GVMM/HostCpus/5                                   5 
04:22:17.113320 /GVMM/HostCpus/5/CurTimerHz                        0 Hz
04:22:17.113323 /GVMM/HostCpus/5/DesiredHz                         0 Hz
04:22:17.113326 /GVMM/HostCpus/5/PPTChanges                        0 times
04:22:17.113329 /GVMM/HostCpus/5/PPTStarts                         0 times
04:22:17.113332 /GVMM/HostCpus/5/idxCpuSet                         5 
04:22:17.113336 /GVMM/HostCpus/6                                   6 
04:22:17.113339 /GVMM/HostCpus/6/CurTimerHz                        0 Hz
04:22:17.113342 /GVMM/HostCpus/6/DesiredHz                         0 Hz
04:22:17.113346 /GVMM/HostCpus/6/PPTChanges                        0 times
04:22:17.113349 /GVMM/HostCpus/6/PPTStarts                         0 times
04:22:17.113352 /GVMM/HostCpus/6/idxCpuSet                         6 
04:22:17.113355 /GVMM/HostCpus/7                                   7 
04:22:17.113359 /GVMM/HostCpus/7/CurTimerHz                        0 Hz
04:22:17.113363 /GVMM/HostCpus/7/DesiredHz                         0 Hz
04:22:17.113366 /GVMM/HostCpus/7/PPTChanges                        0 times
04:22:17.113369 /GVMM/HostCpus/7/PPTStarts                         0 times
04:22:17.113372 /GVMM/HostCpus/7/idxCpuSet                         7 
04:22:17.113376 /GVMM/Sum/HaltBlocking                        529391 calls
04:22:17.113379 /GVMM/Sum/HaltCalls                           529503 calls
04:22:17.113382 /GVMM/Sum/HaltNotBlocking                        124 calls
04:22:17.113386 /GVMM/Sum/HaltTimeouts                        226096 calls
04:22:17.113389 /GVMM/Sum/HaltWakeUps                              0 calls
04:22:17.113392 /GVMM/Sum/PokeCalls                            53525 calls
04:22:17.113396 /GVMM/Sum/PokeNotBusy                           5768 calls
04:22:17.113399 /GVMM/Sum/PollCalls                             2258 calls
04:22:17.113402 /GVMM/Sum/PollHalts                                0 calls
04:22:17.113406 /GVMM/Sum/PollWakeUps                              0 calls
04:22:17.113409 /GVMM/Sum/WakeUpCalls                         303789 calls
04:22:17.113412 /GVMM/Sum/WakeUpNotHalted                       2482 calls
04:22:17.113416 /GVMM/Sum/WakeUpWakeUps                            0 calls
04:22:17.113419 /GVMM/VCpus/0/Start                                0 ticks/call (           0 ticks,       0 calls, max         0, min       0)
04:22:17.113424 /GVMM/VCpus/0/Stop                                 0 ticks/call (           0 ticks,       0 calls, max         0, min       0)
04:22:17.113428 /GVMM/VCpus/0/cWakeUpTimerCanceled                 0 times
04:22:17.113431 /GVMM/VCpus/0/cWakeUpTimerHits                     0 times
04:22:17.113434 /GVMM/VCpus/0/cWakeUpTimerMisses                   0 times
04:22:17.113437 /GVMM/VCpus/0/cWakeUpTimerSameCpu                  0 times
04:22:17.113441 /GVMM/VCpus/1/Start                                0 ticks/call (           0 ticks,       0 calls, max         0, min       0)
04:22:17.113445 /GVMM/VCpus/1/Stop                                 0 ticks/call (           0 ticks,       0 calls, max         0, min       0)
04:22:17.113449 /GVMM/VCpus/1/cWakeUpTimerCanceled                 0 times
04:22:17.113452 /GVMM/VCpus/1/cWakeUpTimerHits                     0 times
04:22:17.113455 /GVMM/VCpus/1/cWakeUpTimerMisses                   0 times
04:22:17.113458 /GVMM/VCpus/1/cWakeUpTimerSameCpu                  0 times
04:22:17.113461 /GVMM/VM/HaltBlocking                         529391 calls
04:22:17.113465 /GVMM/VM/HaltCalls                            529503 calls
04:22:17.113470 /GVMM/VM/HaltNotBlocking                         124 calls
04:22:17.113474 /GVMM/VM/HaltTimeouts                         226096 calls
04:22:17.113477 /GVMM/VM/HaltWakeUps                               0 calls
04:22:17.113480 /GVMM/VM/PokeCalls                             53525 calls
04:22:17.113484 /GVMM/VM/PokeNotBusy                            5768 calls
04:22:17.113487 /GVMM/VM/PollCalls                              2258 calls
04:22:17.113490 /GVMM/VM/PollHalts                                 0 calls
04:22:17.113494 /GVMM/VM/PollWakeUps                               0 calls
04:22:17.113497 /GVMM/VM/WakeUpCalls                          303789 calls
04:22:17.113500 /GVMM/VM/WakeUpNotHalted                        2482 calls
04:22:17.113504 /GVMM/VM/WakeUpWakeUps                             0 calls
04:22:17.113507 /GVMM/VMs                                          1 count
04:22:17.113511 /HGCM/FailedPageListLocking                        0 count
04:22:17.113514 /HGCM/LargeCmdAllocs                               0 count
04:22:17.113519 /HGCM/MsgArrival                                   0 ticks/call (           0 ticks,       0 calls, max         0, min      -1)
04:22:17.113522 /HGCM/MsgCompletion                                0 ticks/call (           0 ticks,       0 calls, max         0, min      -1)
04:22:17.113526 /HGCM/MsgTotal                                     0 ticks/call (           0 ticks,       0 calls, max         0, min      -1)
04:22:17.113530 /HM/CPU0/Exit/HostNmiInGC                          0 times
04:22:17.113534 /HM/CPU0/Exit/HostNmiInGCIpi                       0 times
04:22:17.113537 /HM/CPU0/Exit/PreemptTimer                    267025 times
04:22:17.113541 /HM/CPU0/Exit/Trap/Gst/#AC                         0 times
04:22:17.113544 /HM/CPU0/Exit/Trap/Gst/#AC-split-lock              0 times
04:22:17.113547 /HM/CPU0/ImportGuestStateFallback                  0 times
04:22:17.113550 /HM/CPU0/PreemptTimer                         267025 times
04:22:17.113554 /HM/CPU0/PreemptTimer/RecalcingDeadline      1163281 times
04:22:17.113557 /HM/CPU0/PreemptTimer/RecalcingDeadlineExpired    124211 times
04:22:17.113560 /HM/CPU0/PreemptTimer/ReusingDeadline        3390645 times
04:22:17.113565 /HM/CPU0/PreemptTimer/ReusingDeadlineExpired    233935 times
04:22:17.113568 /HM/CPU0/ReadToTransientFallback                   0 times
04:22:17.113571 /HM/CPU0/Switch/Preempting                     18159 times
04:22:17.113575 /HM/CPU1/Exit/HostNmiInGC                          0 times
04:22:17.113578 /HM/CPU1/Exit/HostNmiInGCIpi                       0 times
04:22:17.113581 /HM/CPU1/Exit/PreemptTimer                     40796 times
04:22:17.113585 /HM/CPU1/Exit/Trap/Gst/#AC                         0 times
04:22:17.113588 /HM/CPU1/Exit/Trap/Gst/#AC-split-lock              0 times
04:22:17.113591 /HM/CPU1/ImportGuestStateFallback                  0 times
04:22:17.113594 /HM/CPU1/PreemptTimer                          40796 times
04:22:17.113597 /HM/CPU1/PreemptTimer/RecalcingDeadline       241855 times
04:22:17.113601 /HM/CPU1/PreemptTimer/RecalcingDeadlineExpired     10340 times
04:22:17.113604 /HM/CPU1/PreemptTimer/ReusingDeadline          25250 times
04:22:17.113607 /HM/CPU1/PreemptTimer/ReusingDeadlineExpired     25250 times
04:22:17.113610 /HM/CPU1/ReadToTransientFallback                   0 times
04:22:17.113614 /HM/CPU1/Switch/Preempting                       922 times
04:22:17.113621 /IEM/CPU0/Exceptions/0d                            1 times
04:22:17.113635 /IEM/CPU0/Tlb/Code/InvlPg                          0 
04:22:17.113640 /IEM/CPU0/Tlb/Code/InvlPg/LargeGlobal              0 
04:22:17.113645 /IEM/CPU0/Tlb/Code/InvlPg/LargeNonGlobal           0 
04:22:17.113649 /IEM/CPU0/Tlb/Code/LargePageGlobalCurLoads         0 count
04:22:17.113653 /IEM/CPU0/Tlb/Code/LargePageGlobalFirstTag ffffffffffffffff count
04:22:17.113658 /IEM/CPU0/Tlb/Code/LargePageGlobalLastTag          0 count
04:22:17.113663 /IEM/CPU0/Tlb/Code/LargePageNonGlobalCurLoads         0 count
04:22:17.113668 /IEM/CPU0/Tlb/Code/LargePageNonGlobalFirstTag ffffffffffffffff count
04:22:17.113674 /IEM/CPU0/Tlb/Code/LargePageNonGlobalLastTag         0 count
04:22:17.113678 /IEM/CPU0/Tlb/Code/Misses                          0 count
04:22:17.113682 /IEM/CPU0/Tlb/Code/Misses/GlobalLoads              0 count
04:22:17.113686 /IEM/CPU0/Tlb/Code/PhysicalRevision        fffffffffffce000 
04:22:17.113690 /IEM/CPU0/Tlb/Code/PhysicalRevisionFlushes         0 
04:22:17.113695 /IEM/CPU0/Tlb/Code/PhysicalRevisionRollovers         0 
04:22:17.113699 /IEM/CPU0/Tlb/Code/RevisionGlobal          fffff38000000000 
04:22:17.113704 /IEM/CPU0/Tlb/Code/RevisionGlobalFlushes           0 
04:22:17.113708 /IEM/CPU0/Tlb/Code/RevisionNonGlobal       fffff38000000000 
04:22:17.113712 /IEM/CPU0/Tlb/Code/RevisionNonGlobalFlushes         0 
04:22:17.113716 /IEM/CPU0/Tlb/Code/RevisionRollovers               0 
04:22:17.113721 /IEM/CPU0/Tlb/Code/SlowReads                       0 count
04:22:17.113726 /IEM/CPU0/Tlb/Data/InvlPg                          0 
04:22:17.113731 /IEM/CPU0/Tlb/Data/InvlPg/LargeGlobal              0 
04:22:17.113735 /IEM/CPU0/Tlb/Data/InvlPg/LargeNonGlobal           0 
04:22:17.113739 /IEM/CPU0/Tlb/Data/LargePageGlobalCurLoads         0 count
04:22:17.113743 /IEM/CPU0/Tlb/Data/LargePageGlobalFirstTag ffffffffffffffff count
04:22:17.113747 /IEM/CPU0/Tlb/Data/LargePageGlobalLastTag          0 count
04:22:17.113751 /IEM/CPU0/Tlb/Data/LargePageNonGlobalCurLoads         0 count
04:22:17.113755 /IEM/CPU0/Tlb/Data/LargePageNonGlobalFirstTag ffffffffffffffff count
04:22:17.113759 /IEM/CPU0/Tlb/Data/LargePageNonGlobalLastTag         0 count
04:22:17.113764 /IEM/CPU0/Tlb/Data/Misses                          0 count
04:22:17.113769 /IEM/CPU0/Tlb/Data/Misses/Core                     0 count
04:22:17.113773 /IEM/CPU0/Tlb/Data/Misses/Core/GlobalLoads         0 count
04:22:17.113777 /IEM/CPU0/Tlb/Data/Misses/Safe                     0 count
04:22:17.113782 /IEM/CPU0/Tlb/Data/Misses/Safe/Reads               0 count
04:22:17.113786 /IEM/CPU0/Tlb/Data/Misses/Safe/SubPartHits         0 count
04:22:17.113790 /IEM/CPU0/Tlb/Data/Misses/Safe/SubPartMisses         0 count
04:22:17.113795 /IEM/CPU0/Tlb/Data/Misses/Safe/SubPartMisses/GlobalLoads         0 count
04:22:17.113800 /IEM/CPU0/Tlb/Data/Misses/Safe/Writes              0 count
04:22:17.113805 /IEM/CPU0/Tlb/Data/PhysicalRevision        fffffffffffce000 
04:22:17.113810 /IEM/CPU0/Tlb/Data/PhysicalRevisionFlushes         0 
04:22:17.113815 /IEM/CPU0/Tlb/Data/PhysicalRevisionRollovers         0 
04:22:17.113820 /IEM/CPU0/Tlb/Data/RevisionGlobal          fffff38000000000 
04:22:17.113824 /IEM/CPU0/Tlb/Data/RevisionGlobalFlushes           0 
04:22:17.113827 /IEM/CPU0/Tlb/Data/RevisionNonGlobal       fffff38000000000 
04:22:17.113830 /IEM/CPU0/Tlb/Data/RevisionNonGlobalFlushes         0 
04:22:17.113833 /IEM/CPU0/Tlb/Data/RevisionRollovers               0 
04:22:17.113836 /IEM/CPU0/cInstructions                       260874 count
04:22:17.113840 /IEM/CPU0/cLongJumps                            3846 bytes
04:22:17.113843 /IEM/CPU0/cMisalignedAtomics                       0 bytes
04:22:17.113846 /IEM/CPU0/cPendingCommit                           0 bytes
04:22:17.113850 /IEM/CPU0/cPotentialExits                    3525321 count
04:22:17.113853 /IEM/CPU0/cRetAspectNotImplemented                 0 count
04:22:17.113856 /IEM/CPU0/cRetErrStatuses                          0 count
04:22:17.113859 /IEM/CPU0/cRetInfStatuses                       3852 count
04:22:17.113862 /IEM/CPU0/cRetInstrNotImplemented                  0 count
04:22:17.113876 /IEM/CPU1/Tlb/Code/InvlPg                          0 
04:22:17.113879 /IEM/CPU1/Tlb/Code/InvlPg/LargeGlobal              0 
04:22:17.113882 /IEM/CPU1/Tlb/Code/InvlPg/LargeNonGlobal           0 
04:22:17.113885 /IEM/CPU1/Tlb/Code/LargePageGlobalCurLoads         0 count
04:22:17.113888 /IEM/CPU1/Tlb/Code/LargePageGlobalFirstTag ffffffffffffffff count
04:22:17.113892 /IEM/CPU1/Tlb/Code/LargePageGlobalLastTag          0 count
04:22:17.113957 /IEM/CPU1/Tlb/Code/LargePageNonGlobalCurLoads         0 count
04:22:17.113965 /IEM/CPU1/Tlb/Code/LargePageNonGlobalFirstTag ffffffffffffffff count
04:22:17.113969 /IEM/CPU1/Tlb/Code/LargePageNonGlobalLastTag         0 count
04:22:17.113973 /IEM/CPU1/Tlb/Code/Misses                          0 count
04:22:17.113978 /IEM/CPU1/Tlb/Code/Misses/GlobalLoads              0 count
04:22:17.113978 /IEM/CPU1/Tlb/Code/PhysicalRevision        fffffffffffce000 
04:22:17.113978 /IEM/CPU1/Tlb/Code/PhysicalRevisionFlushes         0 
04:22:17.113978 /IEM/CPU1/Tlb/Code/PhysicalRevisionRollovers         0 
04:22:17.113978 /IEM/CPU1/Tlb/Code/RevisionGlobal          fffff38000000000 
04:22:17.113978 /IEM/CPU1/Tlb/Code/RevisionGlobalFlushes           0 
04:22:17.113978 /IEM/CPU1/Tlb/Code/RevisionNonGlobal       fffff38000000000 
04:22:17.113978 /IEM/CPU1/Tlb/Code/RevisionNonGlobalFlushes         0 
04:22:17.113978 /IEM/CPU1/Tlb/Code/RevisionRollovers               0 
04:22:17.113978 /IEM/CPU1/Tlb/Code/SlowReads                       0 count
04:22:17.113978 /IEM/CPU1/Tlb/Data/InvlPg                          0 
04:22:17.113978 /IEM/CPU1/Tlb/Data/InvlPg/LargeGlobal              0 
04:22:17.113978 /IEM/CPU1/Tlb/Data/InvlPg/LargeNonGlobal           0 
04:22:17.113978 /IEM/CPU1/Tlb/Data/LargePageGlobalCurLoads         0 count
04:22:17.113978 /IEM/CPU1/Tlb/Data/LargePageGlobalFirstTag ffffffffffffffff count
04:22:17.113978 /IEM/CPU1/Tlb/Data/LargePageGlobalLastTag          0 count
04:22:17.113978 /IEM/CPU1/Tlb/Data/LargePageNonGlobalCurLoads         0 count
04:22:17.113978 /IEM/CPU1/Tlb/Data/LargePageNonGlobalFirstTag ffffffffffffffff count
04:22:17.113978 /IEM/CPU1/Tlb/Data/LargePageNonGlobalLastTag         0 count
04:22:17.113978 /IEM/CPU1/Tlb/Data/Misses                          0 count
04:22:17.113978 /IEM/CPU1/Tlb/Data/Misses/Core                     0 count
04:22:17.113978 /IEM/CPU1/Tlb/Data/Misses/Core/GlobalLoads         0 count
04:22:17.113978 /IEM/CPU1/Tlb/Data/Misses/Safe                     0 count
04:22:17.113978 /IEM/CPU1/Tlb/Data/Misses/Safe/Reads               0 count
04:22:17.113978 /IEM/CPU1/Tlb/Data/Misses/Safe/SubPartHits         0 count
04:22:17.113978 /IEM/CPU1/Tlb/Data/Misses/Safe/SubPartMisses         0 count
04:22:17.113978 /IEM/CPU1/Tlb/Data/Misses/Safe/SubPartMisses/GlobalLoads         0 count
04:22:17.113978 /IEM/CPU1/Tlb/Data/Misses/Safe/Writes              0 count
04:22:17.113978 /IEM/CPU1/Tlb/Data/PhysicalRevision        fffffffffffce000 
04:22:17.113978 /IEM/CPU1/Tlb/Data/PhysicalRevisionFlushes         0 
04:22:17.113978 /IEM/CPU1/Tlb/Data/PhysicalRevisionRollovers         0 
04:22:17.113978 /IEM/CPU1/Tlb/Data/RevisionGlobal          fffff38000000000 
04:22:17.113978 /IEM/CPU1/Tlb/Data/RevisionGlobalFlushes           0 
04:22:17.113978 /IEM/CPU1/Tlb/Data/RevisionNonGlobal       fffff38000000000 
04:22:17.113978 /IEM/CPU1/Tlb/Data/RevisionNonGlobalFlushes         0 
04:22:17.113978 /IEM/CPU1/Tlb/Data/RevisionRollovers               0 
04:22:17.113978 /IEM/CPU1/cInstructions                        69742 count
04:22:17.113978 /IEM/CPU1/cLongJumps                             989 bytes
04:22:17.113978 /IEM/CPU1/cMisalignedAtomics                       0 bytes
04:22:17.113978 /IEM/CPU1/cPendingCommit                           0 bytes
04:22:17.113978 /IEM/CPU1/cPotentialExits                     101791 count
04:22:17.113978 /IEM/CPU1/cRetAspectNotImplemented                 0 count
04:22:17.113978 /IEM/CPU1/cRetErrStatuses                          0 count
04:22:17.113978 /IEM/CPU1/cRetInfStatuses                        990 count
04:22:17.113978 /IEM/CPU1/cRetInstrNotImplemented                  0 count
04:22:17.113978 /IOM/MmioMappingsStale                             0 ticks/call
04:22:17.113978 /IOM/MmioTooDeepRecursion                          0 times
04:22:17.113978 /PDM/BlkCache/cbCached                             0 bytes
04:22:17.113978 /PDM/BlkCache/cbCachedFru                          0 bytes
04:22:17.113978 /PDM/BlkCache/cbCachedMruIn                        0 bytes
04:22:17.113978 /PDM/BlkCache/cbCachedMruOut                       0 bytes
04:22:17.113978 /PDM/BlkCache/cbMax                          5242880 bytes
04:22:17.113978 /PDM/CritSects/00-AbortedEnters                    0 times
04:22:17.113978 /PDM/CritSects/00-EntersWhileAborting              0 times
04:22:17.113978 /PDM/CritSects/00-Non-interruptible-Waits-VINF_SUCCESS         0 times
04:22:17.113978 /PDM/CritSects/00-QueuedLeaves                     0 times
04:22:17.113978 /PDM/CritSects/00-VERR_INTERRUPTED                 0 times
04:22:17.113978 /PDM/CritSects/00-VERR_TIMEOUT                     0 times
04:22:17.113978 /PDM/CritSects/8237A#0Auto/ContentionR3            0 times
04:22:17.113978 /PDM/CritSects/8237A#0Auto/ContentionR3Wait         0 ticks/time (           0 ticks,       0 times, max         0, min      -1)
04:22:17.113978 /PDM/CritSects/8237A#0Auto/ContentionRZLock         0 times
04:22:17.113978 /PDM/CritSects/8237A#0Auto/ContentionRZLockBusy         0 times
04:22:17.113978 /PDM/CritSects/8237A#0Auto/ContentionRZUnlock         0 times
04:22:17.113978 /PDM/CritSects/8237A#0Auto/ContentionRZWait         0 ticks/time (           0 ticks,       0 times, max         0, min      -1)
04:22:17.113978 /PDM/CritSects/AC'97/ContentionR3                  0 times
04:22:17.113978 /PDM/CritSects/AC'97/ContentionR3Wait              0 ticks/time (           0 ticks,       0 times, max         0, min      -1)
04:22:17.113978 /PDM/CritSects/AC'97/ContentionRZLock              1 times
04:22:17.113978 /PDM/CritSects/AC'97/ContentionRZLockBusy          0 times
04:22:17.113978 /PDM/CritSects/AC'97/ContentionRZUnlock            0 times
04:22:17.113978 /PDM/CritSects/AC'97/ContentionRZWait          37860 ticks/time (       37860 ticks,       1 times, max     37860, min   37860)
04:22:17.113978 /PDM/CritSects/AHCI#0/ContentionR3                 8 times
04:22:17.113978 /PDM/CritSects/AHCI#0/ContentionR3Wait        173755 ticks/time (     1390045 ticks,       8 times, max   1040197, min    5719)
04:22:17.113978 /PDM/CritSects/AHCI#0/ContentionRZLock            13 times
04:22:17.113978 /PDM/CritSects/AHCI#0/ContentionRZLockBusy         0 times
04:22:17.113978 /PDM/CritSects/AHCI#0/ContentionRZUnlock           0 times
04:22:17.113978 /PDM/CritSects/AHCI#0/ContentionRZWait        216180 ticks/time (     2810342 ticks,      13 times, max   1690833, min   32558)
04:22:17.113978 /PDM/CritSects/ATA#0-Ctl/ContentionR3              4 times
04:22:17.113978 /PDM/CritSects/ATA#0-Ctl/ContentionR3Wait      42041 ticks/time (      168165 ticks,       4 times, max     77309, min   21759)
04:22:17.113978 /PDM/CritSects/ATA#0-Ctl/ContentionRZLock          3 times
04:22:17.113978 /PDM/CritSects/ATA#0-Ctl/ContentionRZLockBusy         0 times
04:22:17.113978 /PDM/CritSects/ATA#0-Ctl/ContentionRZUnlock         0 times
04:22:17.113978 /PDM/CritSects/ATA#0-Ctl/ContentionRZWait      55882 ticks/time (      167648 ticks,       3 times, max     68028, min   31626)
04:22:17.113978 /PDM/CritSects/ATA#0-Req/ContentionR3              0 times
04:22:17.113978 /PDM/CritSects/ATA#0-Req/ContentionR3Wait          0 ticks/time (           0 ticks,       0 times, max         0, min      -1)
04:22:17.113978 /PDM/CritSects/ATA#0-Req/ContentionRZLock          0 times
04:22:17.113978 /PDM/CritSects/ATA#0-Req/ContentionRZLockBusy         0 times
04:22:17.113978 /PDM/CritSects/ATA#0-Req/ContentionRZUnlock         0 times
04:22:17.113978 /PDM/CritSects/ATA#0-Req/ContentionRZWait          0 ticks/time (           0 ticks,       0 times, max         0, min      -1)
04:22:17.113978 /PDM/CritSects/ATA#1-Ctl/ContentionR3              0 times
04:22:17.113978 /PDM/CritSects/ATA#1-Ctl/ContentionR3Wait          0 ticks/time (           0 ticks,       0 times, max         0, min      -1)
04:22:17.113978 /PDM/CritSects/ATA#1-Ctl/ContentionRZLock          0 times
04:22:17.113978 /PDM/CritSects/ATA#1-Ctl/ContentionRZLockBusy         0 times
04:22:17.113978 /PDM/CritSects/ATA#1-Ctl/ContentionRZUnlock         0 times
04:22:17.113978 /PDM/CritSects/ATA#1-Ctl/ContentionRZWait          0 ticks/time (           0 ticks,       0 times, max         0, min      -1)
04:22:17.113978 /PDM/CritSects/ATA#1-Req/ContentionR3              0 times
04:22:17.113978 /PDM/CritSects/ATA#1-Req/ContentionR3Wait          0 ticks/time (           0 ticks,       0 times, max         0, min      -1)
04:22:17.113978 /PDM/CritSects/ATA#1-Req/ContentionRZLock          0 times
04:22:17.113978 /PDM/CritSects/ATA#1-Req/ContentionRZLockBusy         0 times
04:22:17.113978 /PDM/CritSects/ATA#1-Req/ContentionRZUnlock         0 times
04:22:17.113978 /PDM/CritSects/ATA#1-Req/ContentionRZWait          0 ticks/time (           0 ticks,       0 times, max         0, min      -1)
04:22:17.113978 /PDM/CritSects/E1000#0/ContentionR3                0 times
04:22:17.113978 /PDM/CritSects/E1000#0/ContentionR3Wait            0 ticks/time (           0 ticks,       0 times, max         0, min      -1)
04:22:17.113978 /PDM/CritSects/E1000#0/ContentionRZLock            0 times
04:22:17.113978 /PDM/CritSects/E1000#0/ContentionRZLockBusy         0 times
04:22:17.113978 /PDM/CritSects/E1000#0/ContentionRZUnlock          0 times
04:22:17.113978 /PDM/CritSects/E1000#0/ContentionRZWait            0 ticks/time (           0 ticks,       0 times, max         0, min      -1)
04:22:17.113978 /PDM/CritSects/E1000#0RX/ContentionR3              0 times
04:22:17.113978 /PDM/CritSects/E1000#0RX/ContentionR3Wait          0 ticks/time (           0 ticks,       0 times, max         0, min      -1)
04:22:17.113978 /PDM/CritSects/E1000#0RX/ContentionRZLock          0 times
04:22:17.113978 /PDM/CritSects/E1000#0RX/ContentionRZLockBusy         0 times
04:22:17.113978 /PDM/CritSects/E1000#0RX/ContentionRZUnlock         0 times
04:22:17.113978 /PDM/CritSects/E1000#0RX/ContentionRZWait          0 ticks/time (           0 ticks,       0 times, max         0, min      -1)
04:22:17.113978 /PDM/CritSects/E1000#0TX/ContentionR3              0 times
04:22:17.113978 /PDM/CritSects/E1000#0TX/ContentionR3Wait          0 ticks/time (           0 ticks,       0 times, max         0, min      -1)
04:22:17.113978 /PDM/CritSects/E1000#0TX/ContentionRZLock          0 times
04:22:17.113978 /PDM/CritSects/E1000#0TX/ContentionRZLockBusy         0 times
04:22:17.113978 /PDM/CritSects/E1000#0TX/ContentionRZUnlock         0 times
04:22:17.113978 /PDM/CritSects/E1000#0TX/ContentionRZWait          0 ticks/time (           0 ticks,       0 times, max         0, min      -1)
04:22:17.113978 /PDM/CritSects/E1000#1/ContentionR3                0 times
04:22:17.113978 /PDM/CritSects/E1000#1/ContentionR3Wait            0 ticks/time (           0 ticks,       0 times, max         0, min      -1)
04:22:17.113978 /PDM/CritSects/E1000#1/ContentionRZLock            0 times
04:22:17.113978 /PDM/CritSects/E1000#1/ContentionRZLockBusy         0 times
04:22:17.113978 /PDM/CritSects/E1000#1/ContentionRZUnlock          0 times
04:22:17.113978 /PDM/CritSects/E1000#1/ContentionRZWait            0 ticks/time (           0 ticks,       0 times, max         0, min      -1)
04:22:17.113978 /PDM/CritSects/E1000#1RX/ContentionR3              0 times
04:22:17.113978 /PDM/CritSects/E1000#1RX/ContentionR3Wait          0 ticks/time (           0 ticks,       0 times, max         0, min      -1)
04:22:17.113978 /PDM/CritSects/E1000#1RX/ContentionRZLock          0 times
04:22:17.113978 /PDM/CritSects/E1000#1RX/ContentionRZLockBusy         0 times
04:22:17.113978 /PDM/CritSects/E1000#1RX/ContentionRZUnlock         0 times
04:22:17.113978 /PDM/CritSects/E1000#1RX/ContentionRZWait          0 ticks/time (           0 ticks,       0 times, max         0, min      -1)
04:22:17.113978 /PDM/CritSects/E1000#1TX/ContentionR3              0 times
04:22:17.113978 /PDM/CritSects/E1000#1TX/ContentionR3Wait          0 ticks/time (           0 ticks,       0 times, max         0, min      -1)
04:22:17.113978 /PDM/CritSects/E1000#1TX/ContentionRZLock          0 times
04:22:17.113978 /PDM/CritSects/E1000#1TX/ContentionRZLockBusy         0 times
04:22:17.113978 /PDM/CritSects/E1000#1TX/ContentionRZUnlock         0 times
04:22:17.113978 /PDM/CritSects/E1000#1TX/ContentionRZWait          0 ticks/time (           0 ticks,       0 times, max         0, min      -1)
04:22:17.113978 /PDM/CritSects/E1000#2/ContentionR3                0 times
04:22:17.113978 /PDM/CritSects/E1000#2/ContentionR3Wait            0 ticks/time (           0 ticks,       0 times, max         0, min      -1)
04:22:17.113978 /PDM/CritSects/E1000#2/ContentionRZLock            0 times
04:22:17.113978 /PDM/CritSects/E1000#2/ContentionRZLockBusy         0 times
04:22:17.113978 /PDM/CritSects/E1000#2/ContentionRZUnlock          0 times
04:22:17.113978 /PDM/CritSects/E1000#2/ContentionRZWait            0 ticks/time (           0 ticks,       0 times, max         0, min      -1)
04:22:17.113978 /PDM/CritSects/E1000#2RX/ContentionR3              0 times
04:22:17.113978 /PDM/CritSects/E1000#2RX/ContentionR3Wait          0 ticks/time (           0 ticks,       0 times, max         0, min      -1)
04:22:17.113978 /PDM/CritSects/E1000#2RX/ContentionRZLock          0 times
04:22:17.113978 /PDM/CritSects/E1000#2RX/ContentionRZLockBusy         0 times
04:22:17.113978 /PDM/CritSects/E1000#2RX/ContentionRZUnlock         0 times
04:22:17.113978 /PDM/CritSects/E1000#2RX/ContentionRZWait          0 ticks/time (           0 ticks,       0 times, max         0, min      -1)
04:22:17.113978 /PDM/CritSects/E1000#2TX/ContentionR3              0 times
04:22:17.113978 /PDM/CritSects/E1000#2TX/ContentionR3Wait          0 ticks/time (           0 ticks,       0 times, max         0, min      -1)
04:22:17.113978 /PDM/CritSects/E1000#2TX/ContentionRZLock          0 times
04:22:17.113978 /PDM/CritSects/E1000#2TX/ContentionRZLockBusy         0 times
04:22:17.113978 /PDM/CritSects/E1000#2TX/ContentionRZUnlock         0 times
04:22:17.113978 /PDM/CritSects/E1000#2TX/ContentionRZWait          0 ticks/time (           0 ticks,       0 times, max         0, min      -1)
04:22:17.113978 /PDM/CritSects/EHCI#0Irq/ContentionR3              0 times
04:22:17.113978 /PDM/CritSects/EHCI#0Irq/ContentionR3Wait          0 ticks/time (           0 ticks,       0 times, max         0, min      -1)
04:22:17.113978 /PDM/CritSects/EHCI#0Irq/ContentionRZLock          0 times
04:22:17.113978 /PDM/CritSects/EHCI#0Irq/ContentionRZLockBusy         0 times
04:22:17.113978 /PDM/CritSects/EHCI#0Irq/ContentionRZUnlock         0 times
04:22:17.113978 /PDM/CritSects/EHCI#0Irq/ContentionRZWait          0 ticks/time (           0 ticks,       0 times, max         0, min      -1)
04:22:17.113978 /PDM/CritSects/GIMDev#0Auto/ContentionR3           0 times
04:22:17.113978 /PDM/CritSects/GIMDev#0Auto/ContentionR3Wait         0 ticks/time (           0 ticks,       0 times, max         0, min      -1)
04:22:17.113978 /PDM/CritSects/GIMDev#0Auto/ContentionRZLock         0 times
04:22:17.113978 /PDM/CritSects/GIMDev#0Auto/ContentionRZLockBusy         0 times
04:22:17.113978 /PDM/CritSects/GIMDev#0Auto/ContentionRZUnlock         0 times
04:22:17.113978 /PDM/CritSects/GIMDev#0Auto/ContentionRZWait         0 ticks/time (           0 ticks,       0 times, max         0, min      -1)
04:22:17.113978 /PDM/CritSects/NOP/ContentionR3                    0 times
04:22:17.113978 /PDM/CritSects/NOP/ContentionR3Wait                0 ticks/time (           0 ticks,       0 times, max         0, min      -1)
04:22:17.113978 /PDM/CritSects/NOP/ContentionRZLock                0 times
04:22:17.113978 /PDM/CritSects/NOP/ContentionRZLockBusy            0 times
04:22:17.113978 /PDM/CritSects/NOP/ContentionRZUnlock              0 times
04:22:17.113978 /PDM/CritSects/NOP/ContentionRZWait                0 ticks/time (           0 ticks,       0 times, max         0, min      -1)
04:22:17.113978 /PDM/CritSects/OHCI#0Irq/ContentionR3              0 times
04:22:17.113978 /PDM/CritSects/OHCI#0Irq/ContentionR3Wait          0 ticks/time (           0 ticks,       0 times, max         0, min      -1)
04:22:17.113978 /PDM/CritSects/OHCI#0Irq/ContentionRZLock          0 times
04:22:17.113978 /PDM/CritSects/OHCI#0Irq/ContentionRZLockBusy         0 times
04:22:17.113978 /PDM/CritSects/OHCI#0Irq/ContentionRZUnlock         0 times
04:22:17.113978 /PDM/CritSects/OHCI#0Irq/ContentionRZWait          0 ticks/time (           0 ticks,       0 times, max         0, min      -1)
04:22:17.113978 /PDM/CritSects/PDM/ContentionR3                    3 times
04:22:17.113978 /PDM/CritSects/PDM/ContentionR3Wait            38141 ticks/time (      114424 ticks,       3 times, max     66176, min   11647)
04:22:17.113978 /PDM/CritSects/PDM/ContentionRZLock               10 times
04:22:17.113978 /PDM/CritSects/PDM/ContentionRZLockBusy            0 times
04:22:17.113978 /PDM/CritSects/PDM/ContentionRZUnlock              0 times
04:22:17.113978 /PDM/CritSects/PDM/ContentionRZWait            41431 ticks/time (      414319 ticks,      10 times, max     60175, min   32537)
04:22:17.113978 /PDM/CritSects/PGM/ContentionR3                 1182 times
04:22:17.113978 /PDM/CritSects/PGM/ContentionR3Wait          4895748 ticks/time (  5791670470 ticks,    1183 times, max  48918746, min    3631)
04:22:17.113978 /PDM/CritSects/PGM/ContentionRZLock              173 times
04:22:17.113978 /PDM/CritSects/PGM/ContentionRZLockBusy            0 times
04:22:17.113978 /PDM/CritSects/PGM/ContentionRZUnlock              0 times
04:22:17.113978 /PDM/CritSects/PGM/ContentionRZWait          2159447 ticks/time (   373584361 ticks,     173 times, max  44550861, min    2638)
04:22:17.113978 /PDM/CritSects/TM VirtualSync Lock/ContentionR3       711 times
04:22:17.113978 /PDM/CritSects/TM VirtualSync Lock/ContentionR3Wait     86462 ticks/time (    61474763 ticks,     711 times, max   7880623, min    5446)
04:22:17.113978 /PDM/CritSects/TM VirtualSync Lock/ContentionRZLock     15904 times
04:22:17.113978 /PDM/CritSects/TM VirtualSync Lock/ContentionRZLockBusy     27254 times
04:22:17.113978 /PDM/CritSects/TM VirtualSync Lock/ContentionRZUnlock         0 times
04:22:17.113978 /PDM/CritSects/TM VirtualSync Lock/ContentionRZWait    161433 ticks/time (  2567441466 ticks,   15904 times, max  54149034, min   11281)
04:22:17.113978 /PDM/CritSects/TM real queue timer lock/ContentionR3         0 times
04:22:17.113978 /PDM/CritSects/TM real queue timer lock/ContentionR3Wait         0 ticks/time (           0 ticks,       0 times, max         0, min      -1)
04:22:17.113978 /PDM/CritSects/TM real queue timer lock/ContentionRZLock         0 times
04:22:17.113978 /PDM/CritSects/TM real queue timer lock/ContentionRZLockBusy         0 times
04:22:17.113978 /PDM/CritSects/TM real queue timer lock/ContentionRZUnlock         0 times
04:22:17.113978 /PDM/CritSects/TM real queue timer lock/ContentionRZWait         0 ticks/time (           0 ticks,       0 times, max         0, min      -1)
04:22:17.114775 /PDM/CritSects/TM tsc queue timer lock/ContentionR3         0 times
04:22:17.114779 /PDM/CritSects/TM tsc queue timer lock/ContentionR3Wait         0 ticks/time (           0 ticks,       0 times, max         0, min      -1)
04:22:17.114785 /PDM/CritSects/TM tsc queue timer lock/ContentionRZLock         0 times
04:22:17.114789 /PDM/CritSects/TM tsc queue timer lock/ContentionRZLockBusy         0 times
04:22:17.114794 /PDM/CritSects/TM tsc queue timer lock/ContentionRZUnlock         0 times
04:22:17.114798 /PDM/CritSects/TM tsc queue timer lock/ContentionRZWait         0 ticks/time (           0 ticks,       0 times, max         0, min      -1)
04:22:17.114803 /PDM/CritSects/TM virtual queue timer lock/ContentionR3      1448 times
04:22:17.114808 /PDM/CritSects/TM virtual queue timer lock/ContentionR3Wait     57839 ticks/time (     6651581 ticks,     115 times, max    561639, min    9552)
04:22:17.114814 /PDM/CritSects/TM virtual queue timer lock/ContentionRZLock         0 times
04:22:17.114818 /PDM/CritSects/TM virtual queue timer lock/ContentionRZLockBusy         0 times
04:22:17.114823 /PDM/CritSects/TM virtual queue timer lock/ContentionRZUnlock         0 times
04:22:17.114827 /PDM/CritSects/TM virtual queue timer lock/ContentionRZWait         0 ticks/time (           0 ticks,       0 times, max         0, min      -1)
04:22:17.114833 /PDM/CritSects/TM virtual_sync queue timer lock/ContentionR3         0 times
04:22:17.114838 /PDM/CritSects/TM virtual_sync queue timer lock/ContentionR3Wait         0 ticks/time (           0 ticks,       0 times, max         0, min      -1)
04:22:17.114843 /PDM/CritSects/TM virtual_sync queue timer lock/ContentionRZLock         0 times
04:22:17.114848 /PDM/CritSects/TM virtual_sync queue timer lock/ContentionRZLockBusy         0 times
04:22:17.114852 /PDM/CritSects/TM virtual_sync queue timer lock/ContentionRZUnlock         0 times
04:22:17.114856 /PDM/CritSects/TM virtual_sync queue timer lock/ContentionRZWait         0 ticks/time (           0 ticks,       0 times, max         0, min      -1)
04:22:17.114861 /PDM/CritSects/Uart{serial#0}#0/ContentionR3         0 times
04:22:17.114866 /PDM/CritSects/Uart{serial#0}#0/ContentionR3Wait         0 ticks/time (           0 ticks,       0 times, max         0, min      -1)
04:22:17.114871 /PDM/CritSects/Uart{serial#0}#0/ContentionRZLock         0 times
04:22:17.114875 /PDM/CritSects/Uart{serial#0}#0/ContentionRZLockBusy         0 times
04:22:17.114879 /PDM/CritSects/Uart{serial#0}#0/ContentionRZUnlock         0 times
04:22:17.114883 /PDM/CritSects/Uart{serial#0}#0/ContentionRZWait         0 ticks/time (           0 ticks,       0 times, max         0, min      -1)
04:22:17.114889 /PDM/CritSects/VGA#0/ContentionR3                670 times
04:22:17.114894 /PDM/CritSects/VGA#0/ContentionR3Wait        2461399 ticks/time (  1649137977 ticks,     670 times, max  43798995, min   27716)
04:22:17.114900 /PDM/CritSects/VGA#0/ContentionRZLock             37 times
04:22:17.114905 /PDM/CritSects/VGA#0/ContentionRZLockBusy          0 times
04:22:17.114909 /PDM/CritSects/VGA#0/ContentionRZUnlock            0 times
04:22:17.114913 /PDM/CritSects/VGA#0/ContentionRZWait        1199345 ticks/time (    44375780 ticks,      37 times, max   5434808, min  202036)
04:22:17.114919 /PDM/CritSects/VGA#0_IRQ/ContentionR3              0 times
04:22:17.114923 /PDM/CritSects/VGA#0_IRQ/ContentionR3Wait          0 ticks/time (           0 ticks,       0 times, max         0, min      -1)
04:22:17.114928 /PDM/CritSects/VGA#0_IRQ/ContentionRZLock          0 times
04:22:17.114932 /PDM/CritSects/VGA#0_IRQ/ContentionRZLockBusy         0 times
04:22:17.114937 /PDM/CritSects/VGA#0_IRQ/ContentionRZUnlock         0 times
04:22:17.114941 /PDM/CritSects/VGA#0_IRQ/ContentionRZWait          0 ticks/time (           0 ticks,       0 times, max         0, min      -1)
04:22:17.114948 /PDM/CritSects/VMMDev#0/ContentionR3               0 times
04:22:17.114952 /PDM/CritSects/VMMDev#0/ContentionR3Wait           0 ticks/time (           0 ticks,       0 times, max         0, min      -1)
04:22:17.114957 /PDM/CritSects/VMMDev#0/ContentionRZLock           0 times
04:22:17.114961 /PDM/CritSects/VMMDev#0/ContentionRZLockBusy         0 times
04:22:17.114966 /PDM/CritSects/VMMDev#0/ContentionRZUnlock         0 times
04:22:17.114970 /PDM/CritSects/VMMDev#0/ContentionRZWait           0 ticks/time (           0 ticks,       0 times, max         0, min      -1)
04:22:17.114975 /PDM/CritSects/acpi#0/ContentionR3                 0 times
04:22:17.114980 /PDM/CritSects/acpi#0/ContentionR3Wait             0 ticks/time (           0 ticks,       0 times, max         0, min      -1)
04:22:17.114984 /PDM/CritSects/acpi#0/ContentionRZLock             0 times
04:22:17.114988 /PDM/CritSects/acpi#0/ContentionRZLockBusy         0 times
04:22:17.114993 /PDM/CritSects/acpi#0/ContentionRZUnlock           0 times
04:22:17.114997 /PDM/CritSects/acpi#0/ContentionRZWait             0 ticks/time (           0 ticks,       0 times, max         0, min      -1)
04:22:17.115002 /PDM/CritSects/mc146818#0Auto/ContentionR3         0 times
04:22:17.115007 /PDM/CritSects/mc146818#0Auto/ContentionR3Wait         0 ticks/time (           0 ticks,       0 times, max         0, min      -1)
04:22:17.115012 /PDM/CritSects/mc146818#0Auto/ContentionRZLock         0 times
04:22:17.115019 /PDM/CritSects/mc146818#0Auto/ContentionRZLockBusy         0 times
04:22:17.115025 /PDM/CritSects/mc146818#0Auto/ContentionRZUnlock         0 times
04:22:17.115029 /PDM/CritSects/mc146818#0Auto/ContentionRZWait         0 ticks/time (           0 ticks,       0 times, max         0, min      -1)
04:22:17.115034 /PDM/CritSects/pcarch#0Auto/ContentionR3           0 times
04:22:17.115038 /PDM/CritSects/pcarch#0Auto/ContentionR3Wait         0 ticks/time (           0 ticks,       0 times, max         0, min      -1)
04:22:17.115043 /PDM/CritSects/pcarch#0Auto/ContentionRZLock         0 times
04:22:17.115047 /PDM/CritSects/pcarch#0Auto/ContentionRZLockBusy         0 times
04:22:17.115051 /PDM/CritSects/pcarch#0Auto/ContentionRZUnlock         0 times
04:22:17.115056 /PDM/CritSects/pcarch#0Auto/ContentionRZWait         0 ticks/time (           0 ticks,       0 times, max         0, min      -1)
04:22:17.115065 /PDM/CritSects/pcbios#0Auto/ContentionR3           0 times
04:22:17.115069 /PDM/CritSects/pcbios#0Auto/ContentionR3Wait         0 ticks/time (           0 ticks,       0 times, max         0, min      -1)
04:22:17.115074 /PDM/CritSects/pcbios#0Auto/ContentionRZLock         0 times
04:22:17.115078 /PDM/CritSects/pcbios#0Auto/ContentionRZLockBusy         0 times
04:22:17.115082 /PDM/CritSects/pcbios#0Auto/ContentionRZUnlock         0 times
04:22:17.115086 /PDM/CritSects/pcbios#0Auto/ContentionRZWait         0 ticks/time (           0 ticks,       0 times, max         0, min      -1)
04:22:17.115091 /PDM/CritSects/pckbd#0Auto/ContentionR3            2 times
04:22:17.115096 /PDM/CritSects/pckbd#0Auto/ContentionR3Wait     45256 ticks/time (       90513 ticks,       2 times, max     55615, min   34898)
04:22:17.115101 /PDM/CritSects/pckbd#0Auto/ContentionRZLock         0 times
04:22:17.115105 /PDM/CritSects/pckbd#0Auto/ContentionRZLockBusy         0 times
04:22:17.115111 /PDM/CritSects/pckbd#0Auto/ContentionRZUnlock         0 times
04:22:17.115115 /PDM/CritSects/pckbd#0Auto/ContentionRZWait         0 ticks/time (           0 ticks,       0 times, max         0, min      -1)
04:22:17.115120 /PDM/CritSects/pit#0/ContentionR3                  0 times
04:22:17.115124 /PDM/CritSects/pit#0/ContentionR3Wait              0 ticks/time (           0 ticks,       0 times, max         0, min      -1)
04:22:17.115129 /PDM/CritSects/pit#0/ContentionRZLock              0 times
04:22:17.115133 /PDM/CritSects/pit#0/ContentionRZLockBusy          0 times
04:22:17.115137 /PDM/CritSects/pit#0/ContentionRZUnlock            0 times
04:22:17.115141 /PDM/CritSects/pit#0/ContentionRZWait              0 ticks/time (           0 ticks,       0 times, max         0, min      -1)
04:22:17.115146 /PDM/CritSects/usb-ehci#0Auto/ContentionR3         0 times
04:22:17.115150 /PDM/CritSects/usb-ehci#0Auto/ContentionR3Wait         0 ticks/time (           0 ticks,       0 times, max         0, min      -1)
04:22:17.115156 /PDM/CritSects/usb-ehci#0Auto/ContentionRZLock         0 times
04:22:17.115160 /PDM/CritSects/usb-ehci#0Auto/ContentionRZLockBusy         0 times
04:22:17.115164 /PDM/CritSects/usb-ehci#0Auto/ContentionRZUnlock         0 times
04:22:17.115168 /PDM/CritSects/usb-ehci#0Auto/ContentionRZWait         0 ticks/time (           0 ticks,       0 times, max         0, min      -1)
04:22:17.115173 /PDM/CritSects/usb-ohci#0Auto/ContentionR3         0 times
04:22:17.115177 /PDM/CritSects/usb-ohci#0Auto/ContentionR3Wait         0 ticks/time (           0 ticks,       0 times, max         0, min      -1)
04:22:17.115182 /PDM/CritSects/usb-ohci#0Auto/ContentionRZLock         0 times
04:22:17.115187 /PDM/CritSects/usb-ohci#0Auto/ContentionRZLockBusy         0 times
04:22:17.115191 /PDM/CritSects/usb-ohci#0Auto/ContentionRZUnlock         0 times
04:22:17.115195 /PDM/CritSects/usb-ohci#0Auto/ContentionRZWait         0 ticks/time (           0 ticks,       0 times, max         0, min      -1)
04:22:17.115200 /PDM/CritSectsRw/00-EnterSharedWhileAborting         0 times
04:22:17.115208 /PDM/CritSectsRw/00-Excl-Non-interruptible-Waits-VINF_SUCCESS         0 times
04:22:17.115214 /PDM/CritSectsRw/00-Excl-VERR_INTERRUPTED          0 times
04:22:17.115218 /PDM/CritSectsRw/00-Excl-VERR_TIMEOUT              0 times
04:22:17.115223 /PDM/CritSectsRw/00-Shared-Non-interruptible-Waits-VINF_SUCCESS         0 times
04:22:17.115227 /PDM/CritSectsRw/00-Shared-VERR_INTERRUPTED         0 times
04:22:17.115231 /PDM/CritSectsRw/00-Shared-VERR_TIMEOUT            0 times
04:22:17.115235 /PDM/CritSectsRw/IOM Lock/ContentionR3EnterExcl         0 times
04:22:17.115240 /PDM/CritSectsRw/IOM Lock/ContentionR3EnterShared         0 times
04:22:17.115245 /PDM/CritSectsRw/IOM Lock/ContentionR3LeaveExcl         0 times
04:22:17.115249 /PDM/CritSectsRw/IOM Lock/ContentionRZEnterExcl         0 times
04:22:17.115253 /PDM/CritSectsRw/IOM Lock/ContentionRZEnterShared         0 times
04:22:17.115257 /PDM/CritSectsRw/IOM Lock/ContentionRZLeaveExcl         0 times
04:22:17.115265 /PDM/CritSectsRw/IOM Lock/ContentionRZLeaveShared         0 times
04:22:17.115270 /PDM/CritSectsRw/IOM Lock/R3EnterExcl            118 times
04:22:17.115274 /PDM/CritSectsRw/IOM Lock/R3EnterShared       499123 times
04:22:17.115279 /PDM/CritSectsRw/IOM Lock/RZEnterExcl              0 times
04:22:17.115283 /PDM/CritSectsRw/IOM Lock/RZEnterShared      1881552 times
04:22:17.115287 /PDM/CritSectsRw/TM real queue alloc lock/ContentionR3EnterExcl         0 times
04:22:17.115292 /PDM/CritSectsRw/TM real queue alloc lock/ContentionR3EnterShared         0 times
04:22:17.115296 /PDM/CritSectsRw/TM real queue alloc lock/ContentionR3LeaveExcl         0 times
04:22:17.115301 /PDM/CritSectsRw/TM real queue alloc lock/ContentionRZEnterExcl         0 times
04:22:17.115305 /PDM/CritSectsRw/TM real queue alloc lock/ContentionRZEnterShared         0 times
04:22:17.115309 /PDM/CritSectsRw/TM real queue alloc lock/ContentionRZLeaveExcl         0 times
04:22:17.115313 /PDM/CritSectsRw/TM real queue alloc lock/ContentionRZLeaveShared         0 times
04:22:17.115317 /PDM/CritSectsRw/TM real queue alloc lock/R3EnterExcl         8 times
04:22:17.115321 /PDM/CritSectsRw/TM real queue alloc lock/R3EnterShared         1 times
04:22:17.115326 /PDM/CritSectsRw/TM real queue alloc lock/RZEnterExcl         0 times
04:22:17.115330 /PDM/CritSectsRw/TM real queue alloc lock/RZEnterShared         0 times
04:22:17.115334 /PDM/CritSectsRw/TM tsc queue alloc lock/ContentionR3EnterExcl         0 times
04:22:17.115338 /PDM/CritSectsRw/TM tsc queue alloc lock/ContentionR3EnterShared         0 times
04:22:17.115342 /PDM/CritSectsRw/TM tsc queue alloc lock/ContentionR3LeaveExcl         0 times
04:22:17.115347 /PDM/CritSectsRw/TM tsc queue alloc lock/ContentionRZEnterExcl         0 times
04:22:17.115351 /PDM/CritSectsRw/TM tsc queue alloc lock/ContentionRZEnterShared         0 times
04:22:17.115355 /PDM/CritSectsRw/TM tsc queue alloc lock/ContentionRZLeaveExcl         0 times
04:22:17.115360 /PDM/CritSectsRw/TM tsc queue alloc lock/ContentionRZLeaveShared         0 times
04:22:17.115364 /PDM/CritSectsRw/TM tsc queue alloc lock/R3EnterExcl         0 times
04:22:17.115368 /PDM/CritSectsRw/TM tsc queue alloc lock/R3EnterShared         1 times
04:22:17.115372 /PDM/CritSectsRw/TM tsc queue alloc lock/RZEnterExcl         0 times
04:22:17.115376 /PDM/CritSectsRw/TM tsc queue alloc lock/RZEnterShared         0 times
04:22:17.115381 /PDM/CritSectsRw/TM virtual queue alloc lock/ContentionR3EnterExcl         0 times
04:22:17.115385 /PDM/CritSectsRw/TM virtual queue alloc lock/ContentionR3EnterShared         0 times
04:22:17.115389 /PDM/CritSectsRw/TM virtual queue alloc lock/ContentionR3LeaveExcl         0 times
04:22:17.115394 /PDM/CritSectsRw/TM virtual queue alloc lock/ContentionRZEnterExcl         0 times
04:22:17.115398 /PDM/CritSectsRw/TM virtual queue alloc lock/ContentionRZEnterShared         0 times
04:22:17.115402 /PDM/CritSectsRw/TM virtual queue alloc lock/ContentionRZLeaveExcl         0 times
04:22:17.115406 /PDM/CritSectsRw/TM virtual queue alloc lock/ContentionRZLeaveShared         0 times
04:22:17.115476 /PDM/CritSectsRw/TM virtual queue alloc lock/R3EnterExcl        16 times
04:22:17.115481 /PDM/CritSectsRw/TM virtual queue alloc lock/R3EnterShared         1 times
04:22:17.115486 /PDM/CritSectsRw/TM virtual queue alloc lock/RZEnterExcl         0 times
04:22:17.115490 /PDM/CritSectsRw/TM virtual queue alloc lock/RZEnterShared         0 times
04:22:17.115494 /PDM/CritSectsRw/TM virtual_sync queue alloc lock/ContentionR3EnterExcl         0 times
04:22:17.115499 /PDM/CritSectsRw/TM virtual_sync queue alloc lock/ContentionR3EnterShared         0 times
04:22:17.115503 /PDM/CritSectsRw/TM virtual_sync queue alloc lock/ContentionR3LeaveExcl         0 times
04:22:17.115507 /PDM/CritSectsRw/TM virtual_sync queue alloc lock/ContentionRZEnterExcl         0 times
04:22:17.115512 /PDM/CritSectsRw/TM virtual_sync queue alloc lock/ContentionRZEnterShared         0 times
04:22:17.115517 /PDM/CritSectsRw/TM virtual_sync queue alloc lock/ContentionRZLeaveExcl         0 times
04:22:17.115521 /PDM/CritSectsRw/TM virtual_sync queue alloc lock/ContentionRZLeaveShared         0 times
04:22:17.115525 /PDM/CritSectsRw/TM virtual_sync queue alloc lock/R3EnterExcl        11 times
04:22:17.115529 /PDM/CritSectsRw/TM virtual_sync queue alloc lock/R3EnterShared         1 times
04:22:17.115533 /PDM/CritSectsRw/TM virtual_sync queue alloc lock/RZEnterExcl         0 times
04:22:17.115537 /PDM/CritSectsRw/TM virtual_sync queue alloc lock/RZEnterShared         0 times
04:22:17.115542 /PDM/Queue/DevHlp/AllocFailures                    0 times
04:22:17.115547 /PDM/Queue/DevHlp/Flush                            0 calls
04:22:17.115551 /PDM/Queue/DevHlp/FlushLeftovers                   0 times
04:22:17.115555 /PDM/Queue/DevHlp/Insert                           0 calls
04:22:17.115560 /PDM/Queue/DevHlp/cItems                          16 count
04:22:17.115565 /PDM/Queue/DevHlp/cbItem                          56 bytes
04:22:17.115570 /PDM/Queue/DevHlp/rcOkay                           0 
04:22:17.115575 /PDM/Queue/Keyboard/AllocFailures                  0 times
04:22:17.115579 /PDM/Queue/Keyboard/Flush                          0 calls
04:22:17.115584 /PDM/Queue/Keyboard/FlushLeftovers                 0 times
04:22:17.115588 /PDM/Queue/Keyboard/Insert                       321 calls
04:22:17.115593 /PDM/Queue/Keyboard/cItems                        64 count
04:22:17.115597 /PDM/Queue/Keyboard/cbItem                        16 bytes
04:22:17.115602 /PDM/Queue/Keyboard/rcOkay                         0 
04:22:17.115607 /PDM/Queue/Mouse/AllocFailures                     0 times
04:22:17.115612 /PDM/Queue/Mouse/Flush                             0 calls
04:22:17.115616 /PDM/Queue/Mouse/FlushLeftovers                    0 times
04:22:17.115621 /PDM/Queue/Mouse/Insert                            0 calls
04:22:17.115629 /PDM/Queue/Mouse/cItems                          128 count
04:22:17.115635 /PDM/Queue/Mouse/cbItem                           32 bytes
04:22:17.115640 /PDM/Queue/Mouse/rcOkay                            0 
04:22:17.115645 /PDM/Queue/Mouse_1/AllocFailures                   0 times
04:22:17.115649 /PDM/Queue/Mouse_1/Flush                           0 calls
04:22:17.115654 /PDM/Queue/Mouse_1/FlushLeftovers                  0 times
04:22:17.115658 /PDM/Queue/Mouse_1/Insert                       1616 calls
04:22:17.115663 /PDM/Queue/Mouse_1/cItems                        128 count
04:22:17.115668 /PDM/Queue/Mouse_1/cbItem                         32 bytes
04:22:17.115672 /PDM/Queue/Mouse_1/rcOkay                          0 
04:22:17.115677 /PDM/Tasks/000-E1000-Xmit-retriggered              0 times
04:22:17.115681 /PDM/Tasks/000-E1000-Xmit-runs                   120 times
04:22:17.115686 /PDM/Tasks/001-E1000-Xmit-retriggered              0 times
04:22:17.115691 /PDM/Tasks/001-E1000-Xmit-runs                     1 times
04:22:17.115695 /PDM/Tasks/002-E1000-Xmit-retriggered              0 times
04:22:17.115699 /PDM/Tasks/002-E1000-Xmit-runs                     1 times
04:22:17.115706 /PGM/CPU0/R3/Page/MapTlbMisses                    31 times
04:22:17.115711 /PGM/CPU0/R3/RamRange/TlbLocking                   0 times
04:22:17.115716 /PGM/CPU0/R3/RamRange/TlbMisses                    8 times
04:22:17.115720 /PGM/CPU0/RZ/Page/MapTlbMisses                     0 times
04:22:17.115724 /PGM/CPU0/RZ/RamRange/TlbLocking                   0 times
04:22:17.115728 /PGM/CPU0/RZ/RamRange/TlbMisses                   23 times
04:22:17.115732 /PGM/CPU0/cA20Changes                              2 times
04:22:17.115736 /PGM/CPU0/cGuestModeChanges                  6352454 times
04:22:17.115741 /PGM/CPU1/R3/Page/MapTlbMisses                    14 times
04:22:17.115745 /PGM/CPU1/R3/RamRange/TlbLocking                   0 times
04:22:17.115750 /PGM/CPU1/R3/RamRange/TlbMisses                    5 times
04:22:17.115754 /PGM/CPU1/RZ/Page/MapTlbMisses                     0 times
04:22:17.115759 /PGM/CPU1/RZ/RamRange/TlbLocking                   0 times
04:22:17.115766 /PGM/CPU1/RZ/RamRange/TlbMisses                    6 times
04:22:17.115770 /PGM/CPU1/cA20Changes                              0 times
04:22:17.115775 /PGM/CPU1/cGuestModeChanges                        3 times
04:22:17.115779 /PGM/ChunkR3Map/Mapped                           293 count
04:22:17.115784 /PGM/ChunkR3Map/Unmapped                           0 count
04:22:17.115789 /PGM/ChunkR3Map/c                                293 count
04:22:17.115793 /PGM/ChunkR3Map/cMax                       4294967295 count
04:22:17.115798 /PGM/LargePage/Alloc                           23099 ns/call (    17001334 ns,     736 calls, max    893099, min       1)
04:22:17.115805 /PGM/LargePage/AllocFailed                       736 times
04:22:17.115809 /PGM/LargePage/Overflow                            0 times
04:22:17.115814 /PGM/LargePage/Recheck                             0 times
04:22:17.115819 /PGM/LargePage/Refused                             2 times
04:22:17.115824 /PGM/LargePage/Reused                              0 times
04:22:17.115829 /PGM/LargePage/TlbFlush                            0 times
04:22:17.115833 /PGM/LargePage/ZeroEvict                           0 times
04:22:17.115839 /PGM/Mmio2QueryAndResetDirtyBitmap                 0 ticks/call (           0 ticks,       0 calls, max         0, min      -1)
04:22:17.115845 /PGM/Page/cAllPages                           644465 count
04:22:17.115849 /PGM/Page/cBalloonedPages                          0 count
04:22:17.115854 /PGM/Page/cHandyPages                            128 count
04:22:17.115859 /PGM/Page/cLargePages                              0 count
04:22:17.115863 /PGM/Page/cLargePagesDisabled                      0 count
04:22:17.115867 /PGM/Page/cMonitoredPages                          0 count
04:22:17.115872 /PGM/Page/cPrivatePages                       194795 count
04:22:17.115876 /PGM/Page/cPureMmioPages                         134 count
04:22:17.115881 /PGM/Page/cReadLockedPages                         0 count
04:22:17.115888 /PGM/Page/cReusedSharedPages                       0 count
04:22:17.115894 /PGM/Page/cSharedPages                             0 count
04:22:17.115899 /PGM/Page/cWriteLockedPages                     1801 count
04:22:17.115903 /PGM/Page/cWrittenToPages                          0 count
04:22:17.115908 /PGM/Page/cZeroPages                          449536 count
04:22:17.115913 /PGM/PhysHandlerTree/ErrorsAllocatorR3             0 times
04:22:17.115918 /PGM/PhysHandlerTree/ErrorsTree                    0 times
04:22:17.115922 /PGM/PhysHandlerTree/Inserts                      23 times
04:22:17.115927 /PGM/PhysHandlerTree/MaxHandlers                6144 times
04:22:17.115931 /PGM/PhysHandlerTree/RebalancingOperations        10 times
04:22:17.115936 /PGM/PhysHandlerTree/Removals                      8 times
04:22:17.115941 /PGM/Pool/Grow                              30346409 ticks/call (    30346409 ticks,       1 calls, max  30346409, min 30346409)
04:22:17.115946 /PGM/ShMod/Check                                   0 ticks/call (           0 ticks,       0 calls, max         0, min      -1)
04:22:17.115954 /PROF/CPU0/EM/Capped                               0 ticks/call (           0 ticks,       0 calls, max         0, min      -1)
04:22:17.115960 /PROF/CPU0/EM/ForcedActions                   264212 times
04:22:17.115964 /PROF/CPU0/EM/HMExec                         1378860 ticks/call (22972998392076 ticks, 16660859 calls, max 8216975400479, min     620)
04:22:17.115971 /PROF/CPU0/EM/HMExecuteCalled                  69457 times
04:22:17.115979 /PROF/CPU0/EM/Halted                           31653 times
04:22:17.115983 /PROF/CPU0/EM/NEMExec                              0 ticks/call (           0 ticks,       0 calls, max         0, min      -1)
04:22:17.115989 /PROF/CPU0/EM/NEMExecuteCalled                     0 times
04:22:17.115993 /PROF/CPU0/EM/REMTotal                             0 times
04:22:17.115997 /PROF/CPU0/EM/RecordedExits                 16391364 times
04:22:17.116002 /PROF/CPU0/EM/Total                        11630071227899 ticks/call (23260142455799 ticks,       2 calls, max 16804428282771, min 6455714173028)
04:22:17.116009 /PROF/CPU0/VM/Halt/Block                    12404037 ns/call (104479208061 ns,    8423 calls, max 498628344, min       1)
04:22:17.116015 /PROF/CPU0/VM/Halt/BlockInsomnia            12404037 ns/call (104479208061 ns,    8423 calls, max 498628344, min       1)
04:22:17.116021 /PROF/CPU0/VM/Halt/BlockOnTime                     0 ns/call (           0 ns,       0 calls, max         0, min      -1)
04:22:17.116026 /PROF/CPU0/VM/Halt/BlockOverslept                  0 ns/call (           0 ns,       0 calls, max         0, min      -1)
04:22:17.116032 /PROF/CPU0/VM/Halt/R0HaltBlock              24127640 ns/call (5989421403856 ns,  248239 calls, max 475790641370, min       2)
04:22:17.116038 /PROF/CPU0/VM/Halt/R0HaltBlockInsomnia      21488380 ns/call (5334146614569 ns,  248234 calls, max 499927803, min       2)
04:22:17.116043 /PROF/CPU0/VM/Halt/R0HaltBlockOnTime       499977650 ns/call (   499977650 ns,       1 calls, max 499977650, min 499977650)
04:22:17.116049 /PROF/CPU0/VM/Halt/R0HaltBlockOverslept    163193714304 ns/call (652774857217 ns,       4 calls, max 475290654626, min  449966)
04:22:17.116055 /PROF/CPU0/VM/Halt/R0HaltExec                 254642 times
04:22:17.116060 /PROF/CPU0/VM/Halt/R0HaltExec/FromBlock       244105 times
04:22:17.116064 /PROF/CPU0/VM/Halt/R0HaltExec/FromSpin          7334 times
04:22:17.116068 /PROF/CPU0/VM/Halt/R0HaltHistoryCounter       286200 times
04:22:17.116072 /PROF/CPU0/VM/Halt/R0HaltHistorySucceeded        195 times
04:22:17.116077 /PROF/CPU0/VM/Halt/R0HaltHistoryToRing3           56 times
04:22:17.116081 /PROF/CPU0/VM/Halt/R0HaltToR3                  31558 times
04:22:17.116085 /PROF/CPU0/VM/Halt/R0HaltToR3/FromSpin          5097 times
04:22:17.116089 /PROF/CPU0/VM/Halt/R0HaltToR3/Other                4 times
04:22:17.116093 /PROF/CPU0/VM/Halt/R0HaltToR3/PendingFF        22323 times
04:22:17.116098 /PROF/CPU0/VM/Halt/R0HaltToR3/PostWaitNoInt       199 times
04:22:17.116102 /PROF/CPU0/VM/Halt/R0HaltToR3/PostWaitPendingFF      3935 times
04:22:17.116107 /PROF/CPU0/VM/Halt/R0HaltToR3/SmallDelta           0 times
04:22:17.116111 /PROF/CPU0/VM/Halt/Timers                        327 ns/call (     5586766 ns,   17035 calls, max     90612, min       1)
04:22:17.116117 /PROF/CPU0/VM/Halt/Yield                           0 ns/call (           0 ns,       0 calls, max         0, min      -1)
04:22:17.116122 /PROF/CPU1/EM/Capped                               0 ticks/call (           0 ticks,       0 calls, max         0, min      -1)
04:22:17.116128 /PROF/CPU1/EM/ForcedActions                   145789 times
04:22:17.116132 /PROF/CPU1/EM/HMExec                           40465 ticks/call (620526557123 ticks, 15334735 calls, max 1223864282, min     640)
04:22:17.116138 /PROF/CPU1/EM/HMExecuteCalled                  72629 times
04:22:17.116143 /PROF/CPU1/EM/Halted                           49425 times
04:22:17.116147 /PROF/CPU1/EM/NEMExec                              0 ticks/call (           0 ticks,       0 calls, max         0, min      -1)
04:22:17.116155 /PROF/CPU1/EM/NEMExecuteCalled                     0 times
04:22:17.116159 /PROF/CPU1/EM/REMTotal                             0 times
04:22:17.116165 /PROF/CPU1/EM/RecordedExits                   634670 times
04:22:17.116170 /PROF/CPU1/EM/Total                        11630071363993 ticks/call (23260142727987 ticks,       2 calls, max 16804428373223, min 6455714354764)
04:22:17.116176 /PROF/CPU1/VM/Halt/Block                    25379848 ns/call (5938047029235 ns,  233967 calls, max 475790649045, min       1)
04:22:17.116181 /PROF/CPU1/VM/Halt/BlockInsomnia            14019948 ns/call (619541518851 ns,   44190 calls, max 517098303, min       1)
04:22:17.116186 /PROF/CPU1/VM/Halt/BlockOnTime              27508558 ns/call (401129805937 ns,   14582 calls, max 498635168, min    2633)
04:22:17.116192 /PROF/CPU1/VM/Halt/BlockOverslept            4402201 ns/call (771243655799 ns,  175195 calls, max 475379218145, min   50023)
04:22:17.116197 /PROF/CPU1/VM/Halt/R0HaltBlock               5467813 ns/call (212397199728 ns,   38845 calls, max 505866056, min       2)
04:22:17.116202 /PROF/CPU1/VM/Halt/R0HaltBlockInsomnia       5722736 ns/call ( 76158177543 ns,   13308 calls, max 505866056, min       2)
04:22:17.116207 /PROF/CPU1/VM/Halt/R0HaltBlockOnTime         5151399 ns/call ( 26148502507 ns,    5076 calls, max 406660423, min     744)
04:22:17.116213 /PROF/CPU1/VM/Halt/R0HaltBlockOverslept       382439 ns/call (  7825085947 ns,   20461 calls, max  22244245, min   50001)
04:22:17.116218 /PROF/CPU1/VM/Halt/R0HaltExec                   8155 times
04:22:17.116223 /PROF/CPU1/VM/Halt/R0HaltExec/FromBlock         7679 times
04:22:17.116228 /PROF/CPU1/VM/Halt/R0HaltExec/FromSpin           256 times
04:22:17.116232 /PROF/CPU1/VM/Halt/R0HaltHistoryCounter        52961 times
04:22:17.116237 /PROF/CPU1/VM/Halt/R0HaltHistorySucceeded         14 times
04:22:17.116241 /PROF/CPU1/VM/Halt/R0HaltHistoryToRing3          214 times
04:22:17.116245 /PROF/CPU1/VM/Halt/R0HaltToR3                  44806 times
04:22:17.116249 /PROF/CPU1/VM/Halt/R0HaltToR3/FromSpin             1 times
04:22:17.116253 /PROF/CPU1/VM/Halt/R0HaltToR3/Other                6 times
04:22:17.116257 /PROF/CPU1/VM/Halt/R0HaltToR3/PendingFF         7032 times
04:22:17.116261 /PROF/CPU1/VM/Halt/R0HaltToR3/PostWaitNoInt     28463 times
04:22:17.116266 /PROF/CPU1/VM/Halt/R0HaltToR3/PostWaitPendingFF      2703 times
04:22:17.116270 /PROF/CPU1/VM/Halt/R0HaltToR3/SmallDelta        6601 times
04:22:17.116274 /PROF/CPU1/VM/Halt/Timers                      19634 ns/call ( 13273734036 ns,  676054 calls, max  35695019, min       2)
04:22:17.116281 /PROF/CPU1/VM/Halt/Yield                        4421 ns/call (     9983657 ns,    2258 calls, max    950833, min       1)
04:22:17.116287 /Public/NetAdapter/0/BytesReceived                 0 bytes
04:22:17.116291 /Public/NetAdapter/0/BytesTransmitted          33148 bytes
04:22:17.116296 /Public/NetAdapter/0/e1000                         0 
04:22:17.116301 /Public/NetAdapter/1/BytesReceived                 0 bytes
04:22:17.116305 /Public/NetAdapter/1/BytesTransmitted              0 bytes
04:22:17.116309 /Public/NetAdapter/1/e1000                         1 
04:22:17.116314 /Public/NetAdapter/2/BytesReceived                 0 bytes
04:22:17.116318 /Public/NetAdapter/2/BytesTransmitted              0 bytes
04:22:17.116323 /Public/NetAdapter/2/e1000                         2 
04:22:17.116327 /Public/Storage/AHCI0/Port0/BytesRead      379479552 bytes
04:22:17.116332 /Public/Storage/AHCI0/Port0/BytesWritten    35824640 bytes
04:22:17.116337 /Public/Storage/AHCI0/Port0/QueryBufAttempts         0 count
04:22:17.116341 /Public/Storage/AHCI0/Port0/QueryBufSuccess         0 count
04:22:17.116346 /Public/Storage/AHCI0/Port0/ReqsFlush            615 count
04:22:17.116350 /Public/Storage/AHCI0/Port0/ReqsRead           12914 count
04:22:17.116354 /Public/Storage/AHCI0/Port0/ReqsSubmitted      16780 count
04:22:17.116359 /Public/Storage/AHCI0/Port0/ReqsSucceeded      16780 count
04:22:17.116364 /Public/Storage/AHCI0/Port0/ReqsWrite           3251 count
04:22:17.116369 /Public/Storage/PIIX3IDE0/Port0/QueryBufAttempts         0 count
04:22:17.116374 /Public/Storage/PIIX3IDE0/Port0/QueryBufSuccess         0 count
04:22:17.116379 /SELM/LoadHidSel/GstReadErrors                     0 times
04:22:17.116384 /SELM/LoadHidSel/NoGoodGuest                       0 times
04:22:17.116389 /TM/CPU/00/cNsExecuting                    49932489191 ns
04:22:17.116398 /TM/CPU/00/cNsHalted                       104498895864 ns
04:22:17.116403 /TM/CPU/00/cNsOther                        9460374628771 ns
04:22:17.116408 /TM/CPU/00/cNsTotal                        9614806013826 ns
04:22:17.116412 /TM/CPU/00/cPeriodsExecuting                16391362 count
04:22:17.116417 /TM/CPU/00/cPeriodsHalted                       8612 count
04:22:17.116422 /TM/CPU/00/pctExecuting                            1 %
04:22:17.116426 /TM/CPU/00/pctHalted                               1 %
04:22:17.116431 /TM/CPU/00/pctOther                               97 %
04:22:17.116436 /TM/CPU/01/cNsExecuting                    16325952861 ns
04:22:17.116441 /TM/CPU/01/cNsHalted                       5952012893643 ns
04:22:17.116446 /TM/CPU/01/cNsOther                        3646467280774 ns
04:22:17.116452 /TM/CPU/01/cNsTotal                        9614806127278 ns
04:22:17.116456 /TM/CPU/01/cPeriodsExecuting                  634670 count
04:22:17.116461 /TM/CPU/01/cPeriodsHalted                      46151 count
04:22:17.116465 /TM/CPU/01/pctExecuting                            0 %
04:22:17.116470 /TM/CPU/01/pctHalted                              98 %
04:22:17.116474 /TM/CPU/01/pctOther                                1 %
04:22:17.116479 /TM/CPU/pctExecuting                               0 %
04:22:17.116483 /TM/CPU/pctHalted                                 52 %
04:22:17.116488 /TM/CPU/pctOther                                  46 %
04:22:17.116493 /TM/MaxHzHint                                      0 Hz
04:22:17.116498 /TM/MaxHzHint/real                                 0 Hz
04:22:17.116503 /TM/MaxHzHint/tsc                                  0 Hz
04:22:17.116508 /TM/MaxHzHint/virtual                              0 Hz
04:22:17.116512 /TM/MaxHzHint/virtual_sync                         0 Hz
04:22:17.116517 /TM/PIT/Handler                                    0 ticks/call (           0 ticks,       0 calls, max         0, min      -1)
04:22:17.116523 /TM/PIT/Irq                                        0 times
04:22:17.116527 /TM/R3/1nsSteps                                72217 times
04:22:17.116532 /TM/TSC/offCPU0                            446789737544142 ticks
04:22:17.116537 /TM/TSC/offCPU1                            446789737544142 ticks
04:22:17.116546 /TM/VirtualSync/CurrentOffset              7199500978266 ns
04:22:17.116551 /TM/VirtualSync/GivenUp                    7178377578878 ns
04:22:17.116555 /TRPM/ForwardRaw/IRQ/20                          211 times
04:22:17.116560 /TRPM/ForwardRaw/IRQ/21                           86 times
04:22:17.116564 /TRPM/ForwardRaw/IRQ/22                           96 times
04:22:17.116572 /TRPM/ForwardRaw/IRQ/23                          379 times
04:22:17.116577 /TRPM/ForwardRaw/IRQ/24                         3519 times
04:22:17.116583 /TRPM/ForwardRaw/IRQ/30                           55 times
04:22:17.116603 /TRPM/ForwardRaw/IRQ/EC                       118711 times
04:22:17.116608 /TRPM/ForwardRaw/IRQ/F6                            1 times
04:22:17.116613 /TRPM/ForwardRaw/IRQ/FB                        18064 times
04:22:17.116617 /TRPM/ForwardRaw/IRQ/FD                          499 times
04:22:17.116623 /TRPM/ForwardRaw/TRAP/08                           8 times
04:22:17.116628 /VMM/EmtHashCollisions/Emt00                       0 times
04:22:17.116633 /VMM/EmtHashCollisions/Emt01                       0 times
04:22:17.116638 /VMM/LogFlush/00-Flushes                           0 times
04:22:17.116643 /VMM/LogFlush/00-NoWakups                          0 times
04:22:17.116649 /VMM/LogFlush/CPU0/Rel/cbBuf                    4096 bytes
04:22:17.116654 /VMM/LogFlush/CPU1/Rel/cbBuf                    4096 bytes
04:22:17.116659 /VUSB/0/cUrbsInPool                                0 count
04:22:17.116664 /VUSB/1/cUrbsInPool                                0 count
04:22:17.116670 ********************* End of statistics **********************
04:22:17.117300 VUSB: Detached 'HidMouse' from port 1 on RootHub#1
04:22:17.120261 E1000#0: Interrupt attempts: 2913
04:22:17.120295 E1000#0: Interrupts raised : 2792
04:22:17.120300 E1000#0: Interrupts lowered: 0
04:22:17.120304 E1000#0: ICR outside ISR   : 0
04:22:17.120308 E1000#0: IMS raised ints   : 1
04:22:17.120313 E1000#0: Interrupts skipped: 120
04:22:17.120317 E1000#0: Masked interrupts : 1
04:22:17.120321 E1000#0: Early interrupts  : 0
04:22:17.120325 E1000#0: Late interrupts   : 1
04:22:17.120328 E1000#0: Lost interrupts   : 0
04:22:17.120332 E1000#0: Interrupts by RX  : 0
04:22:17.120336 E1000#0: Interrupts by TX  : 119
04:22:17.120340 E1000#0: Interrupts by ICS : 2673
04:22:17.120344 E1000#0: Interrupts by RDTR: 0
04:22:17.120348 E1000#0: Interrupts by RDMT: 0
04:22:17.120352 E1000#0: Interrupts by TXQE: 0
04:22:17.120355 E1000#0: TX int delay asked: 0
04:22:17.120359 E1000#0: TX delayed:         0
04:22:17.120363 E1000#0: TX delay expired:   0
04:22:17.120367 E1000#0: TX no report asked: 0
04:22:17.120371 E1000#0: TX abs timer expd : 0
04:22:17.120379 E1000#0: TX int timer expd : 0
04:22:17.120383 E1000#0: RX abs timer expd : 0
04:22:17.120387 E1000#0: RX int timer expd : 0
04:22:17.120391 E1000#0: TX CTX descriptors: 0
04:22:17.120395 E1000#0: TX DAT descriptors: 0
04:22:17.120399 E1000#0: TX LEG descriptors: 119
04:22:17.120403 E1000#0: Received frames   : 0
04:22:17.120407 E1000#0: Transmitted frames: 119
04:22:17.120411 E1000#0: TX frames up to 1514: 119
04:22:17.120415 E1000#0: TX frames up to 2962: 0
04:22:17.120419 E1000#0: TX frames up to 4410: 0
04:22:17.120423 E1000#0: TX frames up to 5858: 0
04:22:17.120429 E1000#0: TX frames up to 7306: 0
04:22:17.120432 E1000#0: TX frames up to 8754: 0
04:22:17.120437 E1000#0: TX frames up to 16384: 0
04:22:17.120440 E1000#0: TX frames up to 32768: 0
04:22:17.120444 E1000#0: Larger TX frames    : 0
04:22:17.120448 E1000#0: Max TX Delay        : 0
04:22:17.120478 E1000#1: Interrupt attempts: 1
04:22:17.120483 E1000#1: Interrupts raised : 0
04:22:17.120488 E1000#1: Interrupts lowered: 0
04:22:17.120491 E1000#1: ICR outside ISR   : 0
04:22:17.120495 E1000#1: IMS raised ints   : 0
04:22:17.120499 E1000#1: Interrupts skipped: 0
04:22:17.120503 E1000#1: Masked interrupts : 1
04:22:17.120507 E1000#1: Early interrupts  : 0
04:22:17.120511 E1000#1: Late interrupts   : 0
04:22:17.120514 E1000#1: Lost interrupts   : 0
04:22:17.120518 E1000#1: Interrupts by RX  : 0
04:22:17.120522 E1000#1: Interrupts by TX  : 0
04:22:17.120526 E1000#1: Interrupts by ICS : 0
04:22:17.120530 E1000#1: Interrupts by RDTR: 0
04:22:17.120533 E1000#1: Interrupts by RDMT: 0
04:22:17.120538 E1000#1: Interrupts by TXQE: 0
04:22:17.120542 E1000#1: TX int delay asked: 0
04:22:17.120546 E1000#1: TX delayed:         0
04:22:17.120550 E1000#1: TX delay expired:   0
04:22:17.120554 E1000#1: TX no report asked: 0
04:22:17.120558 E1000#1: TX abs timer expd : 0
04:22:17.120562 E1000#1: TX int timer expd : 0
04:22:17.120566 E1000#1: RX abs timer expd : 0
04:22:17.120570 E1000#1: RX int timer expd : 0
04:22:17.120574 E1000#1: TX CTX descriptors: 0
04:22:17.120578 E1000#1: TX DAT descriptors: 0
04:22:17.120582 E1000#1: TX LEG descriptors: 0
04:22:17.120586 E1000#1: Received frames   : 0
04:22:17.120590 E1000#1: Transmitted frames: 0
04:22:17.120594 E1000#1: TX frames up to 1514: 0
04:22:17.120598 E1000#1: TX frames up to 2962: 0
04:22:17.120602 E1000#1: TX frames up to 4410: 0
04:22:17.120606 E1000#1: TX frames up to 5858: 0
04:22:17.120610 E1000#1: TX frames up to 7306: 0
04:22:17.120614 E1000#1: TX frames up to 8754: 0
04:22:17.120622 E1000#1: TX frames up to 16384: 0
04:22:17.120626 E1000#1: TX frames up to 32768: 0
04:22:17.120630 E1000#1: Larger TX frames    : 0
04:22:17.120634 E1000#1: Max TX Delay        : 0
04:22:17.120658 E1000#2: Interrupt attempts: 1
04:22:17.120663 E1000#2: Interrupts raised : 0
04:22:17.120667 E1000#2: Interrupts lowered: 0
04:22:17.120671 E1000#2: ICR outside ISR   : 0
04:22:17.120675 E1000#2: IMS raised ints   : 0
04:22:17.120679 E1000#2: Interrupts skipped: 0
04:22:17.120683 E1000#2: Masked interrupts : 1
04:22:17.120687 E1000#2: Early interrupts  : 0
04:22:17.120691 E1000#2: Late interrupts   : 0
04:22:17.120695 E1000#2: Lost interrupts   : 0
04:22:17.120699 E1000#2: Interrupts by RX  : 0
04:22:17.120703 E1000#2: Interrupts by TX  : 0
04:22:17.120707 E1000#2: Interrupts by ICS : 0
04:22:17.120711 E1000#2: Interrupts by RDTR: 0
04:22:17.120719 E1000#2: Interrupts by RDMT: 0
04:22:17.120723 E1000#2: Interrupts by TXQE: 0
04:22:17.120727 E1000#2: TX int delay asked: 0
04:22:17.120731 E1000#2: TX delayed:         0
04:22:17.120734 E1000#2: TX delay expired:   0
04:22:17.120738 E1000#2: TX no report asked: 0
04:22:17.120742 E1000#2: TX abs timer expd : 0
04:22:17.120746 E1000#2: TX int timer expd : 0
04:22:17.120750 E1000#2: RX abs timer expd : 0
04:22:17.120754 E1000#2: RX int timer expd : 0
04:22:17.120758 E1000#2: TX CTX descriptors: 0
04:22:17.120762 E1000#2: TX DAT descriptors: 0
04:22:17.120766 E1000#2: TX LEG descriptors: 0
04:22:17.120770 E1000#2: Received frames   : 0
04:22:17.120774 E1000#2: Transmitted frames: 0
04:22:17.120778 E1000#2: TX frames up to 1514: 0
04:22:17.120782 E1000#2: TX frames up to 2962: 0
04:22:17.120786 E1000#2: TX frames up to 4410: 0
04:22:17.120790 E1000#2: TX frames up to 5858: 0
04:22:17.120794 E1000#2: TX frames up to 7306: 0
04:22:17.120798 E1000#2: TX frames up to 8754: 0
04:22:17.120802 E1000#2: TX frames up to 16384: 0
04:22:17.120805 E1000#2: TX frames up to 32768: 0
04:22:17.120809 E1000#2: Larger TX frames    : 0
04:22:17.120813 E1000#2: Max TX Delay        : 0
04:22:17.122546 GIM: KVM: Resetting MSRs
04:22:17.125002 vmmR3LogFlusher: Terminating (VERR_OBJECT_DESTROYED)
04:22:17.125153 Changing the VM state from 'DESTROYING' to 'TERMINATED'
04:22:17.125182 Console: Machine state changed to 'PoweredOff'
04:22:17.267831 GUI: Request for async QApp quit.
04:22:17.272321 GUI: Cannot notify guest about VM window out-of-focus event
04:22:17.321419 GUI: UICommon: Handling aboutToQuit request..
04:22:18.190416 GUI: UICommon: aboutToQuit request handled!
