3030.268c: \SystemRoot\System32\ntdll.dll:
3030.268c:     CreationTime:    2026-03-11T14:03:48.786801700Z
3030.268c:     LastWriteTime:   2026-03-11T14:03:48.932265100Z
3030.268c:     ChangeTime:      2026-03-13T07:08:15.671645100Z
3030.268c:     FileAttributes:  0x20
3030.268c:     Size:            0x267b98
3030.268c:     NT Headers:      0xe0
3030.268c:     Timestamp:       0x5ffc11eb
3030.268c:     Machine:         0x8664 - amd64
3030.268c:     Timestamp:       0x5ffc11eb
3030.268c:     Image Version:   10.0
3030.268c:     SizeOfImage:     0x267000 (2519040)
3030.268c:     Resource Dir:    0x1eb000 LB 0x7a1b8
3030.268c:     [Version info resource found at 0xd8! (ID/Name: 0x1; SubID/SubName: 0x409)]
3030.268c:     [Raw version resource data: 0x1eb0f0 LB 0x380, codepage 0x0 (reserved 0x0)]
3030.268c:     ProductName:     Microsoft® Windows® Operating System
3030.268c:     ProductVersion:  10.0.26100.7920
3030.268c:     FileVersion:     10.0.26100.7920 (WinBuild.160101.0800)
3030.268c:     FileDescription: NT Layer DLL
3030.268c: \SystemRoot\System32\kernel32.dll:
3030.268c:     CreationTime:    2026-03-11T14:03:46.700193300Z
3030.268c:     LastWriteTime:   2026-03-11T14:03:46.739845300Z
3030.268c:     ChangeTime:      2026-03-13T07:08:09.887212200Z
3030.268c:     FileAttributes:  0x20
3030.268c:     Size:            0xcc238
3030.268c:     NT Headers:      0xf0
3030.268c:     Timestamp:       0x10824ec0
3030.268c:     Machine:         0x8664 - amd64
3030.268c:     Timestamp:       0x10824ec0
3030.268c:     Image Version:   10.0
3030.268c:     SizeOfImage:     0xc9000 (823296)
3030.268c:     Resource Dir:    0xc7000 LB 0x520
3030.268c:     [Version info resource found at 0x90! (ID/Name: 0x1; SubID/SubName: 0x409)]
3030.268c:     [Raw version resource data: 0xc70b0 LB 0x3a4, codepage 0x0 (reserved 0x0)]
3030.268c:     ProductName:     Microsoft® Windows® Operating System
3030.268c:     ProductVersion:  10.0.26100.7920
3030.268c:     FileVersion:     10.0.26100.7920 (WinBuild.160101.0800)
3030.268c:     FileDescription: Windows NT BASE API Client DLL
3030.268c: \SystemRoot\System32\KernelBase.dll:
3030.268c:     CreationTime:    2026-03-11T14:03:46.724036500Z
3030.268c:     LastWriteTime:   2026-03-11T14:03:47.109441900Z
3030.268c:     ChangeTime:      2026-03-13T07:08:14.643752900Z
3030.268c:     FileAttributes:  0x20
3030.268c:     Size:            0x3f32c8
3030.268c:     NT Headers:      0x100
3030.268c:     Timestamp:       0xcc2a083
3030.268c:     Machine:         0x8664 - amd64
3030.268c:     Timestamp:       0xcc2a083
3030.268c:     Image Version:   10.0
3030.268c:     SizeOfImage:     0x3f1000 (4132864)
3030.268c:     Resource Dir:    0x3b7000 LB 0x548
3030.268c:     [Version info resource found at 0x90! (ID/Name: 0x1; SubID/SubName: 0x409)]
3030.268c:     [Raw version resource data: 0x3b70b0 LB 0x3bc, codepage 0x0 (reserved 0x0)]
3030.268c:     ProductName:     Microsoft® Windows® Operating System
3030.268c:     ProductVersion:  10.0.26100.7920
3030.268c:     FileVersion:     10.0.26100.7920 (WinBuild.160101.0800)
3030.268c:     FileDescription: Windows NT BASE API Client DLL
3030.268c: \SystemRoot\System32\apisetschema.dll:
3030.268c:     CreationTime:    2026-02-11T09:39:35.158731500Z
3030.268c:     LastWriteTime:   2026-02-11T09:39:35.169492700Z
3030.268c:     ChangeTime:      2026-03-11T14:06:42.715901700Z
3030.268c:     FileAttributes:  0x20
3030.268c:     Size:            0x2f598
3030.268c:     NT Headers:      0xd8
3030.268c:     Timestamp:       0xd5983b53
3030.268c:     Machine:         0x8664 - amd64
3030.268c:     Timestamp:       0xd5983b53
3030.268c:     Image Version:   10.0
3030.268c:     SizeOfImage:     0x2e000 (188416)
3030.268c:     Resource Dir:    0x2d000 LB 0x408
3030.268c:     [Version info resource found at 0x48! (ID/Name: 0x1; SubID/SubName: 0x409)]
3030.268c:     [Raw version resource data: 0x2d060 LB 0x3a8, codepage 0x0 (reserved 0x0)]
3030.268c:     ProductName:     Microsoft® Windows® Operating System
3030.268c:     ProductVersion:  10.0.26100.7705
3030.268c:     FileVersion:     10.0.26100.7705 (WinBuild.160101.0800)
3030.268c:     FileDescription: ApiSet Schema DLL
3030.268c: NtOpenDirectoryObject failed on \Driver: 0xc0000022
3030.268c: supR3HardenedWinFindAdversaries: 0x0
3030.268c: supR3HardenedWinInitAppBin(0x0): '\Device\HarddiskVolume4\VBox'
3030.268c: Calling main()
3030.268c: SUPR3HardenedMain: pszProgName=VirtualBoxVM fFlags=0x2
3030.268c: supR3HardenedWinInitAppBin(0x2): '\Device\HarddiskVolume4\VBox'
3030.268c: SUPR3HardenedMain: Respawn #1
3030.268c: System32:  \Device\HarddiskVolume3\Windows\System32
3030.268c: WinSxS:    \Device\HarddiskVolume3\Windows\WinSxS
3030.268c: KnownDllPath: C:\Windows\System32
3030.268c: supR3HardenedWinInit: Performing a limited self purification...
3030.268c: supHardNtVpScanVirtualMemory: enmKind=SELF_PURIFICATION
3030.268c:  *0000000000000000-000000007ffdffff 0x0001/0x0000 0x0000000
3030.268c:  *000000007ffe0000-000000007ffe0fff 0x0002/0x0002 0x0020000
3030.268c:   000000007ffe1000-000000007ffe8fff 0x0001/0x0000 0x0000000
3030.268c:  *000000007ffe9000-000000007ffe9fff 0x0002/0x0002 0x0020000
3030.268c:   000000007ffea000-0000003c1d06ffff 0x0001/0x0000 0x0000000
3030.268c:  *0000003c1d070000-0000003c1d128fff 0x0000/0x0004 0x0020000
3030.268c:   0000003c1d129000-0000003c1d12bfff 0x0104/0x0004 0x0020000
3030.268c:   0000003c1d12c000-0000003c1d16ffff 0x0004/0x0004 0x0020000
3030.268c:   0000003c1d170000-0000003c1d1fffff 0x0001/0x0000 0x0000000
3030.268c:  *0000003c1d200000-0000003c1d378fff 0x0000/0x0004 0x0020000
3030.268c:   0000003c1d379000-0000003c1d37bfff 0x0004/0x0004 0x0020000
3030.268c:   0000003c1d37c000-0000003c1d3fffff 0x0000/0x0004 0x0020000
3030.268c:   0000003c1d400000-00000147a310ffff 0x0001/0x0000 0x0000000
3030.268c:  *00000147a3110000-00000147a3110fff 0x0004/0x0004 0x0040000
3030.268c:   00000147a3111000-00000147a3111fff 0x0000/0x0004 0x0040000
3030.268c:   00000147a3112000-00000147a311ffff 0x0001/0x0000 0x0000000
3030.268c:  *00000147a3120000-00000147a312ffff 0x0004/0x0004 0x0040000
3030.268c:  *00000147a3130000-00000147a3159fff 0x0002/0x0002 0x0040000
3030.268c:   00000147a315a000-00000147a315ffff 0x0001/0x0000 0x0000000
3030.268c:  *00000147a3160000-00000147a3163fff 0x0002/0x0002 0x0040000
3030.268c:   00000147a3164000-00000147a316ffff 0x0001/0x0000 0x0000000
3030.268c:  *00000147a3170000-00000147a3170fff 0x0002/0x0002 0x0040000
3030.268c:   00000147a3171000-00000147a317ffff 0x0001/0x0000 0x0000000
3030.268c:  *00000147a3180000-00000147a3181fff 0x0004/0x0004 0x0020000
3030.268c:   00000147a3182000-00000147a318ffff 0x0001/0x0000 0x0000000
3030.268c:  *00000147a3190000-00000147a3192fff 0x0002/0x0002 0x0040000
3030.268c:   00000147a3193000-00000147a319ffff 0x0001/0x0000 0x0000000
3030.268c:  *00000147a31a0000-00000147a31a8fff 0x0002/0x0002 0x0040000
3030.268c:   00000147a31a9000-00000147a31affff 0x0001/0x0000 0x0000000
3030.268c:  *00000147a31b0000-00000147a31b8fff 0x0002/0x0002 0x0040000
3030.268c:   00000147a31b9000-00000147a31bffff 0x0001/0x0000 0x0000000
3030.268c:  *00000147a31c0000-00000147a31c3fff 0x0002/0x0002 0x0040000
3030.268c:   00000147a31c4000-00000147a31cffff 0x0001/0x0000 0x0000000
3030.268c:  *00000147a31d0000-00000147a31d3fff 0x0002/0x0002 0x0040000
3030.268c:   00000147a31d4000-00000147a31dffff 0x0001/0x0000 0x0000000
3030.268c:  *00000147a31e0000-00000147a31e2fff 0x0002/0x0002 0x0040000
3030.268c:   00000147a31e3000-00000147a31effff 0x0001/0x0000 0x0000000
3030.268c:  *00000147a31f0000-00000147a32c2fff 0x0002/0x0002 0x0040000
3030.268c:   00000147a32c3000-00000147a3ffffff 0x0001/0x0000 0x0000000
3030.268c:  *00000147a4000000-00000147a4001fff 0x0004/0x0004 0x0020000
3030.268c:   00000147a4002000-00000147a40fffff 0x0000/0x0004 0x0020000
3030.268c:   00000147a4100000-00000147a4108fff 0x0004/0x0004 0x0020000
3030.268c:   00000147a4109000-00000147a4112fff 0x0000/0x0004 0x0020000
3030.268c:   00000147a4113000-00000147a4113fff 0x0004/0x0004 0x0020000
3030.268c:   00000147a4114000-00000147a41fffff 0x0000/0x0004 0x0020000
3030.268c:   00000147a4200000-00000147a4200fff 0x0004/0x0004 0x0020000
3030.268c:   00000147a4201000-00000147a42fffff 0x0000/0x0004 0x0020000
3030.268c:   00000147a4300000-00000147a4302fff 0x0004/0x0004 0x0020000
3030.268c:   00000147a4303000-00000147a43fffff 0x0000/0x0004 0x0020000
3030.268c:   00000147a4400000-00000147a4401fff 0x0004/0x0004 0x0020000
3030.268c:   00000147a4402000-00000147a44fffff 0x0000/0x0004 0x0020000
3030.268c:   00000147a4500000-00000147a4511fff 0x0004/0x0004 0x0020000
3030.268c:   00000147a4512000-00000147a4512fff 0x0000/0x0004 0x0020000
3030.268c:   00000147a4513000-00000147a452dfff 0x0004/0x0004 0x0020000
3030.268c:   00000147a452e000-00000147a452efff 0x0000/0x0004 0x0020000
3030.268c:   00000147a452f000-00000147a453efff 0x0004/0x0004 0x0020000
3030.268c:   00000147a453f000-00000147a4547fff 0x0000/0x0004 0x0020000
3030.268c:   00000147a4548000-00000147a4548fff 0x0004/0x0004 0x0020000
3030.268c:   00000147a4549000-00000147a4ffffff 0x0000/0x0004 0x0020000
3030.268c:  *00000147a5000000-00000147a5001fff 0x0004/0x0004 0x0020000
3030.268c:   00000147a5002000-00000147a500ffff 0x0000/0x0004 0x0020000
3030.268c:   00000147a5010000-00000147a5276fff 0x0004/0x0004 0x0020000
3030.268c:   00000147a5277000-00000147a5ffffff 0x0000/0x0004 0x0020000
3030.268c:   00000147a6000000-00007df45127ffff 0x0001/0x0000 0x0000000
3030.268c:  *00007df451280000-00007df453b73fff 0x0000/0x0004 0x0020000
3030.268c:   00007df453b74000-00007df453b74fff 0x0004/0x0004 0x0020000
3030.268c:   00007df453b75000-00007df55127ffff 0x0000/0x0004 0x0020000
3030.268c:   00007df551280000-00007df551280fff 0x0004/0x0004 0x0020000
3030.268c:   00007df551281000-00007df55129ffff 0x0000/0x0004 0x0020000
3030.268c:  *00007df5512a0000-00007df5526ccfff 0x0000/0x0001 0x0040000
3030.268c:   00007df5526cd000-00007df55290efff 0x0001/0x0001 0x0040000
3030.268c:   00007df55290f000-00007df553078fff 0x0000/0x0001 0x0040000
3030.268c:   00007df553079000-00007df553079fff 0x0001/0x0001 0x0040000
3030.268c:   00007df55307a000-00007ff529856fff 0x0000/0x0001 0x0040000
3030.268c:   00007ff529857000-00007ff52985bfff 0x0002/0x0001 0x0040000
3030.268c:   00007ff52985c000-00007ff54bf0afff 0x0000/0x0001 0x0040000
3030.268c:   00007ff54bf0b000-00007ff55026ffff 0x0001/0x0001 0x0040000
3030.268c:   00007ff550270000-00007ff55027ffff 0x0002/0x0001 0x0040000
3030.268c:   00007ff550280000-00007ff5502c3fff 0x0001/0x0001 0x0040000
3030.268c:   00007ff5502c4000-00007ff5502c7fff 0x0002/0x0001 0x0040000
3030.268c:   00007ff5502c8000-00007ff550332fff 0x0001/0x0001 0x0040000
3030.268c:   00007ff550333000-00007ff55033dfff 0x0002/0x0001 0x0040000
3030.268c:   00007ff55033e000-00007ff55129ffff 0x0000/0x0001 0x0040000
3030.268c:   00007ff5512a0000-00007ff5c821ffff 0x0001/0x0000 0x0000000
3030.268c:  *00007ff5c8220000-00007ff5c8224fff 0x0002/0x0002 0x0040000
3030.268c:   00007ff5c8225000-00007ff5c831ffff 0x0000/0x0002 0x0040000
3030.268c:  *00007ff5c8320000-00007ff5c8370fff 0x0000/0x0004 0x0020000
3030.268c:   00007ff5c8371000-00007ff5c8371fff 0x0004/0x0004 0x0020000
3030.268c:   00007ff5c8372000-00007ff5ca31ffff 0x0000/0x0004 0x0020000
3030.268c:   00007ff5ca320000-00007ff5ca320fff 0x0004/0x0004 0x0020000
3030.268c:   00007ff5ca321000-00007ff5ca32ffff 0x0001/0x0000 0x0000000
3030.268c:  *00007ff5ca330000-00007ff5ca330fff 0x0002/0x0002 0x0040000
3030.268c:   00007ff5ca331000-00007ff616ddffff 0x0001/0x0000 0x0000000
3030.268c:  *00007ff616de0000-00007ff616de0fff 0x0002/0x0080 0x1000000  \Device\HarddiskVolume4\VBox\VirtualBoxVM.exe
3030.268c:   00007ff616de1000-00007ff616e4bfff 0x0020/0x0080 0x1000000  \Device\HarddiskVolume4\VBox\VirtualBoxVM.exe
3030.268c:   00007ff616e4c000-00007ff616e4cfff 0x0080/0x0080 0x1000000  \Device\HarddiskVolume4\VBox\VirtualBoxVM.exe
3030.268c:   00007ff616e4d000-00007ff616ea1fff 0x0002/0x0080 0x1000000  \Device\HarddiskVolume4\VBox\VirtualBoxVM.exe
3030.268c:   00007ff616ea2000-00007ff616ea4fff 0x0004/0x0080 0x1000000  \Device\HarddiskVolume4\VBox\VirtualBoxVM.exe
3030.268c:   00007ff616ea5000-00007ff616ea8fff 0x0008/0x0080 0x1000000  \Device\HarddiskVolume4\VBox\VirtualBoxVM.exe
3030.268c:   00007ff616ea9000-00007ff616eadfff 0x0004/0x0080 0x1000000  \Device\HarddiskVolume4\VBox\VirtualBoxVM.exe
3030.268c:   00007ff616eae000-00007ff616eaefff 0x0008/0x0080 0x1000000  \Device\HarddiskVolume4\VBox\VirtualBoxVM.exe
3030.268c:   00007ff616eaf000-00007ff616ee9fff 0x0002/0x0080 0x1000000  \Device\HarddiskVolume4\VBox\VirtualBoxVM.exe
3030.268c:   00007ff616eea000-00007fffbf3fffff 0x0001/0x0000 0x0000000
3030.268c:  *00007fffbf400000-00007fffbf400fff 0x0002/0x0080 0x1000000  \Device\HarddiskVolume3\Windows\System32\KernelBase.dll
3030.268c:   00007fffbf401000-00007fffbf5a5fff 0x0020/0x0080 0x1000000  \Device\HarddiskVolume3\Windows\System32\KernelBase.dll
3030.268c:   00007fffbf5a6000-00007fffbf797fff 0x0002/0x0080 0x1000000  \Device\HarddiskVolume3\Windows\System32\KernelBase.dll
3030.268c:   00007fffbf798000-00007fffbf79bfff 0x0004/0x0080 0x1000000  \Device\HarddiskVolume3\Windows\System32\KernelBase.dll
3030.268c:   00007fffbf79c000-00007fffbf79cfff 0x0008/0x0080 0x1000000  \Device\HarddiskVolume3\Windows\System32\KernelBase.dll
3030.268c:   00007fffbf79d000-00007fffbf7a0fff 0x0004/0x0080 0x1000000  \Device\HarddiskVolume3\Windows\System32\KernelBase.dll
3030.268c:   00007fffbf7a1000-00007fffbf7a2fff 0x0008/0x0080 0x1000000  \Device\HarddiskVolume3\Windows\System32\KernelBase.dll
3030.268c:   00007fffbf7a3000-00007fffbf7f0fff 0x0002/0x0080 0x1000000  \Device\HarddiskVolume3\Windows\System32\KernelBase.dll
3030.268c:   00007fffbf7f1000-00007fffc08fffff 0x0001/0x0000 0x0000000
3030.268c:  *00007fffc0900000-00007fffc0900fff 0x0002/0x0080 0x1000000  \Device\HarddiskVolume3\Windows\System32\kernel32.dll
3030.268c:   00007fffc0901000-00007fffc0986fff 0x0020/0x0080 0x1000000  \Device\HarddiskVolume3\Windows\System32\kernel32.dll
3030.268c:   00007fffc0987000-00007fffc09befff 0x0002/0x0080 0x1000000  \Device\HarddiskVolume3\Windows\System32\kernel32.dll
3030.268c:   00007fffc09bf000-00007fffc09c0fff 0x0004/0x0080 0x1000000  \Device\HarddiskVolume3\Windows\System32\kernel32.dll
3030.268c:   00007fffc09c1000-00007fffc09c8fff 0x0002/0x0080 0x1000000  \Device\HarddiskVolume3\Windows\System32\kernel32.dll
3030.268c:   00007fffc09c9000-00007fffc24dffff 0x0001/0x0000 0x0000000
3030.268c:  *00007fffc24e0000-00007fffc24e0fff 0x0002/0x0080 0x1000000  \Device\HarddiskVolume3\Windows\System32\ntdll.dll
3030.268c:   00007fffc24e1000-00007fffc2652fff 0x0020/0x0080 0x1000000  \Device\HarddiskVolume3\Windows\System32\ntdll.dll
3030.268c:   00007fffc2653000-00007fffc26abfff 0x0002/0x0080 0x1000000  \Device\HarddiskVolume3\Windows\System32\ntdll.dll
3030.268c:   00007fffc26ac000-00007fffc26b4fff 0x0004/0x0080 0x1000000  \Device\HarddiskVolume3\Windows\System32\ntdll.dll
3030.268c:   00007fffc26b5000-00007fffc2746fff 0x0002/0x0080 0x1000000  \Device\HarddiskVolume3\Windows\System32\ntdll.dll
3030.268c:   00007fffc2747000-00007ffffffeffff 0x0001/0x0000 0x0000000
3030.268c: kernel32.dll: timestamp 0x10824ec0 (rc=VINF_SUCCESS)
3030.268c: kernelbase.dll: timestamp 0xcc2a083 (rc=VINF_SUCCESS)
3030.268c: VirtualBoxVM.exe: timestamp 0x68c1bc1a (rc=VINF_SUCCESS)
3030.268c: '\Device\HarddiskVolume4\VBox\VirtualBoxVM.exe' has no imports
3030.268c: VirtualBoxVM.exe: Differences in section #7 (.00cfg) between file and memory:
3030.268c:   00007ff616eb6000 / 0x00d6000: 50 != b0
3030.268c:   00007ff616eb6001 / 0x00d6001: e9 != 16
3030.268c:   00007ff616eb6002 / 0x00d6002: df != 60
3030.268c:   00007ff616eb6003 / 0x00d6003: 16 != c2
3030.268c:   00007ff616eb6004 / 0x00d6004: f6 != ff
3030.268c:   00007ff616eb6008 / 0x00d6008: 50 != b0
3030.268c:   00007ff616eb6009 / 0x00d6009: e9 != 16
3030.268c:   00007ff616eb600a / 0x00d600a: df != 60
3030.268c:   00007ff616eb600b / 0x00d600b: 16 != c2
3030.268c:   00007ff616eb600c / 0x00d600c: f6 != ff
3030.268c:   00007ff616eb6010 / 0x00d6010: a0 != 50
3030.268c:   00007ff616eb6011 / 0x00d6011: bc != 17
3030.268c:   00007ff616eb6012 / 0x00d6012: e4 != 60
3030.268c:   00007ff616eb6013 / 0x00d6013: 16 != c2
3030.268c:   00007ff616eb6014 / 0x00d6014: f6 != ff
3030.268c:   00007ff616eb6018 / 0x00d6018: c0 != 50
3030.268c:   00007ff616eb6019 / 0x00d6019: bc != 17
3030.268c:   00007ff616eb601a / 0x00d601a: e4 != 60
3030.268c:   00007ff616eb601b / 0x00d601b: 16 != c2
3030.268c:   00007ff616eb601c / 0x00d601c: f6 != ff
3030.268c:   00007ff616eb6020 / 0x00d6020: c0 != 50
3030.268c:   00007ff616eb6021 / 0x00d6021: bc != 17
3030.268c:   00007ff616eb6022 / 0x00d6022: e4 != 60
3030.268c:   00007ff616eb6023 / 0x00d6023: 16 != c2
3030.268c:   00007ff616eb6024 / 0x00d6024: f6 != ff
3030.268c:   Restored 0x30 bytes of original file content at 00007ff616eb6000
3030.268c: VirtualBoxVM.exe: Differences in section #8 (.rsrc) between file and memory:
3030.268c:   00007ff616ee7b70 / 0x0107b70: 00 != 50
3030.268c:   00007ff616ee7b71 / 0x0107b71: 00 != 41
3030.268c:   00007ff616ee7b72 / 0x0107b72: 00 != 44
3030.268c:   00007ff616ee7b73 / 0x0107b73: 00 != 44
3030.268c:   00007ff616ee7b74 / 0x0107b74: 00 != 49
3030.268c:   00007ff616ee7b75 / 0x0107b75: 00 != 4e
3030.268c:   00007ff616ee7b76 / 0x0107b76: 00 != 47
3030.268c:   00007ff616ee7b77 / 0x0107b77: 00 != 58
3030.268c:   00007ff616ee7b78 / 0x0107b78: 00 != 58
3030.268c:   00007ff616ee7b79 / 0x0107b79: 00 != 50
3030.268c:   00007ff616ee7b7a / 0x0107b7a: 00 != 41
3030.268c:   00007ff616ee7b7b / 0x0107b7b: 00 != 44
3030.268c:   00007ff616ee7b7c / 0x0107b7c: 00 != 44
3030.268c:   00007ff616ee7b7d / 0x0107b7d: 00 != 49
3030.268c:   00007ff616ee7b7e / 0x0107b7e: 00 != 4e
3030.268c:   00007ff616ee7b7f / 0x0107b7f: 00 != 47
3030.268c:   00007ff616ee7b80 / 0x0107b80: 00 != 50
3030.268c:   00007ff616ee7b81 / 0x0107b81: 00 != 41
3030.268c:   00007ff616ee7b82 / 0x0107b82: 00 != 44
3030.268c:   00007ff616ee7b83 / 0x0107b83: 00 != 44
3030.268c:   00007ff616ee7b84 / 0x0107b84: 00 != 49
3030.268c:   00007ff616ee7b85 / 0x0107b85: 00 != 4e
3030.268c:   00007ff616ee7b86 / 0x0107b86: 00 != 47
3030.268c:   00007ff616ee7b87 / 0x0107b87: 00 != 58
3030.268c:   00007ff616ee7b88 / 0x0107b88: 00 != 58
3030.268c:   00007ff616ee7b89 / 0x0107b89: 00 != 50
3030.268c:   00007ff616ee7b8a / 0x0107b8a: 00 != 41
3030.268c:   00007ff616ee7b8b / 0x0107b8b: 00 != 44
3030.268c:   00007ff616ee7b8c / 0x0107b8c: 00 != 44
3030.268c:   00007ff616ee7b8d / 0x0107b8d: 00 != 49
3030.268c:   00007ff616ee7b8e / 0x0107b8e: 00 != 4e
3030.268c:   00007ff616ee7b8f / 0x0107b8f: 00 != 47
3030.268c:   00007ff616ee7b90 / 0x0107b90: 00 != 50
3030.268c:   00007ff616ee7b91 / 0x0107b91: 00 != 41
3030.268c:   00007ff616ee7b92 / 0x0107b92: 00 != 44
3030.268c:   00007ff616ee7b93 / 0x0107b93: 00 != 44
3030.268c:   00007ff616ee7b94 / 0x0107b94: 00 != 49
3030.268c:   00007ff616ee7b95 / 0x0107b95: 00 != 4e
3030.268c:   00007ff616ee7b96 / 0x0107b96: 00 != 47
3030.268c:   00007ff616ee7b97 / 0x0107b97: 00 != 58
3030.268c:   00007ff616ee7b98 / 0x0107b98: 00 != 58
3030.268c:   00007ff616ee7b99 / 0x0107b99: 00 != 50
3030.268c:   00007ff616ee7b9a / 0x0107b9a: 00 != 41
3030.268c:   00007ff616ee7b9b / 0x0107b9b: 00 != 44
3030.268c:   00007ff616ee7b9c / 0x0107b9c: 00 != 44
3030.268c:   00007ff616ee7b9d / 0x0107b9d: 00 != 49
3030.268c:   00007ff616ee7b9e / 0x0107b9e: 00 != 4e
3030.268c:   00007ff616ee7b9f / 0x0107b9f: 00 != 47
3030.268c:   00007ff616ee7ba0 / 0x0107ba0: 00 != 50
3030.268c:   00007ff616ee7ba1 / 0x0107ba1: 00 != 41
3030.268c:   00007ff616ee7ba2 / 0x0107ba2: 00 != 44
3030.268c:   00007ff616ee7ba3 / 0x0107ba3: 00 != 44
3030.268c:   00007ff616ee7ba4 / 0x0107ba4: 00 != 49
3030.268c:   00007ff616ee7ba5 / 0x0107ba5: 00 != 4e
3030.268c:   00007ff616ee7ba6 / 0x0107ba6: 00 != 47
3030.268c:   00007ff616ee7ba7 / 0x0107ba7: 00 != 58
3030.268c:   00007ff616ee7ba8 / 0x0107ba8: 00 != 58
3030.268c:   00007ff616ee7ba9 / 0x0107ba9: 00 != 50
3030.268c:   00007ff616ee7baa / 0x0107baa: 00 != 41
3030.268c:   00007ff616ee7bab / 0x0107bab: 00 != 44
3030.268c:   00007ff616ee7bac / 0x0107bac: 00 != 44
3030.268c:   00007ff616ee7bad / 0x0107bad: 00 != 49
3030.268c:   00007ff616ee7bae / 0x0107bae: 00 != 4e
3030.268c:   00007ff616ee7baf / 0x0107baf: 00 != 47
3030.268c:   00007ff616ee7bb0 / 0x0107bb0: 00 != 50
3030.268c:   00007ff616ee7bb1 / 0x0107bb1: 00 != 41
3030.268c:   00007ff616ee7bb2 / 0x0107bb2: 00 != 44
3030.268c:   00007ff616ee7bb3 / 0x0107bb3: 00 != 44
3030.268c:   00007ff616ee7bb4 / 0x0107bb4: 00 != 49
3030.268c:   00007ff616ee7bb5 / 0x0107bb5: 00 != 4e
3030.268c:   00007ff616ee7bb6 / 0x0107bb6: 00 != 47
3030.268c:   00007ff616ee7bb7 / 0x0107bb7: 00 != 58
3030.268c:   00007ff616ee7bb8 / 0x0107bb8: 00 != 58
3030.268c:   00007ff616ee7bb9 / 0x0107bb9: 00 != 50
3030.268c:   00007ff616ee7bba / 0x0107bba: 00 != 41
3030.268c:   00007ff616ee7bbb / 0x0107bbb: 00 != 44
3030.268c:   00007ff616ee7bbc / 0x0107bbc: 00 != 44
3030.268c:   00007ff616ee7bbd / 0x0107bbd: 00 != 49
3030.268c:   00007ff616ee7bbe / 0x0107bbe: 00 != 4e
3030.268c:   00007ff616ee7bbf / 0x0107bbf: 00 != 47
3030.268c:   00007ff616ee7bc0 / 0x0107bc0: 00 != 50
3030.268c:   00007ff616ee7bc1 / 0x0107bc1: 00 != 41
3030.268c:   00007ff616ee7bc2 / 0x0107bc2: 00 != 44
3030.268c:   00007ff616ee7bc3 / 0x0107bc3: 00 != 44
3030.268c:   00007ff616ee7bc4 / 0x0107bc4: 00 != 49
3030.268c:   00007ff616ee7bc5 / 0x0107bc5: 00 != 4e
3030.268c:   00007ff616ee7bc6 / 0x0107bc6: 00 != 47
3030.268c:   00007ff616ee7bc7 / 0x0107bc7: 00 != 58
3030.268c:   00007ff616ee7bc8 / 0x0107bc8: 00 != 58
3030.268c:   00007ff616ee7bc9 / 0x0107bc9: 00 != 50
3030.268c:   00007ff616ee7bca / 0x0107bca: 00 != 41
3030.268c:   00007ff616ee7bcb / 0x0107bcb: 00 != 44
3030.268c:   00007ff616ee7bcc / 0x0107bcc: 00 != 44
3030.268c:   00007ff616ee7bcd / 0x0107bcd: 00 != 49
3030.268c:   00007ff616ee7bce / 0x0107bce: 00 != 4e
3030.268c:   00007ff616ee7bcf / 0x0107bcf: 00 != 47
3030.268c:   00007ff616ee7bd0 / 0x0107bd0: 00 != 50
3030.268c:   00007ff616ee7bd1 / 0x0107bd1: 00 != 41
3030.268c:   00007ff616ee7bd2 / 0x0107bd2: 00 != 44
3030.268c:   00007ff616ee7bd3 / 0x0107bd3: 00 != 44
3030.268c:   00007ff616ee7bd4 / 0x0107bd4: 00 != 49
3030.268c:   00007ff616ee7bd5 / 0x0107bd5: 00 != 4e
3030.268c:   00007ff616ee7bd6 / 0x0107bd6: 00 != 47
3030.268c:   00007ff616ee7bd7 / 0x0107bd7: 00 != 58
3030.268c:   00007ff616ee7bd8 / 0x0107bd8: 00 != 58
3030.268c:   00007ff616ee7bd9 / 0x0107bd9: 00 != 50
3030.268c:   00007ff616ee7bda / 0x0107bda: 00 != 41
3030.268c:   00007ff616ee7bdb / 0x0107bdb: 00 != 44
3030.268c:   00007ff616ee7bdc / 0x0107bdc: 00 != 44
3030.268c:   00007ff616ee7bdd / 0x0107bdd: 00 != 49
3030.268c:   00007ff616ee7bde / 0x0107bde: 00 != 4e
3030.268c:   00007ff616ee7bdf / 0x0107bdf: 00 != 47
3030.268c:   00007ff616ee7be0 / 0x0107be0: 00 != 50
3030.268c:   00007ff616ee7be1 / 0x0107be1: 00 != 41
3030.268c:   00007ff616ee7be2 / 0x0107be2: 00 != 44
3030.268c:   00007ff616ee7be3 / 0x0107be3: 00 != 44
3030.268c:   00007ff616ee7be4 / 0x0107be4: 00 != 49
3030.268c:   00007ff616ee7be5 / 0x0107be5: 00 != 4e
3030.268c:   00007ff616ee7be6 / 0x0107be6: 00 != 47
3030.268c:   00007ff616ee7be7 / 0x0107be7: 00 != 58
3030.268c:   00007ff616ee7be8 / 0x0107be8: 00 != 58
3030.268c:   00007ff616ee7be9 / 0x0107be9: 00 != 50
3030.268c:   00007ff616ee7bea / 0x0107bea: 00 != 41
3030.268c:   00007ff616ee7beb / 0x0107beb: 00 != 44
3030.268c:   00007ff616ee7bec / 0x0107bec: 00 != 44
3030.268c:   00007ff616ee7bed / 0x0107bed: 00 != 49
3030.268c:   00007ff616ee7bee / 0x0107bee: 00 != 4e
3030.268c:   00007ff616ee7bef / 0x0107bef: 00 != 47
3030.268c:   00007ff616ee7bf0 / 0x0107bf0: 00 != 50
3030.268c:   00007ff616ee7bf1 / 0x0107bf1: 00 != 41
3030.268c:   00007ff616ee7bf2 / 0x0107bf2: 00 != 44
3030.268c:   00007ff616ee7bf3 / 0x0107bf3: 00 != 44
3030.268c:   00007ff616ee7bf4 / 0x0107bf4: 00 != 49
3030.268c:   00007ff616ee7bf5 / 0x0107bf5: 00 != 4e
3030.268c:   00007ff616ee7bf6 / 0x0107bf6: 00 != 47
3030.268c:   00007ff616ee7bf7 / 0x0107bf7: 00 != 58
3030.268c:   00007ff616ee7bf8 / 0x0107bf8: 00 != 58
3030.268c:   00007ff616ee7bf9 / 0x0107bf9: 00 != 50
3030.268c:   00007ff616ee7bfa / 0x0107bfa: 00 != 41
3030.268c:   00007ff616ee7bfb / 0x0107bfb: 00 != 44
3030.268c:   00007ff616ee7bfc / 0x0107bfc: 00 != 44
3030.268c:   00007ff616ee7bfd / 0x0107bfd: 00 != 49
3030.268c:   00007ff616ee7bfe / 0x0107bfe: 00 != 4e
3030.268c:   00007ff616ee7bff / 0x0107bff: 00 != 47
3030.268c:   Restored 0x490 bytes of original file content at 00007ff616ee7b70
3030.268c: '\Device\HarddiskVolume3\Windows\System32\ntdll.dll' has no imports
3030.268c: ntdll.dll: Differences in section #13 (.00cfg) between file and memory:
3030.268c:   00007fffc26ca001 / 0x01ea001: 71 != 17
3030.268c:   00007fffc26ca002 / 0x01ea002: 64 != 60
3030.268c:   00007fffc26ca008 / 0x01ea008: e0 != b0
3030.268c:   00007fffc26ca009 / 0x01ea009: c3 != 16
3030.268c:   00007fffc26ca00a / 0x01ea00a: 5d != 60
3030.268c:   00007fffc26ca010 / 0x01ea010: 80 != 50
3030.268c:   00007fffc26ca011 / 0x01ea011: 71 != 17
3030.268c:   00007fffc26ca012 / 0x01ea012: 64 != 60
3030.268c:   00007fffc26ca018 / 0x01ea018: 80 != 50
3030.268c:   00007fffc26ca019 / 0x01ea019: 71 != 17
3030.268c:   00007fffc26ca01a / 0x01ea01a: 64 != 60
3030.268c:   Restored 0x28 bytes of original file content at 00007fffc26ca000
3030.268c: kernel32.dll: Differences in section #3 (.rdata) between file and memory:
3030.268c:   00007fffc098bb00 / 0x008bb00: c0 != b0
3030.268c:   00007fffc098bb01 / 0x008bb01: 85 != 16
3030.268c:   00007fffc098bb02 / 0x008bb02: 95 != 60
3030.268c:   00007fffc098bb03 / 0x008bb03: c0 != c2
3030.268c:   00007fffc098bb08 / 0x008bb08: b0 != 50
3030.268c:   00007fffc098bb09 / 0x008bb09: 42 != 17
3030.268c:   00007fffc098bb0a / 0x008bb0a: 98 != 60
3030.268c:   00007fffc098bb0b / 0x008bb0b: c0 != c2
3030.268c:   00007fffc098bb10 / 0x008bb10: c0 != b0
3030.268c:   00007fffc098bb11 / 0x008bb11: 85 != 16
3030.268c:   00007fffc098bb12 / 0x008bb12: 95 != 60
3030.268c:   00007fffc098bb13 / 0x008bb13: c0 != c2
3030.268c:   00007fffc098bb18 / 0x008bb18: e0 != 50
3030.268c:   00007fffc098bb19 / 0x008bb19: 42 != 17
3030.268c:   00007fffc098bb1a / 0x008bb1a: 98 != 60
3030.268c:   00007fffc098bb1b / 0x008bb1b: c0 != c2
3030.268c:   00007fffc098bb20 / 0x008bb20: e0 != 50
3030.268c:   00007fffc098bb21 / 0x008bb21: 42 != 17
3030.268c:   00007fffc098bb22 / 0x008bb22: 98 != 60
3030.268c:   00007fffc098bb23 / 0x008bb23: c0 != c2
3030.268c:   Restored 0x2000 bytes of original file content at 00007fffc098b000
3030.268c: kernelbase.dll: Differences in section #3 (.rdata) between file and memory:
3030.268c:   00007fffbf691e50 / 0x0291e50: 20 != b0
3030.268c:   00007fffbf691e51 / 0x0291e51: 4b != 16
3030.268c:   00007fffbf691e52 / 0x0291e52: 52 != 60
3030.268c:   00007fffbf691e53 / 0x0291e53: bf != c2
3030.268c:   00007fffbf691e58 / 0x0291e58: 00 != 50
3030.268c:   00007fffbf691e59 / 0x0291e59: 2b != 17
3030.268c:   00007fffbf691e5a / 0x0291e5a: 59 != 60
3030.268c:   00007fffbf691e5b / 0x0291e5b: bf != c2
3030.268c:   00007fffbf691e60 / 0x0291e60: 20 != b0
3030.268c:   00007fffbf691e61 / 0x0291e61: 4b != 16
3030.268c:   00007fffbf691e62 / 0x0291e62: 52 != 60
3030.268c:   00007fffbf691e63 / 0x0291e63: bf != c2
3030.268c:   00007fffbf691e68 / 0x0291e68: 30 != 50
3030.268c:   00007fffbf691e69 / 0x0291e69: 2b != 17
3030.268c:   00007fffbf691e6a / 0x0291e6a: 59 != 60
3030.268c:   00007fffbf691e6b / 0x0291e6b: bf != c2
3030.268c:   00007fffbf691e70 / 0x0291e70: 30 != 50
3030.268c:   00007fffbf691e71 / 0x0291e71: 2b != 17
3030.268c:   00007fffbf691e72 / 0x0291e72: 59 != 60
3030.268c:   00007fffbf691e73 / 0x0291e73: bf != c2
3030.268c:   Restored 0x2000 bytes of original file content at 00007fffbf690000
3030.268c: supHardNtVpCheckHandles:
3030.268c: supHardNtVpCheckHandles: Marked Mutant handle non-inheritable: 0000000000001f54
3030.268c: supR3HardenedWinInit: SUPHARDNTVPKIND_SELF_PURIFICATION_LIMITED -> VINF_SUCCESS, cFixes=6
3030.268c: '\Device\HarddiskVolume4\VBox\VirtualBoxVM.exe' has no imports
3030.268c: supHardenedWinVerifyImageByHandle: -> 0 (\Device\HarddiskVolume4\VBox\VirtualBoxVM.exe)
3030.268c: supR3HardNtEnableThreadCreationEx:
3030.268c: supR3HardNtDisableThreadCreation: pvLdrInitThunk=00007fffc25cb120 pvNtTerminateThread=00007fffc26424e0 g_LdrInitThunkSelfBackup.cb=10
3030.268c: supR3HardenedWinDoReSpawn(1): New child 20c0.2ad0 [kernel32].
3030.268c: supR3HardNtChildGatherData: PebBaseAddress=0000007d8c029000 cbPeb=0x388
3030.268c: supR3HardNtPuChFindNtdll: uNtDllParentAddr=00007fffc24e0000 uNtDllChildAddr=00007fffc24e0000
3030.268c: supR3HardenedWinSetupChildInit: uLdrInitThunk=00007fffc25cb120
3030.268c: supR3HardenedWinSetupChildInit: Initial context:
  rax=0000000000000000 rbx=0000000000000000 rcx=00007ff616deb8e0 rdx=0000007d8c029000
  rsi=0000000000000000 rdi=0000000000000000 r8 =0000000000000000 r9 =0000000000000000
  r10=0000000000000000 r11=0000000000000000 r12=0000000000000000 r13=0000000000000000
  r14=0000000000000000 r15=0000000000000000  P1=0000000000000000  P2=0000000000000000
  rip=00007fffc256c460 rsp=0000007d8bfcfdc8 rbp=0000000000000000    ctxflags=0010001b
  cs=0033 ss=002b ds=0000 es=0000 fs=0000 gs=0000    eflags=00000200   mxcrx=00001f80
   P3=0000000000000000  P4=0000000000000000  P5=0000000000000000  P6=0000000000000000
  dr0=0000000000000000 dr1=0000000000000000 dr2=0000000000000000 dr3=0000000000000000
  dr6=0000000000000000 dr7=0000000000000000 vcr=0000000000000000 dcr=0000000000000000
  lbt=0000000000000000 lbf=0000000000000000 lxt=0000000000000000 lxf=0000000000000000
3030.268c: supR3HardenedWinSetupChildInit: Start child.
3030.268c: supR3HardNtChildWaitFor: Found expected request 0 (PurifyChildAndCloseHandles) after 0 ms.
3030.268c: supR3HardNtChildPurify: Startup delay kludge #1/0: 263 ms, 29 sleeps
3030.268c: supHardNtVpScanVirtualMemory: enmKind=CHILD_PURIFICATION
3030.268c:  *0000000000000000-000000007ffdffff 0x0001/0x0000 0x0000000
3030.268c:  *000000007ffe0000-000000007ffe0fff 0x0002/0x0002 0x0020000
3030.268c:   000000007ffe1000-000000007ffe8fff 0x0001/0x0000 0x0000000
3030.268c:  *000000007ffe9000-000000007ffe9fff 0x0002/0x0002 0x0020000
3030.268c:   000000007ffea000-0000007d8becffff 0x0001/0x0000 0x0000000
3030.268c:  *0000007d8bed0000-0000007d8bfcafff 0x0000/0x0004 0x0020000
3030.268c:   0000007d8bfcb000-0000007d8bfcdfff 0x0104/0x0004 0x0020000
3030.268c:   0000007d8bfce000-0000007d8bfcffff 0x0004/0x0004 0x0020000
3030.268c:   0000007d8bfd0000-0000007d8bffffff 0x0001/0x0000 0x0000000
3030.268c:  *0000007d8c000000-0000007d8c028fff 0x0000/0x0004 0x0020000
3030.268c:   0000007d8c029000-0000007d8c02bfff 0x0004/0x0004 0x0020000
3030.268c:   0000007d8c02c000-0000007d8c1fffff 0x0000/0x0004 0x0020000
3030.268c:   0000007d8c200000-0000018a8cf2ffff 0x0001/0x0000 0x0000000
3030.268c:  *0000018a8cf30000-0000018a8cf4ffff 0x0004/0x0004 0x0020000
3030.268c:  *0000018a8cf50000-0000018a8cf79fff 0x0002/0x0002 0x0040000
3030.268c:   0000018a8cf7a000-0000018a8cf7ffff 0x0001/0x0000 0x0000000
3030.268c:  *0000018a8cf80000-0000018a8cf83fff 0x0002/0x0002 0x0040000
3030.268c:   0000018a8cf84000-0000018a8cf8ffff 0x0001/0x0000 0x0000000
3030.268c:  *0000018a8cf90000-0000018a8cf90fff 0x0002/0x0002 0x0040000
3030.268c:   0000018a8cf91000-0000018a8cf9ffff 0x0001/0x0000 0x0000000
3030.268c:  *0000018a8cfa0000-0000018a8cfa1fff 0x0004/0x0004 0x0020000
3030.268c:   0000018a8cfa2000-00007df55129ffff 0x0001/0x0000 0x0000000
3030.268c:  *00007df5512a0000-00007df5526ccfff 0x0000/0x0001 0x0040000
3030.268c:   00007df5526cd000-00007df55290efff 0x0001/0x0001 0x0040000
3030.268c:   00007df55290f000-00007df553078fff 0x0000/0x0001 0x0040000
3030.268c:   00007df553079000-00007df553079fff 0x0001/0x0001 0x0040000
3030.268c:   00007df55307a000-00007ff529856fff 0x0000/0x0001 0x0040000
3030.268c:   00007ff529857000-00007ff52985bfff 0x0002/0x0001 0x0040000
3030.268c:   00007ff52985c000-00007ff54bf0afff 0x0000/0x0001 0x0040000
3030.268c:   00007ff54bf0b000-00007ff550332fff 0x0001/0x0001 0x0040000
3030.268c:   00007ff550333000-00007ff55033dfff 0x0002/0x0001 0x0040000
3030.268c:   00007ff55033e000-00007ff55129ffff 0x0000/0x0001 0x0040000
3030.268c:   00007ff5512a0000-00007ff570a9ffff 0x0001/0x0000 0x0000000
3030.268c:  *00007ff570aa0000-00007ff570aa0fff 0x0002/0x0002 0x0040000
3030.268c:   00007ff570aa1000-00007ff616ddffff 0x0001/0x0000 0x0000000
3030.268c:  *00007ff616de0000-00007ff616de0fff 0x0002/0x0080 0x1000000  \Device\HarddiskVolume4\VBox\VirtualBoxVM.exe
3030.268c:   00007ff616de1000-00007ff616e4bfff 0x0020/0x0080 0x1000000  \Device\HarddiskVolume4\VBox\VirtualBoxVM.exe
3030.268c:   00007ff616e4c000-00007ff616e4cfff 0x0080/0x0080 0x1000000  \Device\HarddiskVolume4\VBox\VirtualBoxVM.exe
3030.268c:   00007ff616e4d000-00007ff616ea1fff 0x0002/0x0080 0x1000000  \Device\HarddiskVolume4\VBox\VirtualBoxVM.exe
3030.268c:   00007ff616ea2000-00007ff616ea2fff 0x0004/0x0080 0x1000000  \Device\HarddiskVolume4\VBox\VirtualBoxVM.exe
3030.268c:   00007ff616ea3000-00007ff616ea3fff 0x0008/0x0080 0x1000000  \Device\HarddiskVolume4\VBox\VirtualBoxVM.exe
3030.268c:   00007ff616ea4000-00007ff616ea9fff 0x0004/0x0080 0x1000000  \Device\HarddiskVolume4\VBox\VirtualBoxVM.exe
3030.268c:   00007ff616eaa000-00007ff616eaefff 0x0008/0x0080 0x1000000  \Device\HarddiskVolume4\VBox\VirtualBoxVM.exe
3030.268c:   00007ff616eaf000-00007ff616ee9fff 0x0002/0x0080 0x1000000  \Device\HarddiskVolume4\VBox\VirtualBoxVM.exe
3030.268c:   00007ff616eea000-00007fffc24dffff 0x0001/0x0000 0x0000000
3030.268c:  *00007fffc24e0000-00007fffc24e0fff 0x0002/0x0080 0x1000000  \Device\HarddiskVolume3\Windows\System32\ntdll.dll
3030.268c:   00007fffc24e1000-00007fffc2652fff 0x0020/0x0080 0x1000000  \Device\HarddiskVolume3\Windows\System32\ntdll.dll
3030.268c:   00007fffc2653000-00007fffc26abfff 0x0002/0x0080 0x1000000  \Device\HarddiskVolume3\Windows\System32\ntdll.dll
3030.268c:   00007fffc26ac000-00007fffc26b4fff 0x0008/0x0080 0x1000000  \Device\HarddiskVolume3\Windows\System32\ntdll.dll
3030.268c:   00007fffc26b5000-00007fffc26c5fff 0x0002/0x0080 0x1000000  \Device\HarddiskVolume3\Windows\System32\ntdll.dll
3030.268c:   00007fffc26c6000-00007fffc26c8fff 0x0008/0x0080 0x1000000  \Device\HarddiskVolume3\Windows\System32\ntdll.dll
3030.268c:   00007fffc26c9000-00007fffc26c9fff 0x0004/0x0080 0x1000000  \Device\HarddiskVolume3\Windows\System32\ntdll.dll
3030.268c:   00007fffc26ca000-00007fffc2746fff 0x0002/0x0080 0x1000000  \Device\HarddiskVolume3\Windows\System32\ntdll.dll
3030.268c:   00007fffc2747000-00007ffffffeffff 0x0001/0x0000 0x0000000
3030.268c: VirtualBoxVM.exe: Differences in section #8 (.rsrc) between file and memory:
3030.268c:   00007ff616ee7b70 / 0x0107b70: 00 != 50
3030.268c:   00007ff616ee7b71 / 0x0107b71: 00 != 41
3030.268c:   00007ff616ee7b72 / 0x0107b72: 00 != 44
3030.268c:   00007ff616ee7b73 / 0x0107b73: 00 != 44
3030.268c:   00007ff616ee7b74 / 0x0107b74: 00 != 49
3030.268c:   00007ff616ee7b75 / 0x0107b75: 00 != 4e
3030.268c:   00007ff616ee7b76 / 0x0107b76: 00 != 47
3030.268c:   00007ff616ee7b77 / 0x0107b77: 00 != 58
3030.268c:   00007ff616ee7b78 / 0x0107b78: 00 != 58
3030.268c:   00007ff616ee7b79 / 0x0107b79: 00 != 50
3030.268c:   00007ff616ee7b7a / 0x0107b7a: 00 != 41
3030.268c:   00007ff616ee7b7b / 0x0107b7b: 00 != 44
3030.268c:   00007ff616ee7b7c / 0x0107b7c: 00 != 44
3030.268c:   00007ff616ee7b7d / 0x0107b7d: 00 != 49
3030.268c:   00007ff616ee7b7e / 0x0107b7e: 00 != 4e
3030.268c:   00007ff616ee7b7f / 0x0107b7f: 00 != 47
3030.268c:   00007ff616ee7b80 / 0x0107b80: 00 != 50
3030.268c:   00007ff616ee7b81 / 0x0107b81: 00 != 41
3030.268c:   00007ff616ee7b82 / 0x0107b82: 00 != 44
3030.268c:   00007ff616ee7b83 / 0x0107b83: 00 != 44
3030.268c:   00007ff616ee7b84 / 0x0107b84: 00 != 49
3030.268c:   00007ff616ee7b85 / 0x0107b85: 00 != 4e
3030.268c:   00007ff616ee7b86 / 0x0107b86: 00 != 47
3030.268c:   00007ff616ee7b87 / 0x0107b87: 00 != 58
3030.268c:   00007ff616ee7b88 / 0x0107b88: 00 != 58
3030.268c:   00007ff616ee7b89 / 0x0107b89: 00 != 50
3030.268c:   00007ff616ee7b8a / 0x0107b8a: 00 != 41
3030.268c:   00007ff616ee7b8b / 0x0107b8b: 00 != 44
3030.268c:   00007ff616ee7b8c / 0x0107b8c: 00 != 44
3030.268c:   00007ff616ee7b8d / 0x0107b8d: 00 != 49
3030.268c:   00007ff616ee7b8e / 0x0107b8e: 00 != 4e
3030.268c:   00007ff616ee7b8f / 0x0107b8f: 00 != 47
3030.268c:   00007ff616ee7b90 / 0x0107b90: 00 != 50
3030.268c:   00007ff616ee7b91 / 0x0107b91: 00 != 41
3030.268c:   00007ff616ee7b92 / 0x0107b92: 00 != 44
3030.268c:   00007ff616ee7b93 / 0x0107b93: 00 != 44
3030.268c:   00007ff616ee7b94 / 0x0107b94: 00 != 49
3030.268c:   00007ff616ee7b95 / 0x0107b95: 00 != 4e
3030.268c:   00007ff616ee7b96 / 0x0107b96: 00 != 47
3030.268c:   00007ff616ee7b97 / 0x0107b97: 00 != 58
3030.268c:   00007ff616ee7b98 / 0x0107b98: 00 != 58
3030.268c:   00007ff616ee7b99 / 0x0107b99: 00 != 50
3030.268c:   00007ff616ee7b9a / 0x0107b9a: 00 != 41
3030.268c:   00007ff616ee7b9b / 0x0107b9b: 00 != 44
3030.268c:   00007ff616ee7b9c / 0x0107b9c: 00 != 44
3030.268c:   00007ff616ee7b9d / 0x0107b9d: 00 != 49
3030.268c:   00007ff616ee7b9e / 0x0107b9e: 00 != 4e
3030.268c:   00007ff616ee7b9f / 0x0107b9f: 00 != 47
3030.268c:   00007ff616ee7ba0 / 0x0107ba0: 00 != 50
3030.268c:   00007ff616ee7ba1 / 0x0107ba1: 00 != 41
3030.268c:   00007ff616ee7ba2 / 0x0107ba2: 00 != 44
3030.268c:   00007ff616ee7ba3 / 0x0107ba3: 00 != 44
3030.268c:   00007ff616ee7ba4 / 0x0107ba4: 00 != 49
3030.268c:   00007ff616ee7ba5 / 0x0107ba5: 00 != 4e
3030.268c:   00007ff616ee7ba6 / 0x0107ba6: 00 != 47
3030.268c:   00007ff616ee7ba7 / 0x0107ba7: 00 != 58
3030.268c:   00007ff616ee7ba8 / 0x0107ba8: 00 != 58
3030.268c:   00007ff616ee7ba9 / 0x0107ba9: 00 != 50
3030.268c:   00007ff616ee7baa / 0x0107baa: 00 != 41
3030.268c:   00007ff616ee7bab / 0x0107bab: 00 != 44
3030.268c:   00007ff616ee7bac / 0x0107bac: 00 != 44
3030.268c:   00007ff616ee7bad / 0x0107bad: 00 != 49
3030.268c:   00007ff616ee7bae / 0x0107bae: 00 != 4e
3030.268c:   00007ff616ee7baf / 0x0107baf: 00 != 47
3030.268c:   00007ff616ee7bb0 / 0x0107bb0: 00 != 50
3030.268c:   00007ff616ee7bb1 / 0x0107bb1: 00 != 41
3030.268c:   00007ff616ee7bb2 / 0x0107bb2: 00 != 44
3030.268c:   00007ff616ee7bb3 / 0x0107bb3: 00 != 44
3030.268c:   00007ff616ee7bb4 / 0x0107bb4: 00 != 49
3030.268c:   00007ff616ee7bb5 / 0x0107bb5: 00 != 4e
3030.268c:   00007ff616ee7bb6 / 0x0107bb6: 00 != 47
3030.268c:   00007ff616ee7bb7 / 0x0107bb7: 00 != 58
3030.268c:   00007ff616ee7bb8 / 0x0107bb8: 00 != 58
3030.268c:   00007ff616ee7bb9 / 0x0107bb9: 00 != 50
3030.268c:   00007ff616ee7bba / 0x0107bba: 00 != 41
3030.268c:   00007ff616ee7bbb / 0x0107bbb: 00 != 44
3030.268c:   00007ff616ee7bbc / 0x0107bbc: 00 != 44
3030.268c:   00007ff616ee7bbd / 0x0107bbd: 00 != 49
3030.268c:   00007ff616ee7bbe / 0x0107bbe: 00 != 4e
3030.268c:   00007ff616ee7bbf / 0x0107bbf: 00 != 47
3030.268c:   00007ff616ee7bc0 / 0x0107bc0: 00 != 50
3030.268c:   00007ff616ee7bc1 / 0x0107bc1: 00 != 41
3030.268c:   00007ff616ee7bc2 / 0x0107bc2: 00 != 44
3030.268c:   00007ff616ee7bc3 / 0x0107bc3: 00 != 44
3030.268c:   00007ff616ee7bc4 / 0x0107bc4: 00 != 49
3030.268c:   00007ff616ee7bc5 / 0x0107bc5: 00 != 4e
3030.268c:   00007ff616ee7bc6 / 0x0107bc6: 00 != 47
3030.268c:   00007ff616ee7bc7 / 0x0107bc7: 00 != 58
3030.268c:   00007ff616ee7bc8 / 0x0107bc8: 00 != 58
3030.268c:   00007ff616ee7bc9 / 0x0107bc9: 00 != 50
3030.268c:   00007ff616ee7bca / 0x0107bca: 00 != 41
3030.268c:   00007ff616ee7bcb / 0x0107bcb: 00 != 44
3030.268c:   00007ff616ee7bcc / 0x0107bcc: 00 != 44
3030.268c:   00007ff616ee7bcd / 0x0107bcd: 00 != 49
3030.268c:   00007ff616ee7bce / 0x0107bce: 00 != 4e
3030.268c:   00007ff616ee7bcf / 0x0107bcf: 00 != 47
3030.268c:   00007ff616ee7bd0 / 0x0107bd0: 00 != 50
3030.268c:   00007ff616ee7bd1 / 0x0107bd1: 00 != 41
3030.268c:   00007ff616ee7bd2 / 0x0107bd2: 00 != 44
3030.268c:   00007ff616ee7bd3 / 0x0107bd3: 00 != 44
3030.268c:   00007ff616ee7bd4 / 0x0107bd4: 00 != 49
3030.268c:   00007ff616ee7bd5 / 0x0107bd5: 00 != 4e
3030.268c:   00007ff616ee7bd6 / 0x0107bd6: 00 != 47
3030.268c:   00007ff616ee7bd7 / 0x0107bd7: 00 != 58
3030.268c:   00007ff616ee7bd8 / 0x0107bd8: 00 != 58
3030.268c:   00007ff616ee7bd9 / 0x0107bd9: 00 != 50
3030.268c:   00007ff616ee7bda / 0x0107bda: 00 != 41
3030.268c:   00007ff616ee7bdb / 0x0107bdb: 00 != 44
3030.268c:   00007ff616ee7bdc / 0x0107bdc: 00 != 44
3030.268c:   00007ff616ee7bdd / 0x0107bdd: 00 != 49
3030.268c:   00007ff616ee7bde / 0x0107bde: 00 != 4e
3030.268c:   00007ff616ee7bdf / 0x0107bdf: 00 != 47
3030.268c:   00007ff616ee7be0 / 0x0107be0: 00 != 50
3030.268c:   00007ff616ee7be1 / 0x0107be1: 00 != 41
3030.268c:   00007ff616ee7be2 / 0x0107be2: 00 != 44
3030.268c:   00007ff616ee7be3 / 0x0107be3: 00 != 44
3030.268c:   00007ff616ee7be4 / 0x0107be4: 00 != 49
3030.268c:   00007ff616ee7be5 / 0x0107be5: 00 != 4e
3030.268c:   00007ff616ee7be6 / 0x0107be6: 00 != 47
3030.268c:   00007ff616ee7be7 / 0x0107be7: 00 != 58
3030.268c:   00007ff616ee7be8 / 0x0107be8: 00 != 58
3030.268c:   00007ff616ee7be9 / 0x0107be9: 00 != 50
3030.268c:   00007ff616ee7bea / 0x0107bea: 00 != 41
3030.268c:   00007ff616ee7beb / 0x0107beb: 00 != 44
3030.268c:   00007ff616ee7bec / 0x0107bec: 00 != 44
3030.268c:   00007ff616ee7bed / 0x0107bed: 00 != 49
3030.268c:   00007ff616ee7bee / 0x0107bee: 00 != 4e
3030.268c:   00007ff616ee7bef / 0x0107bef: 00 != 47
3030.268c:   00007ff616ee7bf0 / 0x0107bf0: 00 != 50
3030.268c:   00007ff616ee7bf1 / 0x0107bf1: 00 != 41
3030.268c:   00007ff616ee7bf2 / 0x0107bf2: 00 != 44
3030.268c:   00007ff616ee7bf3 / 0x0107bf3: 00 != 44
3030.268c:   00007ff616ee7bf4 / 0x0107bf4: 00 != 49
3030.268c:   00007ff616ee7bf5 / 0x0107bf5: 00 != 4e
3030.268c:   00007ff616ee7bf6 / 0x0107bf6: 00 != 47
3030.268c:   00007ff616ee7bf7 / 0x0107bf7: 00 != 58
3030.268c:   00007ff616ee7bf8 / 0x0107bf8: 00 != 58
3030.268c:   00007ff616ee7bf9 / 0x0107bf9: 00 != 50
3030.268c:   00007ff616ee7bfa / 0x0107bfa: 00 != 41
3030.268c:   00007ff616ee7bfb / 0x0107bfb: 00 != 44
3030.268c:   00007ff616ee7bfc / 0x0107bfc: 00 != 44
3030.268c:   00007ff616ee7bfd / 0x0107bfd: 00 != 49
3030.268c:   00007ff616ee7bfe / 0x0107bfe: 00 != 4e
3030.268c:   00007ff616ee7bff / 0x0107bff: 00 != 47
3030.268c:   Restored 0x490 bytes of original file content at 00007ff616ee7b70
3030.268c: ntdll.dll: Differences in section #12 (.mrdata) between file and memory:
3030.268c:   00007fffc26c9490 / 0x01e9490: 00 != a0
3030.268c:   00007fffc26c9491 / 0x01e9491: 00 != c2
3030.268c:   00007fffc26c9492 / 0x01e9492: 00 != 7b
3030.268c:   00007fffc26c9493 / 0x01e9493: 00 != 77
3030.268c:   00007fffc26c9498 / 0x01e9498: 00 != 68
3030.268c:   00007fffc26c9499 / 0x01e9499: 00 != 97
3030.268c:   00007fffc26c949a / 0x01e949a: 00 != 7b
3030.268c:   00007fffc26c949b / 0x01e949b: 00 != 77
3030.268c:   00007fffc26c94d8 / 0x01e94d8: 00 != 6d
3030.268c:   00007fffc26c94d9 / 0x01e94d9: 00 != 80
3030.268c:   00007fffc26c94da / 0x01e94da: 00 != 27
3030.268c:   00007fffc26c94db / 0x01e94db: 00 != 6b
3030.268c:   00007fffc26c94e0 / 0x01e94e0: 00 != 10
3030.268c:   00007fffc26c94e5 / 0x01e94e5: 00 != 01
3030.268c:   00007fffc26c94f0 / 0x01e94f0: 00 != 02
3030.268c:   00007fffc26c94f1 / 0x01e94f1: 00 != 20
3030.268c:   00007fffc26c94fa / 0x01e94fa: 00 != 2a
3030.268c:   00007fffc26c94fb / 0x01e94fb: 00 != 51
3030.268c:   00007fffc26c94fc / 0x01e94fc: 00 != f5
3030.268c:   00007fffc26c94fd / 0x01e94fd: 00 != 7d
3030.268c:   00007fffc26c9505 / 0x01e9505: 00 != 02
3030.268c:   Restored 0x118 bytes of original file content at 00007fffc26c9490
3030.268c: supR3HardNtChildPurify: cFixes=2 g_fSupAdversaries=0x80000000
3030.268c: supR3HardNtChildPurify: Startup delay kludge #1/1: 519 ms, 62 sleeps
3030.268c: supHardNtVpScanVirtualMemory: enmKind=CHILD_PURIFICATION
3030.268c:  *0000000000000000-000000007ffdffff 0x0001/0x0000 0x0000000
3030.268c:  *000000007ffe0000-000000007ffe0fff 0x0002/0x0002 0x0020000
3030.268c:   000000007ffe1000-000000007ffe8fff 0x0001/0x0000 0x0000000
3030.268c:  *000000007ffe9000-000000007ffe9fff 0x0002/0x0002 0x0020000
3030.268c:   000000007ffea000-0000007d8becffff 0x0001/0x0000 0x0000000
3030.268c:  *0000007d8bed0000-0000007d8bfcafff 0x0000/0x0004 0x0020000
3030.268c:   0000007d8bfcb000-0000007d8bfcdfff 0x0104/0x0004 0x0020000
3030.268c:   0000007d8bfce000-0000007d8bfcffff 0x0004/0x0004 0x0020000
3030.268c:   0000007d8bfd0000-0000007d8bffffff 0x0001/0x0000 0x0000000
3030.268c:  *0000007d8c000000-0000007d8c028fff 0x0000/0x0004 0x0020000
3030.268c:   0000007d8c029000-0000007d8c02bfff 0x0004/0x0004 0x0020000
3030.268c:   0000007d8c02c000-0000007d8c1fffff 0x0000/0x0004 0x0020000
3030.268c:   0000007d8c200000-0000018a8cf2ffff 0x0001/0x0000 0x0000000
3030.268c:  *0000018a8cf30000-0000018a8cf4ffff 0x0004/0x0004 0x0020000
3030.268c:  *0000018a8cf50000-0000018a8cf79fff 0x0002/0x0002 0x0040000
3030.268c:   0000018a8cf7a000-0000018a8cf7ffff 0x0001/0x0000 0x0000000
3030.268c:  *0000018a8cf80000-0000018a8cf83fff 0x0002/0x0002 0x0040000
3030.268c:   0000018a8cf84000-0000018a8cf8ffff 0x0001/0x0000 0x0000000
3030.268c:  *0000018a8cf90000-0000018a8cf90fff 0x0002/0x0002 0x0040000
3030.268c:   0000018a8cf91000-0000018a8cf9ffff 0x0001/0x0000 0x0000000
3030.268c:  *0000018a8cfa0000-0000018a8cfa1fff 0x0004/0x0004 0x0020000
3030.268c:   0000018a8cfa2000-00007df55129ffff 0x0001/0x0000 0x0000000
3030.268c:  *00007df5512a0000-00007df5526ccfff 0x0000/0x0001 0x0040000
3030.268c:   00007df5526cd000-00007df55290efff 0x0001/0x0001 0x0040000
3030.268c:   00007df55290f000-00007df553078fff 0x0000/0x0001 0x0040000
3030.268c:   00007df553079000-00007df553079fff 0x0001/0x0001 0x0040000
3030.268c:   00007df55307a000-00007ff529856fff 0x0000/0x0001 0x0040000
3030.268c:   00007ff529857000-00007ff52985bfff 0x0002/0x0001 0x0040000
3030.268c:   00007ff52985c000-00007ff54bf0afff 0x0000/0x0001 0x0040000
3030.268c:   00007ff54bf0b000-00007ff550332fff 0x0001/0x0001 0x0040000
3030.268c:   00007ff550333000-00007ff55033dfff 0x0002/0x0001 0x0040000
3030.268c:   00007ff55033e000-00007ff55129ffff 0x0000/0x0001 0x0040000
3030.268c:   00007ff5512a0000-00007ff570a9ffff 0x0001/0x0000 0x0000000
3030.268c:  *00007ff570aa0000-00007ff570aa0fff 0x0002/0x0002 0x0040000
3030.268c:   00007ff570aa1000-00007ff616ddffff 0x0001/0x0000 0x0000000
3030.268c:  *00007ff616de0000-00007ff616de0fff 0x0002/0x0080 0x1000000  \Device\HarddiskVolume4\VBox\VirtualBoxVM.exe
3030.268c:   00007ff616de1000-00007ff616e4bfff 0x0020/0x0080 0x1000000  \Device\HarddiskVolume4\VBox\VirtualBoxVM.exe
3030.268c:   00007ff616e4c000-00007ff616e4cfff 0x0040/0x0080 0x1000000  \Device\HarddiskVolume4\VBox\VirtualBoxVM.exe
3030.268c:   00007ff616e4d000-00007ff616ea1fff 0x0002/0x0080 0x1000000  \Device\HarddiskVolume4\VBox\VirtualBoxVM.exe
3030.268c:   00007ff616ea2000-00007ff616eaefff 0x0004/0x0080 0x1000000  \Device\HarddiskVolume4\VBox\VirtualBoxVM.exe
3030.268c:   00007ff616eaf000-00007ff616ee9fff 0x0002/0x0080 0x1000000  \Device\HarddiskVolume4\VBox\VirtualBoxVM.exe
3030.268c:   00007ff616eea000-00007fffc24dffff 0x0001/0x0000 0x0000000
3030.268c:  *00007fffc24e0000-00007fffc24e0fff 0x0002/0x0080 0x1000000  \Device\HarddiskVolume3\Windows\System32\ntdll.dll
3030.268c:   00007fffc24e1000-00007fffc2652fff 0x0020/0x0080 0x1000000  \Device\HarddiskVolume3\Windows\System32\ntdll.dll
3030.268c:   00007fffc2653000-00007fffc26abfff 0x0002/0x0080 0x1000000  \Device\HarddiskVolume3\Windows\System32\ntdll.dll
3030.268c:   00007fffc26ac000-00007fffc26acfff 0x0004/0x0080 0x1000000  \Device\HarddiskVolume3\Windows\System32\ntdll.dll
3030.268c:   00007fffc26ad000-00007fffc26adfff 0x0008/0x0080 0x1000000  \Device\HarddiskVolume3\Windows\System32\ntdll.dll
3030.268c:   00007fffc26ae000-00007fffc26b4fff 0x0004/0x0080 0x1000000  \Device\HarddiskVolume3\Windows\System32\ntdll.dll
3030.268c:   00007fffc26b5000-00007fffc26c5fff 0x0002/0x0080 0x1000000  \Device\HarddiskVolume3\Windows\System32\ntdll.dll
3030.268c:   00007fffc26c6000-00007fffc26c6fff 0x0004/0x0080 0x1000000  \Device\HarddiskVolume3\Windows\System32\ntdll.dll
3030.268c:   00007fffc26c7000-00007fffc26c8fff 0x0008/0x0080 0x1000000  \Device\HarddiskVolume3\Windows\System32\ntdll.dll
3030.268c:   00007fffc26c9000-00007fffc26c9fff 0x0004/0x0080 0x1000000  \Device\HarddiskVolume3\Windows\System32\ntdll.dll
3030.268c:   00007fffc26ca000-00007fffc2746fff 0x0002/0x0080 0x1000000  \Device\HarddiskVolume3\Windows\System32\ntdll.dll
3030.268c:   00007fffc2747000-00007ffffffeffff 0x0001/0x0000 0x0000000
3030.268c: supR3HardNtChildPurify: Done after 791 ms and 2 fixes (loop #1).
20c0.2ad0: supR3HardenedVmProcessInit: uNtDllAddr=00007fffc24e0000 g_uNtVerCombined=0xa0665800 (stack ~0000007d8bfceb90)
20c0.2ad0: ntdll.dll: timestamp 0x5ffc11eb (rc=VINF_SUCCESS)
20c0.2ad0: New simple heap: #1 0000018a8d0b0000 LB 0x800000 (for 2519040 allocation)
3030.268c: supR3HardNtEnableThreadCreationEx:
20c0.2ad0: supR3HardenedWinInitAppBin(0x0): '\Device\HarddiskVolume4\VBox'
20c0.2ad0: System32:  \Device\HarddiskVolume3\Windows\System32
20c0.2ad0: WinSxS:    \Device\HarddiskVolume3\Windows\WinSxS
20c0.2ad0: KnownDllPath: C:\Windows\System32
20c0.2ad0: supR3HardenedVmProcessInit: Opening vboxsup stub...
20c0.2ad0: supR3HardenedVmProcessInit: Restoring LdrInitializeThunk...
20c0.2ad0: supR3HardenedVmProcessInit: Returning to LdrInitializeThunk...
20c0.2ad0: Registered Dll notification callback with NTDLL.
20c0.2ad0: supHardenedWinVerifyImageByHandle: -> 0 (\Device\HarddiskVolume3\Windows\System32\kernel32.dll)
20c0.2ad0: supR3HardenedWinVerifyCacheInsert: \Device\HarddiskVolume3\Windows\System32\kernel32.dll
20c0.2ad0: supR3HardenedMonitor_LdrLoadDll: pName=C:\Windows\System32\KERNEL32.DLL (Input=KERNEL32.DLL, rcNtResolve=0xc0150008) *pfFlags=0xffffffff pwszSearchPath=0000000000004001:<flags> [calling]
20c0.2ad0: supR3HardenedDllNotificationCallback: load   00007fffbf400000 LB 0x003f1000 C:\Windows\System32\KERNELBASE.dll [fFlags=0x0]
20c0.2ad0: supHardenedWinVerifyImageByHandle: -> 0 (\Device\HarddiskVolume3\Windows\System32\KernelBase.dll)
20c0.2ad0: supR3HardenedWinVerifyCacheInsert: \Device\HarddiskVolume3\Windows\System32\KernelBase.dll
20c0.2ad0: supR3HardenedDllNotificationCallback: load   00007fffc0900000 LB 0x000c9000 C:\Windows\System32\KERNEL32.DLL [fFlags=0x0]
20c0.2ad0: supR3HardenedScreenImage/LdrLoadDll: cache hit (VINF_SUCCESS) on \Device\HarddiskVolume3\Windows\System32\kernel32.dll [lacks WinVerifyTrust]
20c0.2ad0: supR3HardenedMonitor_LdrLoadDll: returns rcNt=0x0 hMod=00007fffc0900000 'C:\Windows\System32\KERNEL32.DLL'
20c0.2ad0: supR3HardenedScreenImage/LdrLoadDll: cache hit (VINF_SUCCESS) on \Device\HarddiskVolume3\Windows\System32\KernelBase.dll [lacks WinVerifyTrust]
20c0.2ad0: supR3HardenedMonitor_LdrLoadDll: pName=C:\Windows\System32\KERNELBASE.dll (Input=KERNELBASE.dll, rcNtResolve=0xc0150008) *pfFlags=0xffffffff pwszSearchPath=0000000000004001:<flags> [calling]
20c0.2ad0: supR3HardenedMonitor_LdrLoadDll: returns rcNt=0x0 hMod=00007fffbf400000 'C:\Windows\System32\KERNELBASE.dll'
20c0.2ad0: supR3HardenedDllNotificationCallback: load   00007ff616de0000 LB 0x0010a000 D:\VBox\VirtualBoxVM.exe [fFlags=0x0]
20c0.2ad0: '\Device\HarddiskVolume4\VBox\VirtualBoxVM.exe' has no imports
20c0.2ad0: supHardenedWinVerifyImageByHandle: -> 0 (\Device\HarddiskVolume4\VBox\VirtualBoxVM.exe)
20c0.2ad0: supR3HardenedWinVerifyCacheInsert: \Device\HarddiskVolume4\VBox\VirtualBoxVM.exe
20c0.2ad0: supR3HardNtDisableThreadCreation: pvLdrInitThunk=00007fffc25cb120 pvNtTerminateThread=00007fffc26424e0 g_LdrInitThunkSelfBackup.cb=0
20c0.2ad0: supR3HardNtDisableThreadCreationEx: Backup=40 53 48 83 ec 20 48 8b d9 e8 1a 00 00 00 b2 01
3030.268c: supR3HardNtChildWaitFor: Found expected request 1 (CloseEvents) after 174 ms.
20c0.2ad0: \SystemRoot\System32\ntdll.dll:
20c0.2ad0:     CreationTime:    2026-03-11T14:03:48.786801700Z
20c0.2ad0:     LastWriteTime:   2026-03-11T14:03:48.932265100Z
20c0.2ad0:     ChangeTime:      2026-03-13T07:08:15.671645100Z
20c0.2ad0:     FileAttributes:  0x20
20c0.2ad0:     Size:            0x267b98
20c0.2ad0:     NT Headers:      0xe0
20c0.2ad0:     Timestamp:       0x5ffc11eb
20c0.2ad0:     Machine:         0x8664 - amd64
20c0.2ad0:     Timestamp:       0x5ffc11eb
20c0.2ad0:     Image Version:   10.0
20c0.2ad0:     SizeOfImage:     0x267000 (2519040)
20c0.2ad0:     Resource Dir:    0x1eb000 LB 0x7a1b8
20c0.2ad0:     [Version info resource found at 0xd8! (ID/Name: 0x1; SubID/SubName: 0x409)]
20c0.2ad0:     [Raw version resource data: 0x1eb0f0 LB 0x380, codepage 0x0 (reserved 0x0)]
20c0.2ad0:     ProductName:     Microsoft® Windows® Operating System
20c0.2ad0:     ProductVersion:  10.0.26100.7920
20c0.2ad0:     FileVersion:     10.0.26100.7920 (WinBuild.160101.0800)
20c0.2ad0:     FileDescription: NT Layer DLL
20c0.2ad0: \SystemRoot\System32\kernel32.dll:
20c0.2ad0:     CreationTime:    2026-03-11T14:03:46.700193300Z
20c0.2ad0:     LastWriteTime:   2026-03-11T14:03:46.739845300Z
20c0.2ad0:     ChangeTime:      2026-03-13T07:08:09.887212200Z
20c0.2ad0:     FileAttributes:  0x20
20c0.2ad0:     Size:            0xcc238
20c0.2ad0:     NT Headers:      0xf0
20c0.2ad0:     Timestamp:       0x10824ec0
20c0.2ad0:     Machine:         0x8664 - amd64
20c0.2ad0:     Timestamp:       0x10824ec0
20c0.2ad0:     Image Version:   10.0
20c0.2ad0:     SizeOfImage:     0xc9000 (823296)
20c0.2ad0:     Resource Dir:    0xc7000 LB 0x520
20c0.2ad0:     [Version info resource found at 0x90! (ID/Name: 0x1; SubID/SubName: 0x409)]
20c0.2ad0:     [Raw version resource data: 0xc70b0 LB 0x3a4, codepage 0x0 (reserved 0x0)]
20c0.2ad0:     ProductName:     Microsoft® Windows® Operating System
20c0.2ad0:     ProductVersion:  10.0.26100.7920
20c0.2ad0:     FileVersion:     10.0.26100.7920 (WinBuild.160101.0800)
20c0.2ad0:     FileDescription: Windows NT BASE API Client DLL
20c0.2ad0: \SystemRoot\System32\KernelBase.dll:
20c0.2ad0:     CreationTime:    2026-03-11T14:03:46.724036500Z
20c0.2ad0:     LastWriteTime:   2026-03-11T14:03:47.109441900Z
20c0.2ad0:     ChangeTime:      2026-03-13T07:08:14.643752900Z
20c0.2ad0:     FileAttributes:  0x20
20c0.2ad0:     Size:            0x3f32c8
20c0.2ad0:     NT Headers:      0x100
20c0.2ad0:     Timestamp:       0xcc2a083
20c0.2ad0:     Machine:         0x8664 - amd64
20c0.2ad0:     Timestamp:       0xcc2a083
20c0.2ad0:     Image Version:   10.0
20c0.2ad0:     SizeOfImage:     0x3f1000 (4132864)
20c0.2ad0:     Resource Dir:    0x3b7000 LB 0x548
20c0.2ad0:     [Version info resource found at 0x90! (ID/Name: 0x1; SubID/SubName: 0x409)]
20c0.2ad0:     [Raw version resource data: 0x3b70b0 LB 0x3bc, codepage 0x0 (reserved 0x0)]
20c0.2ad0:     ProductName:     Microsoft® Windows® Operating System
20c0.2ad0:     ProductVersion:  10.0.26100.7920
20c0.2ad0:     FileVersion:     10.0.26100.7920 (WinBuild.160101.0800)
20c0.2ad0:     FileDescription: Windows NT BASE API Client DLL
20c0.2ad0: \SystemRoot\System32\apisetschema.dll:
20c0.2ad0:     CreationTime:    2026-02-11T09:39:35.158731500Z
20c0.2ad0:     LastWriteTime:   2026-02-11T09:39:35.169492700Z
20c0.2ad0:     ChangeTime:      2026-03-11T14:06:42.715901700Z
20c0.2ad0:     FileAttributes:  0x20
20c0.2ad0:     Size:            0x2f598
20c0.2ad0:     NT Headers:      0xd8
20c0.2ad0:     Timestamp:       0xd5983b53
20c0.2ad0:     Machine:         0x8664 - amd64
20c0.2ad0:     Timestamp:       0xd5983b53
20c0.2ad0:     Image Version:   10.0
20c0.2ad0:     SizeOfImage:     0x2e000 (188416)
20c0.2ad0:     Resource Dir:    0x2d000 LB 0x408
20c0.2ad0:     [Version info resource found at 0x48! (ID/Name: 0x1; SubID/SubName: 0x409)]
20c0.2ad0:     [Raw version resource data: 0x2d060 LB 0x3a8, codepage 0x0 (reserved 0x0)]
20c0.2ad0:     ProductName:     Microsoft® Windows® Operating System
20c0.2ad0:     ProductVersion:  10.0.26100.7705
20c0.2ad0:     FileVersion:     10.0.26100.7705 (WinBuild.160101.0800)
20c0.2ad0:     FileDescription: ApiSet Schema DLL
20c0.2ad0: NtOpenDirectoryObject failed on \Driver: 0xc0000022
20c0.2ad0: supR3HardenedWinFindAdversaries: 0x0
20c0.2ad0: supR3HardenedWinInitAppBin(0x0): '\Device\HarddiskVolume4\VBox'
20c0.2ad0: Calling main()
20c0.2ad0: SUPR3HardenedMain: pszProgName=VirtualBoxVM fFlags=0x2
20c0.2ad0: supR3HardenedWinInitAppBin(0x2): '\Device\HarddiskVolume4\VBox'
20c0.2ad0: '\Device\HarddiskVolume4\VBox\VirtualBoxVM.exe' has no imports
20c0.2ad0: supHardenedWinVerifyImageByHandle: -> 0 (\Device\HarddiskVolume4\VBox\VirtualBoxVM.exe)
20c0.2ad0: SUPR3HardenedMain: Respawn #2
20c0.2ad0: supR3HardNtEnableThreadCreationEx:
20c0.2ad0: supR3HardenedDllNotificationCallback: load   00007fffc1100000 LB 0x000a7000 C:\Windows\System32\sechost.dll [fFlags=0x0]
20c0.2ad0: supHardenedWinVerifyImageByHandle: -> 0 (\Device\HarddiskVolume3\Windows\System32\sechost.dll)
20c0.2ad0: supR3HardenedWinVerifyCacheInsert: \Device\HarddiskVolume3\Windows\System32\sechost.dll
20c0.2ad0: '\Device\HarddiskVolume3\Windows\System32\ntdll.dll' has no imports
20c0.2ad0: supHardenedWinVerifyImageByHandle: -> 0 (\Device\HarddiskVolume3\Windows\System32\ntdll.dll)
20c0.2ad0: supR3HardenedWinVerifyCacheInsert: \Device\HarddiskVolume3\Windows\System32\ntdll.dll
20c0.2ad0: supR3HardenedMonitor_LdrLoadDll: pName=C:\Windows\System32\ntdll.dll (Input=ntdll.dll, rcNtResolve=0xc0150008) *pfFlags=0x0 pwszSearchPath=0000000000000801:<flags> [calling]
20c0.2ad0: supR3HardenedMonitor_LdrLoadDll: returns rcNt=0x0 hMod=00007fffc24e0000 'C:\Windows\System32\ntdll.dll'
20c0.2ad0: supR3HardenedScreenImage/LdrLoadDll: cache hit (VINF_SUCCESS) on \Device\HarddiskVolume3\Windows\System32\KernelBase.dll [lacks WinVerifyTrust]
20c0.2ad0: supR3HardenedMonitor_LdrLoadDll: pName=C:\Windows\System32\KernelBase.dll (Input=KernelBase, rcNtResolve=0xc0150008) *pfFlags=0x0 pwszSearchPath=0000000000000801:<flags> [calling]
20c0.2ad0: supR3HardenedMonitor_LdrLoadDll: returns rcNt=0x0 hMod=00007fffbf400000 'C:\Windows\System32\KernelBase.dll'
20c0.2ad0: supR3HardNtDisableThreadCreation: pvLdrInitThunk=00007fffc25cb120 pvNtTerminateThread=00007fffc26424e0 g_LdrInitThunkSelfBackup.cb=10
20c0.2ad0: supR3HardenedWinDoReSpawn(2): New child 4570.3c2c [kernel32].
20c0.2ad0: supR3HardenedWinReSpawn: NtSetInformationThread/ThreadHideFromDebugger failed: 0xc0000022 (harmless)
20c0.2ad0: supR3HardNtChildGatherData: PebBaseAddress=000000dcf4073000 cbPeb=0x388
20c0.2ad0: supR3HardNtPuChFindNtdll: uNtDllParentAddr=00007fffc24e0000 uNtDllChildAddr=00007fffc24e0000
20c0.2ad0: supR3HardenedWinSetupChildInit: uLdrInitThunk=00007fffc25cb120
20c0.2ad0: supR3HardenedWinSetupChildInit: Initial context:
  rax=0000000000000000 rbx=0000000000000000 rcx=00007ff616deb8e0 rdx=000000dcf4073000
  rsi=0000000000000000 rdi=0000000000000000 r8 =0000000000000000 r9 =0000000000000000
  r10=0000000000000000 r11=0000000000000000 r12=0000000000000000 r13=0000000000000000
  r14=0000000000000000 r15=0000000000000000  P1=0000000000000000  P2=0000000000000000
  rip=00007fffc256c460 rsp=000000dcf3f4ff88 rbp=0000000000000000    ctxflags=0010001b
  cs=0033 ss=002b ds=0000 es=0000 fs=0000 gs=0000    eflags=00000200   mxcrx=00001f80
   P3=0000000000000000  P4=0000000000000000  P5=0000000000000000  P6=0000000000000000
  dr0=0000000000000000 dr1=0000000000000000 dr2=0000000000000000 dr3=0000000000000000
  dr6=0000000000000000 dr7=0000000000000000 vcr=0000000000000000 dcr=0000000000000000
  lbt=0000000000000000 lbf=0000000000000000 lxt=0000000000000000 lxf=0000000000000000
20c0.2ad0: kernel32.dll: timestamp 0x10824ec0 (rc=VINF_SUCCESS)
20c0.2ad0: supR3HardenedWinSetupChildInit: Start child.
20c0.2ad0: supR3HardNtChildWaitFor: Found expected request 0 (PurifyChildAndCloseHandles) after 0 ms.
20c0.2ad0: supR3HardNtChildPurify: Startup delay kludge #1/0: 262 ms, 29 sleeps
20c0.2ad0: supHardNtVpScanVirtualMemory: enmKind=CHILD_PURIFICATION
20c0.2ad0:  *0000000000000000-000000007ffdffff 0x0001/0x0000 0x0000000
20c0.2ad0:  *000000007ffe0000-000000007ffe0fff 0x0002/0x0002 0x0020000
20c0.2ad0:   000000007ffe1000-000000007ffe8fff 0x0001/0x0000 0x0000000
20c0.2ad0:  *000000007ffe9000-000000007ffe9fff 0x0002/0x0002 0x0020000
20c0.2ad0:   000000007ffea000-000000dcf3e4ffff 0x0001/0x0000 0x0000000
20c0.2ad0:  *000000dcf3e50000-000000dcf3f4afff 0x0000/0x0004 0x0020000
20c0.2ad0:   000000dcf3f4b000-000000dcf3f4dfff 0x0104/0x0004 0x0020000
20c0.2ad0:   000000dcf3f4e000-000000dcf3f4ffff 0x0004/0x0004 0x0020000
20c0.2ad0:   000000dcf3f50000-000000dcf3ffffff 0x0001/0x0000 0x0000000
20c0.2ad0:  *000000dcf4000000-000000dcf4072fff 0x0000/0x0004 0x0020000
20c0.2ad0:   000000dcf4073000-000000dcf4075fff 0x0004/0x0004 0x0020000
20c0.2ad0:   000000dcf4076000-000000dcf41fffff 0x0000/0x0004 0x0020000
20c0.2ad0:   000000dcf4200000-0000025adc77ffff 0x0001/0x0000 0x0000000
20c0.2ad0:  *0000025adc780000-0000025adc79ffff 0x0004/0x0004 0x0020000
20c0.2ad0:  *0000025adc7a0000-0000025adc7c9fff 0x0002/0x0002 0x0040000
20c0.2ad0:   0000025adc7ca000-0000025adc7cffff 0x0001/0x0000 0x0000000
20c0.2ad0:  *0000025adc7d0000-0000025adc7d3fff 0x0002/0x0002 0x0040000
20c0.2ad0:   0000025adc7d4000-0000025adc7dffff 0x0001/0x0000 0x0000000
20c0.2ad0:  *0000025adc7e0000-0000025adc7e0fff 0x0002/0x0002 0x0040000
20c0.2ad0:   0000025adc7e1000-0000025adc7effff 0x0001/0x0000 0x0000000
20c0.2ad0:  *0000025adc7f0000-0000025adc7f1fff 0x0004/0x0004 0x0020000
20c0.2ad0:   0000025adc7f2000-00007df55128ffff 0x0001/0x0000 0x0000000
20c0.2ad0:  *00007df551290000-00007df551290fff 0x0002/0x0002 0x0040000
20c0.2ad0:   00007df551291000-00007df55129ffff 0x0001/0x0000 0x0000000
20c0.2ad0:  *00007df5512a0000-00007df5526ccfff 0x0000/0x0001 0x0040000
20c0.2ad0:   00007df5526cd000-00007df55290efff 0x0001/0x0001 0x0040000
20c0.2ad0:   00007df55290f000-00007df553078fff 0x0000/0x0001 0x0040000
20c0.2ad0:   00007df553079000-00007df553079fff 0x0001/0x0001 0x0040000
20c0.2ad0:   00007df55307a000-00007ff529856fff 0x0000/0x0001 0x0040000
20c0.2ad0:   00007ff529857000-00007ff52985bfff 0x0002/0x0001 0x0040000
20c0.2ad0:   00007ff52985c000-00007ff54bf0afff 0x0000/0x0001 0x0040000
20c0.2ad0:   00007ff54bf0b000-00007ff550332fff 0x0001/0x0001 0x0040000
20c0.2ad0:   00007ff550333000-00007ff55033dfff 0x0002/0x0001 0x0040000
20c0.2ad0:   00007ff55033e000-00007ff55129ffff 0x0000/0x0001 0x0040000
20c0.2ad0:   00007ff5512a0000-00007ff616ddffff 0x0001/0x0000 0x0000000
20c0.2ad0:  *00007ff616de0000-00007ff616de0fff 0x0002/0x0080 0x1000000  \Device\HarddiskVolume4\VBox\VirtualBoxVM.exe
20c0.2ad0:   00007ff616de1000-00007ff616e4bfff 0x0020/0x0080 0x1000000  \Device\HarddiskVolume4\VBox\VirtualBoxVM.exe
20c0.2ad0:   00007ff616e4c000-00007ff616e4cfff 0x0080/0x0080 0x1000000  \Device\HarddiskVolume4\VBox\VirtualBoxVM.exe
20c0.2ad0:   00007ff616e4d000-00007ff616ea1fff 0x0002/0x0080 0x1000000  \Device\HarddiskVolume4\VBox\VirtualBoxVM.exe
20c0.2ad0:   00007ff616ea2000-00007ff616ea2fff 0x0004/0x0080 0x1000000  \Device\HarddiskVolume4\VBox\VirtualBoxVM.exe
20c0.2ad0:   00007ff616ea3000-00007ff616ea3fff 0x0008/0x0080 0x1000000  \Device\HarddiskVolume4\VBox\VirtualBoxVM.exe
20c0.2ad0:   00007ff616ea4000-00007ff616ea9fff 0x0004/0x0080 0x1000000  \Device\HarddiskVolume4\VBox\VirtualBoxVM.exe
20c0.2ad0:   00007ff616eaa000-00007ff616eaefff 0x0008/0x0080 0x1000000  \Device\HarddiskVolume4\VBox\VirtualBoxVM.exe
20c0.2ad0:   00007ff616eaf000-00007ff616ee9fff 0x0002/0x0080 0x1000000  \Device\HarddiskVolume4\VBox\VirtualBoxVM.exe
20c0.2ad0:   00007ff616eea000-00007fffc24dffff 0x0001/0x0000 0x0000000
20c0.2ad0:  *00007fffc24e0000-00007fffc24e0fff 0x0002/0x0080 0x1000000  \Device\HarddiskVolume3\Windows\System32\ntdll.dll
20c0.2ad0:   00007fffc24e1000-00007fffc2652fff 0x0020/0x0080 0x1000000  \Device\HarddiskVolume3\Windows\System32\ntdll.dll
20c0.2ad0:   00007fffc2653000-00007fffc26abfff 0x0002/0x0080 0x1000000  \Device\HarddiskVolume3\Windows\System32\ntdll.dll
20c0.2ad0:   00007fffc26ac000-00007fffc26b4fff 0x0008/0x0080 0x1000000  \Device\HarddiskVolume3\Windows\System32\ntdll.dll
20c0.2ad0:   00007fffc26b5000-00007fffc26c5fff 0x0002/0x0080 0x1000000  \Device\HarddiskVolume3\Windows\System32\ntdll.dll
20c0.2ad0:   00007fffc26c6000-00007fffc26c8fff 0x0008/0x0080 0x1000000  \Device\HarddiskVolume3\Windows\System32\ntdll.dll
20c0.2ad0:   00007fffc26c9000-00007fffc26c9fff 0x0004/0x0080 0x1000000  \Device\HarddiskVolume3\Windows\System32\ntdll.dll
20c0.2ad0:   00007fffc26ca000-00007fffc2746fff 0x0002/0x0080 0x1000000  \Device\HarddiskVolume3\Windows\System32\ntdll.dll
20c0.2ad0:   00007fffc2747000-00007ffffffeffff 0x0001/0x0000 0x0000000
20c0.2ad0: VirtualBoxVM.exe: timestamp 0x68c1bc1a (rc=VINF_SUCCESS)
20c0.2ad0: '\Device\HarddiskVolume4\VBox\VirtualBoxVM.exe' has no imports
20c0.2ad0: VirtualBoxVM.exe: Differences in section #8 (.rsrc) between file and memory:
20c0.2ad0:   00007ff616ee7b70 / 0x0107b70: 00 != 50
20c0.2ad0:   00007ff616ee7b71 / 0x0107b71: 00 != 41
20c0.2ad0:   00007ff616ee7b72 / 0x0107b72: 00 != 44
20c0.2ad0:   00007ff616ee7b73 / 0x0107b73: 00 != 44
20c0.2ad0:   00007ff616ee7b74 / 0x0107b74: 00 != 49
20c0.2ad0:   00007ff616ee7b75 / 0x0107b75: 00 != 4e
20c0.2ad0:   00007ff616ee7b76 / 0x0107b76: 00 != 47
20c0.2ad0:   00007ff616ee7b77 / 0x0107b77: 00 != 58
20c0.2ad0:   00007ff616ee7b78 / 0x0107b78: 00 != 58
20c0.2ad0:   00007ff616ee7b79 / 0x0107b79: 00 != 50
20c0.2ad0:   00007ff616ee7b7a / 0x0107b7a: 00 != 41
20c0.2ad0:   00007ff616ee7b7b / 0x0107b7b: 00 != 44
20c0.2ad0:   00007ff616ee7b7c / 0x0107b7c: 00 != 44
20c0.2ad0:   00007ff616ee7b7d / 0x0107b7d: 00 != 49
20c0.2ad0:   00007ff616ee7b7e / 0x0107b7e: 00 != 4e
20c0.2ad0:   00007ff616ee7b7f / 0x0107b7f: 00 != 47
20c0.2ad0:   00007ff616ee7b80 / 0x0107b80: 00 != 50
20c0.2ad0:   00007ff616ee7b81 / 0x0107b81: 00 != 41
20c0.2ad0:   00007ff616ee7b82 / 0x0107b82: 00 != 44
20c0.2ad0:   00007ff616ee7b83 / 0x0107b83: 00 != 44
20c0.2ad0:   00007ff616ee7b84 / 0x0107b84: 00 != 49
20c0.2ad0:   00007ff616ee7b85 / 0x0107b85: 00 != 4e
20c0.2ad0:   00007ff616ee7b86 / 0x0107b86: 00 != 47
20c0.2ad0:   00007ff616ee7b87 / 0x0107b87: 00 != 58
20c0.2ad0:   00007ff616ee7b88 / 0x0107b88: 00 != 58
20c0.2ad0:   00007ff616ee7b89 / 0x0107b89: 00 != 50
20c0.2ad0:   00007ff616ee7b8a / 0x0107b8a: 00 != 41
20c0.2ad0:   00007ff616ee7b8b / 0x0107b8b: 00 != 44
20c0.2ad0:   00007ff616ee7b8c / 0x0107b8c: 00 != 44
20c0.2ad0:   00007ff616ee7b8d / 0x0107b8d: 00 != 49
20c0.2ad0:   00007ff616ee7b8e / 0x0107b8e: 00 != 4e
20c0.2ad0:   00007ff616ee7b8f / 0x0107b8f: 00 != 47
20c0.2ad0:   00007ff616ee7b90 / 0x0107b90: 00 != 50
20c0.2ad0:   00007ff616ee7b91 / 0x0107b91: 00 != 41
20c0.2ad0:   00007ff616ee7b92 / 0x0107b92: 00 != 44
20c0.2ad0:   00007ff616ee7b93 / 0x0107b93: 00 != 44
20c0.2ad0:   00007ff616ee7b94 / 0x0107b94: 00 != 49
20c0.2ad0:   00007ff616ee7b95 / 0x0107b95: 00 != 4e
20c0.2ad0:   00007ff616ee7b96 / 0x0107b96: 00 != 47
20c0.2ad0:   00007ff616ee7b97 / 0x0107b97: 00 != 58
20c0.2ad0:   00007ff616ee7b98 / 0x0107b98: 00 != 58
20c0.2ad0:   00007ff616ee7b99 / 0x0107b99: 00 != 50
20c0.2ad0:   00007ff616ee7b9a / 0x0107b9a: 00 != 41
20c0.2ad0:   00007ff616ee7b9b / 0x0107b9b: 00 != 44
20c0.2ad0:   00007ff616ee7b9c / 0x0107b9c: 00 != 44
20c0.2ad0:   00007ff616ee7b9d / 0x0107b9d: 00 != 49
20c0.2ad0:   00007ff616ee7b9e / 0x0107b9e: 00 != 4e
20c0.2ad0:   00007ff616ee7b9f / 0x0107b9f: 00 != 47
20c0.2ad0:   00007ff616ee7ba0 / 0x0107ba0: 00 != 50
20c0.2ad0:   00007ff616ee7ba1 / 0x0107ba1: 00 != 41
20c0.2ad0:   00007ff616ee7ba2 / 0x0107ba2: 00 != 44
20c0.2ad0:   00007ff616ee7ba3 / 0x0107ba3: 00 != 44
20c0.2ad0:   00007ff616ee7ba4 / 0x0107ba4: 00 != 49
20c0.2ad0:   00007ff616ee7ba5 / 0x0107ba5: 00 != 4e
20c0.2ad0:   00007ff616ee7ba6 / 0x0107ba6: 00 != 47
20c0.2ad0:   00007ff616ee7ba7 / 0x0107ba7: 00 != 58
20c0.2ad0:   00007ff616ee7ba8 / 0x0107ba8: 00 != 58
20c0.2ad0:   00007ff616ee7ba9 / 0x0107ba9: 00 != 50
20c0.2ad0:   00007ff616ee7baa / 0x0107baa: 00 != 41
20c0.2ad0:   00007ff616ee7bab / 0x0107bab: 00 != 44
20c0.2ad0:   00007ff616ee7bac / 0x0107bac: 00 != 44
20c0.2ad0:   00007ff616ee7bad / 0x0107bad: 00 != 49
20c0.2ad0:   00007ff616ee7bae / 0x0107bae: 00 != 4e
20c0.2ad0:   00007ff616ee7baf / 0x0107baf: 00 != 47
20c0.2ad0:   00007ff616ee7bb0 / 0x0107bb0: 00 != 50
20c0.2ad0:   00007ff616ee7bb1 / 0x0107bb1: 00 != 41
20c0.2ad0:   00007ff616ee7bb2 / 0x0107bb2: 00 != 44
20c0.2ad0:   00007ff616ee7bb3 / 0x0107bb3: 00 != 44
20c0.2ad0:   00007ff616ee7bb4 / 0x0107bb4: 00 != 49
20c0.2ad0:   00007ff616ee7bb5 / 0x0107bb5: 00 != 4e
20c0.2ad0:   00007ff616ee7bb6 / 0x0107bb6: 00 != 47
20c0.2ad0:   00007ff616ee7bb7 / 0x0107bb7: 00 != 58
20c0.2ad0:   00007ff616ee7bb8 / 0x0107bb8: 00 != 58
20c0.2ad0:   00007ff616ee7bb9 / 0x0107bb9: 00 != 50
20c0.2ad0:   00007ff616ee7bba / 0x0107bba: 00 != 41
20c0.2ad0:   00007ff616ee7bbb / 0x0107bbb: 00 != 44
20c0.2ad0:   00007ff616ee7bbc / 0x0107bbc: 00 != 44
20c0.2ad0:   00007ff616ee7bbd / 0x0107bbd: 00 != 49
20c0.2ad0:   00007ff616ee7bbe / 0x0107bbe: 00 != 4e
20c0.2ad0:   00007ff616ee7bbf / 0x0107bbf: 00 != 47
20c0.2ad0:   00007ff616ee7bc0 / 0x0107bc0: 00 != 50
20c0.2ad0:   00007ff616ee7bc1 / 0x0107bc1: 00 != 41
20c0.2ad0:   00007ff616ee7bc2 / 0x0107bc2: 00 != 44
20c0.2ad0:   00007ff616ee7bc3 / 0x0107bc3: 00 != 44
20c0.2ad0:   00007ff616ee7bc4 / 0x0107bc4: 00 != 49
20c0.2ad0:   00007ff616ee7bc5 / 0x0107bc5: 00 != 4e
20c0.2ad0:   00007ff616ee7bc6 / 0x0107bc6: 00 != 47
20c0.2ad0:   00007ff616ee7bc7 / 0x0107bc7: 00 != 58
20c0.2ad0:   00007ff616ee7bc8 / 0x0107bc8: 00 != 58
20c0.2ad0:   00007ff616ee7bc9 / 0x0107bc9: 00 != 50
20c0.2ad0:   00007ff616ee7bca / 0x0107bca: 00 != 41
20c0.2ad0:   00007ff616ee7bcb / 0x0107bcb: 00 != 44
20c0.2ad0:   00007ff616ee7bcc / 0x0107bcc: 00 != 44
20c0.2ad0:   00007ff616ee7bcd / 0x0107bcd: 00 != 49
20c0.2ad0:   00007ff616ee7bce / 0x0107bce: 00 != 4e
20c0.2ad0:   00007ff616ee7bcf / 0x0107bcf: 00 != 47
20c0.2ad0:   00007ff616ee7bd0 / 0x0107bd0: 00 != 50
20c0.2ad0:   00007ff616ee7bd1 / 0x0107bd1: 00 != 41
20c0.2ad0:   00007ff616ee7bd2 / 0x0107bd2: 00 != 44
20c0.2ad0:   00007ff616ee7bd3 / 0x0107bd3: 00 != 44
20c0.2ad0:   00007ff616ee7bd4 / 0x0107bd4: 00 != 49
20c0.2ad0:   00007ff616ee7bd5 / 0x0107bd5: 00 != 4e
20c0.2ad0:   00007ff616ee7bd6 / 0x0107bd6: 00 != 47
20c0.2ad0:   00007ff616ee7bd7 / 0x0107bd7: 00 != 58
20c0.2ad0:   00007ff616ee7bd8 / 0x0107bd8: 00 != 58
20c0.2ad0:   00007ff616ee7bd9 / 0x0107bd9: 00 != 50
20c0.2ad0:   00007ff616ee7bda / 0x0107bda: 00 != 41
20c0.2ad0:   00007ff616ee7bdb / 0x0107bdb: 00 != 44
20c0.2ad0:   00007ff616ee7bdc / 0x0107bdc: 00 != 44
20c0.2ad0:   00007ff616ee7bdd / 0x0107bdd: 00 != 49
20c0.2ad0:   00007ff616ee7bde / 0x0107bde: 00 != 4e
20c0.2ad0:   00007ff616ee7bdf / 0x0107bdf: 00 != 47
20c0.2ad0:   00007ff616ee7be0 / 0x0107be0: 00 != 50
20c0.2ad0:   00007ff616ee7be1 / 0x0107be1: 00 != 41
20c0.2ad0:   00007ff616ee7be2 / 0x0107be2: 00 != 44
20c0.2ad0:   00007ff616ee7be3 / 0x0107be3: 00 != 44
20c0.2ad0:   00007ff616ee7be4 / 0x0107be4: 00 != 49
20c0.2ad0:   00007ff616ee7be5 / 0x0107be5: 00 != 4e
20c0.2ad0:   00007ff616ee7be6 / 0x0107be6: 00 != 47
20c0.2ad0:   00007ff616ee7be7 / 0x0107be7: 00 != 58
20c0.2ad0:   00007ff616ee7be8 / 0x0107be8: 00 != 58
20c0.2ad0:   00007ff616ee7be9 / 0x0107be9: 00 != 50
20c0.2ad0:   00007ff616ee7bea / 0x0107bea: 00 != 41
20c0.2ad0:   00007ff616ee7beb / 0x0107beb: 00 != 44
20c0.2ad0:   00007ff616ee7bec / 0x0107bec: 00 != 44
20c0.2ad0:   00007ff616ee7bed / 0x0107bed: 00 != 49
20c0.2ad0:   00007ff616ee7bee / 0x0107bee: 00 != 4e
20c0.2ad0:   00007ff616ee7bef / 0x0107bef: 00 != 47
20c0.2ad0:   00007ff616ee7bf0 / 0x0107bf0: 00 != 50
20c0.2ad0:   00007ff616ee7bf1 / 0x0107bf1: 00 != 41
20c0.2ad0:   00007ff616ee7bf2 / 0x0107bf2: 00 != 44
20c0.2ad0:   00007ff616ee7bf3 / 0x0107bf3: 00 != 44
20c0.2ad0:   00007ff616ee7bf4 / 0x0107bf4: 00 != 49
20c0.2ad0:   00007ff616ee7bf5 / 0x0107bf5: 00 != 4e
20c0.2ad0:   00007ff616ee7bf6 / 0x0107bf6: 00 != 47
20c0.2ad0:   00007ff616ee7bf7 / 0x0107bf7: 00 != 58
20c0.2ad0:   00007ff616ee7bf8 / 0x0107bf8: 00 != 58
20c0.2ad0:   00007ff616ee7bf9 / 0x0107bf9: 00 != 50
20c0.2ad0:   00007ff616ee7bfa / 0x0107bfa: 00 != 41
20c0.2ad0:   00007ff616ee7bfb / 0x0107bfb: 00 != 44
20c0.2ad0:   00007ff616ee7bfc / 0x0107bfc: 00 != 44
20c0.2ad0:   00007ff616ee7bfd / 0x0107bfd: 00 != 49
20c0.2ad0:   00007ff616ee7bfe / 0x0107bfe: 00 != 4e
20c0.2ad0:   00007ff616ee7bff / 0x0107bff: 00 != 47
20c0.2ad0:   Restored 0x490 bytes of original file content at 00007ff616ee7b70
20c0.2ad0: '\Device\HarddiskVolume3\Windows\System32\ntdll.dll' has no imports
20c0.2ad0: ntdll.dll: Differences in section #12 (.mrdata) between file and memory:
20c0.2ad0:   00007fffc26c9490 / 0x01e9490: 00 != a0
20c0.2ad0:   00007fffc26c9491 / 0x01e9491: 00 != c2
20c0.2ad0:   00007fffc26c9492 / 0x01e9492: 00 != 7b
20c0.2ad0:   00007fffc26c9493 / 0x01e9493: 00 != 77
20c0.2ad0:   00007fffc26c9498 / 0x01e9498: 00 != 68
20c0.2ad0:   00007fffc26c9499 / 0x01e9499: 00 != 97
20c0.2ad0:   00007fffc26c949a / 0x01e949a: 00 != 7b
20c0.2ad0:   00007fffc26c949b / 0x01e949b: 00 != 77
20c0.2ad0:   00007fffc26c94d8 / 0x01e94d8: 00 != 83
20c0.2ad0:   00007fffc26c94d9 / 0x01e94d9: 00 != bd
20c0.2ad0:   00007fffc26c94da / 0x01e94da: 00 != ce
20c0.2ad0:   00007fffc26c94db / 0x01e94db: 00 != ec
20c0.2ad0:   00007fffc26c94e0 / 0x01e94e0: 00 != 10
20c0.2ad0:   00007fffc26c94e5 / 0x01e94e5: 00 != 01
20c0.2ad0:   00007fffc26c94f0 / 0x01e94f0: 00 != 02
20c0.2ad0:   00007fffc26c94f1 / 0x01e94f1: 00 != 20
20c0.2ad0:   00007fffc26c94fa / 0x01e94fa: 00 != 2a
20c0.2ad0:   00007fffc26c94fb / 0x01e94fb: 00 != 51
20c0.2ad0:   00007fffc26c94fc / 0x01e94fc: 00 != f5
20c0.2ad0:   00007fffc26c94fd / 0x01e94fd: 00 != 7d
20c0.2ad0:   00007fffc26c9505 / 0x01e9505: 00 != 02
20c0.2ad0:   Restored 0x118 bytes of original file content at 00007fffc26c9490
20c0.2ad0: supR3HardNtChildPurify: cFixes=2 g_fSupAdversaries=0x80000000
20c0.2ad0: supR3HardNtChildPurify: Startup delay kludge #1/1: 514 ms, 61 sleeps
20c0.2ad0: supHardNtVpScanVirtualMemory: enmKind=CHILD_PURIFICATION
20c0.2ad0:  *0000000000000000-000000007ffdffff 0x0001/0x0000 0x0000000
20c0.2ad0:  *000000007ffe0000-000000007ffe0fff 0x0002/0x0002 0x0020000
20c0.2ad0:   000000007ffe1000-000000007ffe8fff 0x0001/0x0000 0x0000000
20c0.2ad0:  *000000007ffe9000-000000007ffe9fff 0x0002/0x0002 0x0020000
20c0.2ad0:   000000007ffea000-000000dcf3e4ffff 0x0001/0x0000 0x0000000
20c0.2ad0:  *000000dcf3e50000-000000dcf3f4afff 0x0000/0x0004 0x0020000
20c0.2ad0:   000000dcf3f4b000-000000dcf3f4dfff 0x0104/0x0004 0x0020000
20c0.2ad0:   000000dcf3f4e000-000000dcf3f4ffff 0x0004/0x0004 0x0020000
20c0.2ad0:   000000dcf3f50000-000000dcf3ffffff 0x0001/0x0000 0x0000000
20c0.2ad0:  *000000dcf4000000-000000dcf4072fff 0x0000/0x0004 0x0020000
20c0.2ad0:   000000dcf4073000-000000dcf4075fff 0x0004/0x0004 0x0020000
20c0.2ad0:   000000dcf4076000-000000dcf41fffff 0x0000/0x0004 0x0020000
20c0.2ad0:   000000dcf4200000-0000025adc77ffff 0x0001/0x0000 0x0000000
20c0.2ad0:  *0000025adc780000-0000025adc79ffff 0x0004/0x0004 0x0020000
20c0.2ad0:  *0000025adc7a0000-0000025adc7c9fff 0x0002/0x0002 0x0040000
20c0.2ad0:   0000025adc7ca000-0000025adc7cffff 0x0001/0x0000 0x0000000
20c0.2ad0:  *0000025adc7d0000-0000025adc7d3fff 0x0002/0x0002 0x0040000
20c0.2ad0:   0000025adc7d4000-0000025adc7dffff 0x0001/0x0000 0x0000000
20c0.2ad0:  *0000025adc7e0000-0000025adc7e0fff 0x0002/0x0002 0x0040000
20c0.2ad0:   0000025adc7e1000-0000025adc7effff 0x0001/0x0000 0x0000000
20c0.2ad0:  *0000025adc7f0000-0000025adc7f1fff 0x0004/0x0004 0x0020000
20c0.2ad0:   0000025adc7f2000-00007df55128ffff 0x0001/0x0000 0x0000000
20c0.2ad0:  *00007df551290000-00007df551290fff 0x0002/0x0002 0x0040000
20c0.2ad0:   00007df551291000-00007df55129ffff 0x0001/0x0000 0x0000000
20c0.2ad0:  *00007df5512a0000-00007df5526ccfff 0x0000/0x0001 0x0040000
20c0.2ad0:   00007df5526cd000-00007df55290efff 0x0001/0x0001 0x0040000
20c0.2ad0:   00007df55290f000-00007df553078fff 0x0000/0x0001 0x0040000
20c0.2ad0:   00007df553079000-00007df553079fff 0x0001/0x0001 0x0040000
20c0.2ad0:   00007df55307a000-00007ff529856fff 0x0000/0x0001 0x0040000
20c0.2ad0:   00007ff529857000-00007ff52985bfff 0x0002/0x0001 0x0040000
20c0.2ad0:   00007ff52985c000-00007ff54bf0afff 0x0000/0x0001 0x0040000
20c0.2ad0:   00007ff54bf0b000-00007ff550332fff 0x0001/0x0001 0x0040000
20c0.2ad0:   00007ff550333000-00007ff55033dfff 0x0002/0x0001 0x0040000
20c0.2ad0:   00007ff55033e000-00007ff55129ffff 0x0000/0x0001 0x0040000
20c0.2ad0:   00007ff5512a0000-00007ff616ddffff 0x0001/0x0000 0x0000000
20c0.2ad0:  *00007ff616de0000-00007ff616de0fff 0x0002/0x0080 0x1000000  \Device\HarddiskVolume4\VBox\VirtualBoxVM.exe
20c0.2ad0:   00007ff616de1000-00007ff616e4bfff 0x0020/0x0080 0x1000000  \Device\HarddiskVolume4\VBox\VirtualBoxVM.exe
20c0.2ad0:   00007ff616e4c000-00007ff616e4cfff 0x0040/0x0080 0x1000000  \Device\HarddiskVolume4\VBox\VirtualBoxVM.exe
20c0.2ad0:   00007ff616e4d000-00007ff616ea1fff 0x0002/0x0080 0x1000000  \Device\HarddiskVolume4\VBox\VirtualBoxVM.exe
20c0.2ad0:   00007ff616ea2000-00007ff616eaefff 0x0004/0x0080 0x1000000  \Device\HarddiskVolume4\VBox\VirtualBoxVM.exe
20c0.2ad0:   00007ff616eaf000-00007ff616ee9fff 0x0002/0x0080 0x1000000  \Device\HarddiskVolume4\VBox\VirtualBoxVM.exe
20c0.2ad0:   00007ff616eea000-00007fffc24dffff 0x0001/0x0000 0x0000000
20c0.2ad0:  *00007fffc24e0000-00007fffc24e0fff 0x0002/0x0080 0x1000000  \Device\HarddiskVolume3\Windows\System32\ntdll.dll
20c0.2ad0:   00007fffc24e1000-00007fffc2652fff 0x0020/0x0080 0x1000000  \Device\HarddiskVolume3\Windows\System32\ntdll.dll
20c0.2ad0:   00007fffc2653000-00007fffc26abfff 0x0002/0x0080 0x1000000  \Device\HarddiskVolume3\Windows\System32\ntdll.dll
20c0.2ad0:   00007fffc26ac000-00007fffc26acfff 0x0004/0x0080 0x1000000  \Device\HarddiskVolume3\Windows\System32\ntdll.dll
20c0.2ad0:   00007fffc26ad000-00007fffc26adfff 0x0008/0x0080 0x1000000  \Device\HarddiskVolume3\Windows\System32\ntdll.dll
20c0.2ad0:   00007fffc26ae000-00007fffc26b4fff 0x0004/0x0080 0x1000000  \Device\HarddiskVolume3\Windows\System32\ntdll.dll
20c0.2ad0:   00007fffc26b5000-00007fffc26c5fff 0x0002/0x0080 0x1000000  \Device\HarddiskVolume3\Windows\System32\ntdll.dll
20c0.2ad0:   00007fffc26c6000-00007fffc26c6fff 0x0004/0x0080 0x1000000  \Device\HarddiskVolume3\Windows\System32\ntdll.dll
20c0.2ad0:   00007fffc26c7000-00007fffc26c8fff 0x0008/0x0080 0x1000000  \Device\HarddiskVolume3\Windows\System32\ntdll.dll
20c0.2ad0:   00007fffc26c9000-00007fffc26c9fff 0x0004/0x0080 0x1000000  \Device\HarddiskVolume3\Windows\System32\ntdll.dll
20c0.2ad0:   00007fffc26ca000-00007fffc2746fff 0x0002/0x0080 0x1000000  \Device\HarddiskVolume3\Windows\System32\ntdll.dll
20c0.2ad0:   00007fffc2747000-00007ffffffeffff 0x0001/0x0000 0x0000000
20c0.2ad0: supR3HardNtChildPurify: Done after 840 ms and 2 fixes (loop #1).
4570.3c2c: supR3HardenedVmProcessInit: uNtDllAddr=00007fffc24e0000 g_uNtVerCombined=0xa0665800 (stack ~000000dcf3f4ed50)
4570.3c2c: ntdll.dll: timestamp 0x5ffc11eb (rc=VINF_SUCCESS)
4570.3c2c: New simple heap: #1 0000025adc900000 LB 0x800000 (for 2519040 allocation)
20c0.2ad0: supR3HardenedEarlyCompact: Removed heap 1 (0x00018a8d0b0000 LB 0x800000)
20c0.2ad0: supR3HardNtEnableThreadCreationEx:
4570.3c2c: supR3HardenedWinInitAppBin(0x0): '\Device\HarddiskVolume4\VBox'
4570.3c2c: System32:  \Device\HarddiskVolume3\Windows\System32
4570.3c2c: WinSxS:    \Device\HarddiskVolume3\Windows\WinSxS
4570.3c2c: KnownDllPath: C:\Windows\System32
4570.3c2c: supR3HardenedVmProcessInit: Opening vboxsup...
4570.3c2c: supR3HardenedVmProcessInit: Restoring LdrInitializeThunk...
4570.3c2c: supR3HardenedVmProcessInit: Returning to LdrInitializeThunk...
4570.3c2c: Registered Dll notification callback with NTDLL.
4570.3c2c: supHardenedWinVerifyImageByHandle: -> 0 (\Device\HarddiskVolume3\Windows\System32\kernel32.dll)
4570.3c2c: supR3HardenedWinVerifyCacheInsert: \Device\HarddiskVolume3\Windows\System32\kernel32.dll
4570.3c2c: supR3HardenedMonitor_LdrLoadDll: pName=C:\Windows\System32\KERNEL32.DLL (Input=KERNEL32.DLL, rcNtResolve=0xc0150008) *pfFlags=0xffffffff pwszSearchPath=0000000000004001:<flags> [calling]
4570.3c2c: supR3HardenedDllNotificationCallback: load   00007fffbf400000 LB 0x003f1000 C:\Windows\System32\KERNELBASE.dll [fFlags=0x0]
4570.3c2c: supHardenedWinVerifyImageByHandle: -> 0 (\Device\HarddiskVolume3\Windows\System32\KernelBase.dll)
4570.3c2c: supR3HardenedWinVerifyCacheInsert: \Device\HarddiskVolume3\Windows\System32\KernelBase.dll
4570.3c2c: supR3HardenedDllNotificationCallback: load   00007fffc0900000 LB 0x000c9000 C:\Windows\System32\KERNEL32.DLL [fFlags=0x0]
4570.3c2c: supR3HardenedScreenImage/LdrLoadDll: cache hit (VINF_SUCCESS) on \Device\HarddiskVolume3\Windows\System32\kernel32.dll [lacks WinVerifyTrust]
4570.3c2c: supR3HardenedMonitor_LdrLoadDll: returns rcNt=0x0 hMod=00007fffc0900000 'C:\Windows\System32\KERNEL32.DLL'
4570.3c2c: supR3HardenedScreenImage/LdrLoadDll: cache hit (VINF_SUCCESS) on \Device\HarddiskVolume3\Windows\System32\KernelBase.dll [lacks WinVerifyTrust]
4570.3c2c: supR3HardenedMonitor_LdrLoadDll: pName=C:\Windows\System32\KERNELBASE.dll (Input=KERNELBASE.dll, rcNtResolve=0xc0150008) *pfFlags=0xffffffff pwszSearchPath=0000000000004001:<flags> [calling]
4570.3c2c: supR3HardenedMonitor_LdrLoadDll: returns rcNt=0x0 hMod=00007fffbf400000 'C:\Windows\System32\KERNELBASE.dll'
4570.3c2c: supR3HardenedDllNotificationCallback: load   00007ff616de0000 LB 0x0010a000 D:\VBox\VirtualBoxVM.exe [fFlags=0x0]
4570.3c2c: '\Device\HarddiskVolume4\VBox\VirtualBoxVM.exe' has no imports
4570.3c2c: supHardenedWinVerifyImageByHandle: -> 0 (\Device\HarddiskVolume4\VBox\VirtualBoxVM.exe)
4570.3c2c: supR3HardenedWinVerifyCacheInsert: \Device\HarddiskVolume4\VBox\VirtualBoxVM.exe
4570.3c2c: supR3HardNtDisableThreadCreation: pvLdrInitThunk=00007fffc25cb120 pvNtTerminateThread=00007fffc26424e0 g_LdrInitThunkSelfBackup.cb=0
4570.3c2c: supR3HardNtDisableThreadCreationEx: Backup=40 53 48 83 ec 20 48 8b d9 e8 1a 00 00 00 b2 01
20c0.2ad0: supR3HardNtChildWaitFor: Found expected request 1 (CloseEvents) after 176 ms.
4570.3c2c: \SystemRoot\System32\ntdll.dll:
4570.3c2c:     CreationTime:    2026-03-11T14:03:48.786801700Z
4570.3c2c:     LastWriteTime:   2026-03-11T14:03:48.932265100Z
4570.3c2c:     ChangeTime:      2026-03-13T07:08:15.671645100Z
4570.3c2c:     FileAttributes:  0x20
4570.3c2c:     Size:            0x267b98
4570.3c2c:     NT Headers:      0xe0
4570.3c2c:     Timestamp:       0x5ffc11eb
4570.3c2c:     Machine:         0x8664 - amd64
4570.3c2c:     Timestamp:       0x5ffc11eb
4570.3c2c:     Image Version:   10.0
4570.3c2c:     SizeOfImage:     0x267000 (2519040)
4570.3c2c:     Resource Dir:    0x1eb000 LB 0x7a1b8
4570.3c2c:     [Version info resource found at 0xd8! (ID/Name: 0x1; SubID/SubName: 0x409)]
4570.3c2c:     [Raw version resource data: 0x1eb0f0 LB 0x380, codepage 0x0 (reserved 0x0)]
4570.3c2c:     ProductName:     Microsoft® Windows® Operating System
4570.3c2c:     ProductVersion:  10.0.26100.7920
4570.3c2c:     FileVersion:     10.0.26100.7920 (WinBuild.160101.0800)
4570.3c2c:     FileDescription: NT Layer DLL
4570.3c2c: \SystemRoot\System32\kernel32.dll:
4570.3c2c:     CreationTime:    2026-03-11T14:03:46.700193300Z
4570.3c2c:     LastWriteTime:   2026-03-11T14:03:46.739845300Z
4570.3c2c:     ChangeTime:      2026-03-13T07:08:09.887212200Z
4570.3c2c:     FileAttributes:  0x20
4570.3c2c:     Size:            0xcc238
4570.3c2c:     NT Headers:      0xf0
4570.3c2c:     Timestamp:       0x10824ec0
4570.3c2c:     Machine:         0x8664 - amd64
4570.3c2c:     Timestamp:       0x10824ec0
4570.3c2c:     Image Version:   10.0
4570.3c2c:     SizeOfImage:     0xc9000 (823296)
4570.3c2c:     Resource Dir:    0xc7000 LB 0x520
4570.3c2c:     [Version info resource found at 0x90! (ID/Name: 0x1; SubID/SubName: 0x409)]
4570.3c2c:     [Raw version resource data: 0xc70b0 LB 0x3a4, codepage 0x0 (reserved 0x0)]
4570.3c2c:     ProductName:     Microsoft® Windows® Operating System
4570.3c2c:     ProductVersion:  10.0.26100.7920
4570.3c2c:     FileVersion:     10.0.26100.7920 (WinBuild.160101.0800)
4570.3c2c:     FileDescription: Windows NT BASE API Client DLL
4570.3c2c: \SystemRoot\System32\KernelBase.dll:
4570.3c2c:     CreationTime:    2026-03-11T14:03:46.724036500Z
4570.3c2c:     LastWriteTime:   2026-03-11T14:03:47.109441900Z
4570.3c2c:     ChangeTime:      2026-03-13T07:08:14.643752900Z
4570.3c2c:     FileAttributes:  0x20
4570.3c2c:     Size:            0x3f32c8
4570.3c2c:     NT Headers:      0x100
4570.3c2c:     Timestamp:       0xcc2a083
4570.3c2c:     Machine:         0x8664 - amd64
4570.3c2c:     Timestamp:       0xcc2a083
4570.3c2c:     Image Version:   10.0
4570.3c2c:     SizeOfImage:     0x3f1000 (4132864)
4570.3c2c:     Resource Dir:    0x3b7000 LB 0x548
4570.3c2c:     [Version info resource found at 0x90! (ID/Name: 0x1; SubID/SubName: 0x409)]
4570.3c2c:     [Raw version resource data: 0x3b70b0 LB 0x3bc, codepage 0x0 (reserved 0x0)]
4570.3c2c:     ProductName:     Microsoft® Windows® Operating System
4570.3c2c:     ProductVersion:  10.0.26100.7920
4570.3c2c:     FileVersion:     10.0.26100.7920 (WinBuild.160101.0800)
4570.3c2c:     FileDescription: Windows NT BASE API Client DLL
4570.3c2c: \SystemRoot\System32\apisetschema.dll:
4570.3c2c:     CreationTime:    2026-02-11T09:39:35.158731500Z
4570.3c2c:     LastWriteTime:   2026-02-11T09:39:35.169492700Z
4570.3c2c:     ChangeTime:      2026-03-11T14:06:42.715901700Z
4570.3c2c:     FileAttributes:  0x20
4570.3c2c:     Size:            0x2f598
4570.3c2c:     NT Headers:      0xd8
4570.3c2c:     Timestamp:       0xd5983b53
4570.3c2c:     Machine:         0x8664 - amd64
4570.3c2c:     Timestamp:       0xd5983b53
4570.3c2c:     Image Version:   10.0
4570.3c2c:     SizeOfImage:     0x2e000 (188416)
4570.3c2c:     Resource Dir:    0x2d000 LB 0x408
4570.3c2c:     [Version info resource found at 0x48! (ID/Name: 0x1; SubID/SubName: 0x409)]
4570.3c2c:     [Raw version resource data: 0x2d060 LB 0x3a8, codepage 0x0 (reserved 0x0)]
4570.3c2c:     ProductName:     Microsoft® Windows® Operating System
4570.3c2c:     ProductVersion:  10.0.26100.7705
4570.3c2c:     FileVersion:     10.0.26100.7705 (WinBuild.160101.0800)
4570.3c2c:     FileDescription: ApiSet Schema DLL
4570.3c2c: NtOpenDirectoryObject failed on \Driver: 0xc0000022
4570.3c2c: supR3HardenedWinFindAdversaries: 0x0
4570.3c2c: supR3HardenedWinInitAppBin(0x0): '\Device\HarddiskVolume4\VBox'
4570.3c2c: Calling main()
4570.3c2c: SUPR3HardenedMain: pszProgName=VirtualBoxVM fFlags=0x2
4570.3c2c: supR3HardenedWinInitAppBin(0x2): '\Device\HarddiskVolume4\VBox'
4570.3c2c: '\Device\HarddiskVolume4\VBox\VirtualBoxVM.exe' has no imports
4570.3c2c: supHardenedWinVerifyImageByHandle: -> 0 (\Device\HarddiskVolume4\VBox\VirtualBoxVM.exe)
4570.3c2c: SUPR3HardenedMain: Final process, opening VBoxDrv...
4570.3c2c: supR3HardenedEarlyCompact: Removed heap 1 (0x00025adc900000 LB 0x800000)
4570.3c2c: supR3HardNtEnableThreadCreationEx:
4570.3c2c: supHardenedWinVerifyImageByHandle: -> 0 (\Device\HarddiskVolume4\VBox\VBoxSupLib.dll)
4570.3c2c: supR3HardenedWinVerifyCacheInsert: \Device\HarddiskVolume4\VBox\VBoxSupLib.dll
4570.3c2c: supR3HardenedMonitor_LdrLoadDll: pName=D:\VBox\VBoxSupLib.DLL (rcNtResolve=0xc0150008) *pfFlags=0x0 pwszSearchPath=0000000000000801:<flags> [calling]
4570.3c2c: supR3HardenedScreenImage/NtCreateSection: cache hit (VINF_SUCCESS) on \Device\HarddiskVolume4\VBox\VBoxSupLib.dll [lacks WinVerifyTrust]
4570.3c2c: supR3HardenedDllNotificationCallback: load   00007fff62f40000 LB 0x00005000 D:\VBox\VBoxSupLib.DLL [fFlags=0x0]
4570.3c2c: supR3HardenedScreenImage/LdrLoadDll: cache hit (VINF_SUCCESS) on \Device\HarddiskVolume4\VBox\VBoxSupLib.dll [lacks WinVerifyTrust]
4570.3c2c: supR3HardenedScreenImage/LdrLoadDll: cache hit (VINF_SUCCESS) on \Device\HarddiskVolume4\VBox\VBoxSupLib.dll [lacks WinVerifyTrust]
4570.3c2c: supR3HardenedMonitor_LdrLoadDll: pName=D:\VBox\VBoxSupLib.DLL (rcNtResolve=0xc0150008) *pfFlags=0x0 pwszSearchPath=0000000000000001:<flags> [calling]
4570.3c2c: supR3HardenedMonitor_LdrLoadDll: returns rcNt=0x0 hMod=00007fff62f40000 'D:\VBox\VBoxSupLib.DLL'
4570.3c2c: supR3HardenedScreenImage/LdrLoadDll: cache hit (VINF_SUCCESS) on \Device\HarddiskVolume4\VBox\VBoxSupLib.dll [lacks WinVerifyTrust]
4570.3c2c: supR3HardenedMonitor_LdrLoadDll: pName=D:\VBox\VBoxSupLib.DLL (rcNtResolve=0xc0150008) *pfFlags=0x0 pwszSearchPath=0000000000000001:<flags> [calling]
4570.3c2c: supR3HardenedMonitor_LdrLoadDll: returns rcNt=0x0 hMod=00007fff62f40000 'D:\VBox\VBoxSupLib.DLL'
4570.3c2c: supR3HardenedMonitor_LdrLoadDll: returns rcNt=0x0 hMod=00007fff62f40000 'D:\VBox\VBoxSupLib.DLL'
4570.3c2c: supR3HardenedWinVerifyCacheScheduleImports: Import todo: #0 'msvcrt.dll'.
4570.3c2c: supR3HardenedWinVerifyCacheScheduleImports: Import todo: #30 'rpcrt4.dll'.
4570.3c2c: supHardenedWinVerifyImageByHandle: -> 0 (\Device\HarddiskVolume3\Windows\System32\wintrust.dll)
4570.3c2c: supR3HardenedWinVerifyCacheInsert: \Device\HarddiskVolume3\Windows\System32\wintrust.dll
4570.3c2c: supR3HardenedWinVerifyCacheProcessImportTodos: Processing 'rpcrt4.dll'...
4570.3c2c: supR3HardenedWinVerifyCacheProcessImportTodos: 'rpcrt4.dll' -> '\Device\HarddiskVolume3\Windows\System32\rpcrt4.dll' [rcNtRedir=0xc0150008]
4570.3c2c: supHardenedWinVerifyImageByHandle: -> 0 (\Device\HarddiskVolume3\Windows\System32\rpcrt4.dll)
4570.3c2c: supR3HardenedWinVerifyCacheInsert: \Device\HarddiskVolume3\Windows\System32\rpcrt4.dll
4570.3c2c: supR3HardenedWinVerifyCacheProcessImportTodos: Processing 'msvcrt.dll'...
4570.3c2c: supR3HardenedWinVerifyCacheProcessImportTodos: 'msvcrt.dll' -> '\Device\HarddiskVolume3\Windows\System32\msvcrt.dll' [rcNtRedir=0xc0150008]
4570.3c2c: supHardenedWinVerifyImageByHandle: -> 0 (\Device\HarddiskVolume3\Windows\System32\msvcrt.dll)
4570.3c2c: supR3HardenedWinVerifyCacheInsert: \Device\HarddiskVolume3\Windows\System32\msvcrt.dll
4570.3c2c: supR3HardenedMonitor_LdrLoadDll: pName=C:\Windows\system32\Wintrust.dll (rcNtResolve=0xc0150008) *pfFlags=0x0 pwszSearchPath=0000000000000801:<flags> [calling]
4570.3c2c: supR3HardenedDllNotificationCallback: load   00007fffc1650000 LB 0x000a9000 C:\Windows\System32\msvcrt.dll [fFlags=0x0]
4570.3c2c: supR3HardenedScreenImage/LdrLoadDll: cache hit (VINF_SUCCESS) on \Device\HarddiskVolume3\Windows\System32\msvcrt.dll [lacks WinVerifyTrust]
4570.3c2c: supR3HardenedDllNotificationCallback: load   00007fffc11b0000 LB 0x00118000 C:\Windows\System32\RPCRT4.dll [fFlags=0x0]
4570.3c2c: supR3HardenedScreenImage/LdrLoadDll: cache hit (VINF_SUCCESS) on \Device\HarddiskVolume3\Windows\System32\rpcrt4.dll [lacks WinVerifyTrust]
4570.3c2c: supR3HardenedDllNotificationCallback: load   00007fffbf2b0000 LB 0x00081000 C:\Windows\System32\Wintrust.dll [fFlags=0x0]
4570.3c2c: supR3HardenedScreenImage/LdrLoadDll: cache hit (VINF_SUCCESS) on \Device\HarddiskVolume3\Windows\System32\wintrust.dll [lacks WinVerifyTrust]
4570.3c2c: supR3HardenedDllNotificationCallback: load   00007fffbedc0000 LB 0x0014b000 C:\Windows\System32\ucrtbase.dll [fFlags=0x0]
4570.3c2c: supHardenedWinVerifyImageByHandle: -> 0 (\Device\HarddiskVolume3\Windows\System32\ucrtbase.dll)
4570.3c2c: supR3HardenedWinVerifyCacheInsert: \Device\HarddiskVolume3\Windows\System32\ucrtbase.dll
4570.3c2c: supR3HardenedDllNotificationCallback: load   00007fffbf130000 LB 0x00177000 C:\Windows\System32\CRYPT32.dll [fFlags=0x0]
4570.3c2c: supHardenedWinVerifyImageByHandle: -> 0 (\Device\HarddiskVolume3\Windows\System32\crypt32.dll)
4570.3c2c: supR3HardenedWinVerifyCacheInsert: \Device\HarddiskVolume3\Windows\System32\crypt32.dll
4570.3c2c: supR3HardenedIsApiSetDll: ApiSetQueryApiSetPresence(api-ms-win-core-synch-l1-2-0) -> 0x0, fPresent=1
4570.3c2c: supR3HardenedMonitor_LdrLoadDll: pName=api-ms-win-core-synch-l1-2-0 (rcNtResolve=0x0) *pfFlags=0x0 pwszSearchPath=0000000000000801:<flags> [calling]
4570.3c2c: supR3HardenedMonitor_LdrLoadDll: returns rcNt=0x0 hMod=00007fffbf400000 'api-ms-win-core-synch-l1-2-0'
4570.3c2c: supR3HardenedIsApiSetDll: ApiSetQueryApiSetPresence(api-ms-win-core-fibers-l1-1-1) -> 0x0, fPresent=1
4570.3c2c: supR3HardenedMonitor_LdrLoadDll: pName=api-ms-win-core-fibers-l1-1-1 (rcNtResolve=0x0) *pfFlags=0x0 pwszSearchPath=0000000000000801:<flags> [calling]
4570.3c2c: supR3HardenedMonitor_LdrLoadDll: returns rcNt=0x0 hMod=00007fffbf400000 'api-ms-win-core-fibers-l1-1-1'
4570.3c2c: supR3HardenedIsApiSetDll: ApiSetQueryApiSetPresence(api-ms-win-core-fibers-l1-1-2) -> 0x0, fPresent=1
4570.3c2c: supR3HardenedMonitor_LdrLoadDll: pName=api-ms-win-core-fibers-l1-1-2 (rcNtResolve=0x0) *pfFlags=0x0 pwszSearchPath=0000000000000801:<flags> [calling]
4570.3c2c: supR3HardenedMonitor_LdrLoadDll: returns rcNt=0x0 hMod=00007fffbf400000 'api-ms-win-core-fibers-l1-1-2'
4570.3c2c: supHardenedWinVerifyImageByHandle: -> 0 (\Device\HarddiskVolume3\Windows\System32\msasn1.dll)
4570.3c2c: supR3HardenedWinVerifyCacheInsert: \Device\HarddiskVolume3\Windows\System32\msasn1.dll
4570.3c2c: supR3HardenedDllNotificationCallback: load   00007fffbe410000 LB 0x00013000 C:\Windows\SYSTEM32\MSASN1.dll [fFlags=0x0]
4570.3c2c: supR3HardenedScreenImage/LdrLoadDll: cache hit (VINF_SUCCESS) on \Device\HarddiskVolume3\Windows\System32\msasn1.dll [lacks WinVerifyTrust]
4570.3c2c: supR3HardenedMonitor_LdrLoadDll: returns rcNt=0x0 hMod=00007fffbf2b0000 'C:\Windows\system32\Wintrust.dll'
4570.3c2c: supHardenedWinVerifyImageByHandle: -> 0 (\Device\HarddiskVolume3\Windows\System32\bcrypt.dll)
4570.3c2c: supR3HardenedWinVerifyCacheInsert: \Device\HarddiskVolume3\Windows\System32\bcrypt.dll
4570.3c2c: supR3HardenedMonitor_LdrLoadDll: pName=C:\Windows\system32\bcrypt.dll (rcNtResolve=0xc0150008) *pfFlags=0x0 pwszSearchPath=0000000000000801:<flags> [calling]
4570.3c2c: supR3HardenedScreenImage/NtCreateSection: cache hit (VINF_SUCCESS) on \Device\HarddiskVolume3\Windows\System32\bcrypt.dll [lacks WinVerifyTrust]
4570.3c2c: supR3HardenedDllNotificationCallback: load   00007fffc1100000 LB 0x000a7000 C:\Windows\System32\sechost.dll [fFlags=0x0]
4570.3c2c: supHardenedWinVerifyImageByHandle: -> 0 (\Device\HarddiskVolume3\Windows\System32\sechost.dll)
4570.3c2c: supR3HardenedWinVerifyCacheInsert: \Device\HarddiskVolume3\Windows\System32\sechost.dll
4570.3c2c: supR3HardenedDllNotificationCallback: load   00007fffbecb0000 LB 0x0002a000 C:\Windows\system32\bcrypt.dll [fFlags=0x0]
4570.3c2c: supR3HardenedScreenImage/LdrLoadDll: cache hit (VINF_SUCCESS) on \Device\HarddiskVolume3\Windows\System32\bcrypt.dll [lacks WinVerifyTrust]
4570.3c2c: supR3HardenedMonitor_LdrLoadDll: returns rcNt=0x0 hMod=00007fffbecb0000 'C:\Windows\system32\bcrypt.dll'
4570.3c2c: bcrypt.dll loaded at 00007fffbecb0000, BCryptOpenAlgorithmProvider at 00007fffbecb9410, preloading providers:
4570.3c2c: supHardenedWinVerifyImageByHandle: -> 0 (\Device\HarddiskVolume3\Windows\System32\bcryptprimitives.dll)
4570.3c2c: supR3HardenedWinVerifyCacheInsert: \Device\HarddiskVolume3\Windows\System32\bcryptprimitives.dll
4570.3c2c: supR3HardenedMonitor_LdrLoadDll: pName=C:\Windows\system32\bcryptprimitives.dll (rcNtResolve=0xc0150008) *pfFlags=0x0 pwszSearchPath=0000000000000001:<flags> [calling]
4570.3c2c: supR3HardenedDllNotificationCallback: load   00007fffbf800000 LB 0x000a5000 C:\Windows\System32\bcryptprimitives.dll [fFlags=0x0]
4570.3c2c: supR3HardenedScreenImage/LdrLoadDll: cache hit (VINF_SUCCESS) on \Device\HarddiskVolume3\Windows\System32\bcryptprimitives.dll [lacks WinVerifyTrust]
4570.3c2c: supR3HardenedMonitor_LdrLoadDll: returns rcNt=0x0 hMod=00007fffbf800000 'C:\Windows\system32\bcryptprimitives.dll'
4570.3c2c:     BCryptOpenAlgorithmProvider(,'MD2',0,0) -> 0x0 (hAlgo=0000025ade10ded0)
4570.3c2c:     BCryptOpenAlgorithmProvider(,'MD4',0,0) -> 0x0 (hAlgo=0000025ade10e820)
4570.3c2c:     BCryptOpenAlgorithmProvider(,'MD5',0,0) -> 0x0 (hAlgo=0000025ade10eee0)
4570.3c2c:     BCryptOpenAlgorithmProvider(,'SHA1',0,0) -> 0x0 (hAlgo=0000025ade10f5a0)
4570.3c2c:     BCryptOpenAlgorithmProvider(,'SHA256',0,0) -> 0x0 (hAlgo=0000025ade10fc60)
4570.3c2c:     BCryptOpenAlgorithmProvider(,'SHA512',0,0) -> 0x0 (hAlgo=0000025ade110320)
4570.3c2c:     BCryptOpenAlgorithmProvider(,'RSA',0,0) -> 0x0 (hAlgo=0000025ade1109e0)
4570.3c2c:     BCryptOpenAlgorithmProvider(,'DSA',0,0) -> 0x0 (hAlgo=0000025ade1110a0)
4570.3c2c: supHardenedWinVerifyImageByHandle: -> 0 (\Device\HarddiskVolume3\Windows\System32\cryptsp.dll)
4570.3c2c: supR3HardenedWinVerifyCacheInsert: \Device\HarddiskVolume3\Windows\System32\cryptsp.dll
4570.3c2c: supR3HardenedDllNotificationCallback: load   00007fffbe3a0000 LB 0x0001b000 C:\Windows\SYSTEM32\CRYPTSP.dll [fFlags=0x0]
4570.3c2c: supR3HardenedScreenImage/LdrLoadDll: cache hit (VINF_SUCCESS) on \Device\HarddiskVolume3\Windows\System32\cryptsp.dll [lacks WinVerifyTrust]
4570.3c2c: supHardenedWinVerifyImageByHandle: -> 0 (\Device\HarddiskVolume3\Windows\System32\rsaenh.dll)
4570.3c2c: supR3HardenedWinVerifyCacheInsert: \Device\HarddiskVolume3\Windows\System32\rsaenh.dll
4570.3c2c: supR3HardenedMonitor_LdrLoadDll: pName=C:\Windows\system32\rsaenh.dll (rcNtResolve=0xc0150008) *pfFlags=0x0 pwszSearchPath=0000000000000001:<flags> [calling]
4570.3c2c: supR3HardenedScreenImage/NtCreateSection: cache hit (VINF_SUCCESS) on \Device\HarddiskVolume3\Windows\System32\rsaenh.dll [lacks WinVerifyTrust]
4570.3c2c: supR3HardenedDllNotificationCallback: load   00007fffbdab0000 LB 0x00039000 C:\Windows\system32\rsaenh.dll [fFlags=0x0]
4570.3c2c: supR3HardenedScreenImage/LdrLoadDll: cache hit (VINF_SUCCESS) on \Device\HarddiskVolume3\Windows\System32\rsaenh.dll [lacks WinVerifyTrust]
4570.3c2c: supR3HardenedMonitor_LdrLoadDll: returns rcNt=0x0 hMod=00007fffbdab0000 'C:\Windows\system32\rsaenh.dll'
4570.3c2c: supHardenedWinVerifyImageByHandle: -> 0 (\Device\HarddiskVolume3\Windows\System32\cryptbase.dll)
4570.3c2c: supR3HardenedWinVerifyCacheInsert: \Device\HarddiskVolume3\Windows\System32\cryptbase.dll
4570.3c2c: supR3HardenedDllNotificationCallback: load   00007fffbe3c0000 LB 0x0000c000 C:\Windows\SYSTEM32\CRYPTBASE.dll [fFlags=0x0]
4570.3c2c: supR3HardenedScreenImage/LdrLoadDll: cache hit (VINF_SUCCESS) on \Device\HarddiskVolume3\Windows\System32\cryptbase.dll [lacks WinVerifyTrust]
4570.3c2c: supR3HardenedScreenImage/LdrLoadDll: cache hit (VINF_SUCCESS) on \Device\HarddiskVolume3\Windows\System32\kernel32.dll [lacks WinVerifyTrust]
4570.3c2c: supR3HardenedMonitor_LdrLoadDll: pName=C:\Windows\System32\kernel32.dll (Input=kernel32.dll, rcNtResolve=0xc0150008) *pfFlags=0x0 pwszSearchPath=0000000000000001:<flags> [calling]
4570.3c2c: supR3HardenedMonitor_LdrLoadDll: returns rcNt=0x0 hMod=00007fffc0900000 'C:\Windows\System32\kernel32.dll'
4570.3c2c: supR3HardenedScreenImage/LdrLoadDll: cache hit (VINF_SUCCESS) on \Device\HarddiskVolume3\Windows\System32\wintrust.dll [lacks WinVerifyTrust]
4570.3c2c: supR3HardenedMonitor_LdrLoadDll: pName=C:\Windows\System32\WINTRUST.DLL (Input=WINTRUST.DLL, rcNtResolve=0xc0150008) *pfFlags=0x0 pwszSearchPath=0000000000000001:<flags> [calling]
4570.3c2c: supR3HardenedMonitor_LdrLoadDll: returns rcNt=0x0 hMod=00007fffbf2b0000 'C:\Windows\System32\WINTRUST.DLL'
4570.3c2c: supR3HardenedScreenImage/LdrLoadDll: cache hit (VINF_SUCCESS) on \Device\HarddiskVolume3\Windows\System32\crypt32.dll [lacks WinVerifyTrust]
4570.3c2c: supR3HardenedMonitor_LdrLoadDll: pName=C:\Windows\System32\CRYPT32.dll (rcNtResolve=0xc0150008) *pfFlags=0x2 pwszSearchPath=0000000000000001:<flags> [calling]
4570.3c2c: supR3HardenedMonitor_LdrLoadDll: returns rcNt=0x0 hMod=00007fffbf130000 'C:\Windows\System32\CRYPT32.dll'
4570.3c2c: supR3HardenedDllNotificationCallback: load   00007fffc0a50000 LB 0x00020000 C:\Windows\System32\imagehlp.dll [fFlags=0x0]
4570.3c2c: supHardenedWinVerifyImageByHandle: -> 0 (\Device\HarddiskVolume3\Windows\System32\imagehlp.dll)
4570.3c2c: supR3HardenedWinVerifyCacheInsert: \Device\HarddiskVolume3\Windows\System32\imagehlp.dll
4570.3c2c: supR3HardenedScreenImage/LdrLoadDll: cache hit (VINF_SUCCESS) on \Device\HarddiskVolume3\Windows\System32\rsaenh.dll [lacks WinVerifyTrust]
4570.3c2c: supR3HardenedMonitor_LdrLoadDll: pName=C:\Windows\system32\rsaenh.dll (rcNtResolve=0xc0150008) *pfFlags=0x0 pwszSearchPath=0000000000000001:<flags> [calling]
4570.3c2c: supR3HardenedMonitor_LdrLoadDll: returns rcNt=0x0 hMod=00007fffbdab0000 'C:\Windows\system32\rsaenh.dll'
4570.3c2c: supR3HardenedScreenImage/LdrLoadDll: cache hit (VINF_SUCCESS) on \Device\HarddiskVolume3\Windows\System32\crypt32.dll [lacks WinVerifyTrust]
4570.3c2c: supR3HardenedMonitor_LdrLoadDll: pName=C:\Windows\System32\crypt32.dll (Input=crypt32.dll, rcNtResolve=0xc0150008) *pfFlags=0x0 pwszSearchPath=0000000000000001:<flags> [calling]
4570.3c2c: supR3HardenedMonitor_LdrLoadDll: returns rcNt=0x0 hMod=00007fffbf130000 'C:\Windows\System32\crypt32.dll'
4570.3c2c: supR3HardenedWinVerifyCacheScheduleImports: Import todo: #0 'msvcp_win.dll'.
4570.3c2c: supR3HardenedWinVerifyCacheScheduleImports: Import todo: #19 'rpcrt4.dll'.
4570.3c2c: supHardenedWinVerifyImageByHandle: -> 0 (\Device\HarddiskVolume3\Windows\System32\gpapi.dll)
4570.3c2c: supR3HardenedWinVerifyCacheInsert: \Device\HarddiskVolume3\Windows\System32\gpapi.dll
4570.3c2c: supR3HardenedDllNotificationCallback: load   00007fffbef10000 LB 0x000a3000 C:\Windows\System32\msvcp_win.dll [fFlags=0x0]
4570.3c2c: supHardenedWinVerifyImageByHandle: -> 0 (\Device\HarddiskVolume3\Windows\System32\msvcp_win.dll)
4570.3c2c: supR3HardenedWinVerifyCacheInsert: \Device\HarddiskVolume3\Windows\System32\msvcp_win.dll
4570.3c2c: supR3HardenedDllNotificationCallback: load   00007fffc1470000 LB 0x000f7000 C:\Windows\System32\shcore.dll [fFlags=0x0]
4570.3c2c: supHardenedWinVerifyImageByHandle: -> 0 (\Device\HarddiskVolume3\Windows\System32\SHCore.dll)
4570.3c2c: supR3HardenedWinVerifyCacheInsert: \Device\HarddiskVolume3\Windows\System32\SHCore.dll
4570.3c2c: supR3HardenedDllNotificationCallback: load   00007fffbe130000 LB 0x00030000 C:\Windows\SYSTEM32\gpapi.dll [fFlags=0x0]
4570.3c2c: supR3HardenedScreenImage/LdrLoadDll: cache hit (VINF_SUCCESS) on \Device\HarddiskVolume3\Windows\System32\gpapi.dll [lacks WinVerifyTrust]
4570.3c2c: supR3HardenedScreenImage/LdrLoadDll: cache hit (VINF_SUCCESS) on \Device\HarddiskVolume3\Windows\System32\kernel32.dll [lacks WinVerifyTrust]
4570.3c2c: supR3HardenedWinVerifyCacheProcessImportTodos: Processing 'rpcrt4.dll'...
4570.3c2c: supR3HardenedWinVerifyCacheProcessImportTodos: 'rpcrt4.dll' -> '\Device\HarddiskVolume3\Windows\System32\rpcrt4.dll' [rcNtRedir=0xc0150008]
4570.3c2c: supR3HardenedScreenImage/Imports: cache hit (VINF_SUCCESS) on \Device\HarddiskVolume3\Windows\System32\rpcrt4.dll [lacks WinVerifyTrust]
4570.3c2c: supR3HardenedWinVerifyCacheProcessImportTodos: Processing 'msvcp_win.dll'...
4570.3c2c: supR3HardenedWinVerifyCacheProcessImportTodos: 'msvcp_win.dll' -> '\Device\HarddiskVolume3\Windows\System32\msvcp_win.dll' [rcNtRedir=0xc0150008]
4570.3c2c: supR3HardenedScreenImage/Imports: cache hit (VINF_SUCCESS) on \Device\HarddiskVolume3\Windows\System32\msvcp_win.dll [lacks WinVerifyTrust]
4570.3c2c: supR3HardenedMonitor_LdrLoadDll: pName=C:\Windows\System32\kernel32.dll (Input=kernel32, rcNtResolve=0xc0150008) *pfFlags=0x0 pwszSearchPath=0000000000000801:<flags> [calling]
4570.3c2c: supR3HardenedMonitor_LdrLoadDll: returns rcNt=0x0 hMod=00007fffc0900000 'C:\Windows\System32\kernel32.dll'
4570.3c2c: supR3HardenedIsApiSetDll: ApiSetQueryApiSetPresence(api-ms-win-core-string-l1-1-0) -> 0x0, fPresent=1
4570.3c2c: supR3HardenedMonitor_LdrLoadDll: pName=api-ms-win-core-string-l1-1-0 (rcNtResolve=0x0) *pfFlags=0x0 pwszSearchPath=0000000000000801:<flags> [calling]
4570.3c2c: supR3HardenedMonitor_LdrLoadDll: returns rcNt=0x0 hMod=00007fffbf400000 'api-ms-win-core-string-l1-1-0'
4570.3c2c: supR3HardenedIsApiSetDll: ApiSetQueryApiSetPresence(api-ms-win-core-localization-l1-2-1) -> 0x0, fPresent=1
4570.3c2c: supR3HardenedMonitor_LdrLoadDll: pName=api-ms-win-core-localization-l1-2-1 (rcNtResolve=0x0) *pfFlags=0x0 pwszSearchPath=0000000000000801:<flags> [calling]
4570.3c2c: supR3HardenedMonitor_LdrLoadDll: returns rcNt=0x0 hMod=00007fffbf400000 'api-ms-win-core-localization-l1-2-1'
4570.3c2c: supR3HardenedIsApiSetDll: ApiSetQueryApiSetPresence(api-ms-win-core-datetime-l1-1-1) -> 0x0, fPresent=1
4570.3c2c: supR3HardenedMonitor_LdrLoadDll: pName=api-ms-win-core-datetime-l1-1-1 (rcNtResolve=0x0) *pfFlags=0x0 pwszSearchPath=0000000000000801:<flags> [calling]
4570.3c2c: supR3HardenedMonitor_LdrLoadDll: returns rcNt=0x0 hMod=00007fffbf400000 'api-ms-win-core-datetime-l1-1-1'
4570.3c2c: supR3HardenedIsApiSetDll: ApiSetQueryApiSetPresence(api-ms-win-core-localization-obsolete-l1-2-0) -> 0x0, fPresent=1
4570.3c2c: supR3HardenedMonitor_LdrLoadDll: pName=api-ms-win-core-localization-obsolete-l1-2-0 (rcNtResolve=0x0) *pfFlags=0x0 pwszSearchPath=0000000000000801:<flags> [calling]
4570.3c2c: supR3HardenedMonitor_LdrLoadDll: returns rcNt=0x0 hMod=00007fffbf400000 'api-ms-win-core-localization-obsolete-l1-2-0'
4570.3c2c: supR3HardenedWinVerifyCacheScheduleImports: Import todo: #0 'msvcrt.dll'.
4570.3c2c: supR3HardenedWinVerifyCacheScheduleImports: Import todo: #8 'crypt32.dll'.
4570.3c2c: supHardenedWinVerifyImageByHandle: -> 0 (\Device\HarddiskVolume3\Windows\System32\cryptnet.dll)
4570.3c2c: supR3HardenedWinVerifyCacheInsert: \Device\HarddiskVolume3\Windows\System32\cryptnet.dll
4570.3c2c: supR3HardenedWinVerifyCacheProcessImportTodos: Processing 'crypt32.dll'...
4570.3c2c: supR3HardenedWinVerifyCacheProcessImportTodos: 'crypt32.dll' -> '\Device\HarddiskVolume3\Windows\System32\crypt32.dll' [rcNtRedir=0xc0150008]
4570.3c2c: supR3HardenedScreenImage/Imports: cache hit (VINF_SUCCESS) on \Device\HarddiskVolume3\Windows\System32\crypt32.dll [lacks WinVerifyTrust]
4570.3c2c: supR3HardenedWinVerifyCacheProcessImportTodos: Processing 'msvcrt.dll'...
4570.3c2c: supR3HardenedWinVerifyCacheProcessImportTodos: 'msvcrt.dll' -> '\Device\HarddiskVolume3\Windows\System32\msvcrt.dll' [rcNtRedir=0xc0150008]
4570.3c2c: supR3HardenedScreenImage/Imports: cache hit (VINF_SUCCESS) on \Device\HarddiskVolume3\Windows\System32\msvcrt.dll [lacks WinVerifyTrust]
4570.3c2c: supR3HardenedMonitor_LdrLoadDll: pName=C:\Windows\System32\cryptnet.dll (rcNtResolve=0xc0150008) *pfFlags=0x0 pwszSearchPath=0000000000000001:<flags> [calling]
4570.3c2c: supR3HardenedScreenImage/NtCreateSection: cache hit (VINF_SUCCESS) on \Device\HarddiskVolume3\Windows\System32\cryptnet.dll [lacks WinVerifyTrust]
4570.3c2c: supR3HardenedDllNotificationCallback: load   00007fffa47c0000 LB 0x0003b000 C:\Windows\System32\cryptnet.dll [fFlags=0x0]
4570.3c2c: supR3HardenedScreenImage/LdrLoadDll: cache hit (VINF_SUCCESS) on \Device\HarddiskVolume3\Windows\System32\cryptnet.dll [lacks WinVerifyTrust]
4570.3c2c: supR3HardenedScreenImage/LdrLoadDll: cache hit (VINF_SUCCESS) on \Device\HarddiskVolume3\Windows\System32\cryptnet.dll [lacks WinVerifyTrust]
4570.3c2c: supR3HardenedMonitor_LdrLoadDll: pName=C:\Windows\System32\cryptnet.dll (rcNtResolve=0xc0150008) *pfFlags=0x2 pwszSearchPath=0000000000000001:<flags> [calling]
4570.3c2c: supR3HardenedMonitor_LdrLoadDll: returns rcNt=0x0 hMod=00007fffa47c0000 'C:\Windows\System32\cryptnet.dll'
4570.3c2c: supR3HardenedScreenImage/LdrLoadDll: cache hit (VINF_SUCCESS) on \Device\HarddiskVolume3\Windows\System32\cryptnet.dll [lacks WinVerifyTrust]
4570.3c2c: supR3HardenedMonitor_LdrLoadDll: pName=C:\Windows\System32\cryptnet.dll (rcNtResolve=0xc0150008) *pfFlags=0x2 pwszSearchPath=0000000000000001:<flags> [calling]
4570.3c2c: supR3HardenedMonitor_LdrLoadDll: returns rcNt=0x0 hMod=00007fffa47c0000 'C:\Windows\System32\cryptnet.dll'
4570.3c2c: supR3HardenedScreenImage/LdrLoadDll: cache hit (VINF_SUCCESS) on \Device\HarddiskVolume3\Windows\System32\cryptnet.dll [lacks WinVerifyTrust]
4570.3c2c: supR3HardenedMonitor_LdrLoadDll: pName=C:\Windows\System32\cryptnet.dll (rcNtResolve=0xc0150008) *pfFlags=0x2 pwszSearchPath=0000000000000001:<flags> [calling]
4570.3c2c: supR3HardenedMonitor_LdrLoadDll: returns rcNt=0x0 hMod=00007fffa47c0000 'C:\Windows\System32\cryptnet.dll'
4570.3c2c: supR3HardenedScreenImage/LdrLoadDll: cache hit (VINF_SUCCESS) on \Device\HarddiskVolume3\Windows\System32\cryptnet.dll [lacks WinVerifyTrust]
4570.3c2c: supR3HardenedMonitor_LdrLoadDll: pName=C:\Windows\System32\cryptnet.dll (rcNtResolve=0xc0150008) *pfFlags=0x2 pwszSearchPath=0000000000000001:<flags> [calling]
4570.3c2c: supR3HardenedMonitor_LdrLoadDll: returns rcNt=0x0 hMod=00007fffa47c0000 'C:\Windows\System32\cryptnet.dll'
4570.3c2c: supR3HardenedScreenImage/LdrLoadDll: cache hit (VINF_SUCCESS) on \Device\HarddiskVolume3\Windows\System32\cryptnet.dll [lacks WinVerifyTrust]
4570.3c2c: supR3HardenedMonitor_LdrLoadDll: pName=C:\Windows\System32\cryptnet.dll (rcNtResolve=0xc0150008) *pfFlags=0x2 pwszSearchPath=0000000000000001:<flags> [calling]
4570.3c2c: supR3HardenedMonitor_LdrLoadDll: returns rcNt=0x0 hMod=00007fffa47c0000 'C:\Windows\System32\cryptnet.dll'
4570.3c2c: supR3HardenedScreenImage/LdrLoadDll: cache hit (VINF_SUCCESS) on \Device\HarddiskVolume3\Windows\System32\cryptnet.dll [lacks WinVerifyTrust]
4570.3c2c: supR3HardenedMonitor_LdrLoadDll: pName=C:\Windows\System32\cryptnet.dll (rcNtResolve=0xc0150008) *pfFlags=0x2 pwszSearchPath=0000000000000001:<flags> [calling]
4570.3c2c: supR3HardenedMonitor_LdrLoadDll: returns rcNt=0x0 hMod=00007fffa47c0000 'C:\Windows\System32\cryptnet.dll'
4570.3c2c: supR3HardenedScreenImage/LdrLoadDll: cache hit (VINF_SUCCESS) on \Device\HarddiskVolume3\Windows\System32\cryptnet.dll [lacks WinVerifyTrust]
4570.3c2c: supR3HardenedMonitor_LdrLoadDll: returns rcNt=0x0 hMod=00007fffa47c0000 'C:\Windows\System32\cryptnet.dll'
4570.3c2c: supR3HardenedScreenImage/LdrLoadDll: cache hit (VINF_SUCCESS) on \Device\HarddiskVolume3\Windows\System32\cryptnet.dll [lacks WinVerifyTrust]
4570.3c2c: supR3HardenedMonitor_LdrLoadDll: returns rcNt=0x0 hMod=00007fffa47c0000 'C:\Windows\System32\cryptnet.dll'
4570.3c2c: supR3HardenedScreenImage/LdrLoadDll: cache hit (VINF_SUCCESS) on \Device\HarddiskVolume3\Windows\System32\cryptnet.dll [lacks WinVerifyTrust]
4570.3c2c: supR3HardenedMonitor_LdrLoadDll: returns rcNt=0x0 hMod=00007fffa47c0000 'C:\Windows\System32\cryptnet.dll'
4570.3c2c: supR3HardenedScreenImage/LdrLoadDll: cache hit (VINF_SUCCESS) on \Device\HarddiskVolume3\Windows\System32\cryptnet.dll [lacks WinVerifyTrust]
4570.3c2c: supR3HardenedMonitor_LdrLoadDll: returns rcNt=0x0 hMod=00007fffa47c0000 'C:\Windows\System32\cryptnet.dll'
4570.3c2c: supR3HardenedScreenImage/LdrLoadDll: cache hit (VINF_SUCCESS) on \Device\HarddiskVolume3\Windows\System32\cryptnet.dll [lacks WinVerifyTrust]
4570.3c2c: supR3HardenedMonitor_LdrLoadDll: returns rcNt=0x0 hMod=00007fffa47c0000 'C:\Windows\System32\cryptnet.dll'
4570.3c2c: supR3HardenedMonitor_LdrLoadDll: returns rcNt=0x0 hMod=00007fffa47c0000 'C:\Windows\System32\cryptnet.dll'
4570.3c2c: supHardenedWinVerifyImageByHandle: -> 0 (\Device\HarddiskVolume3\Windows\System32\profapi.dll)
4570.3c2c: supR3HardenedWinVerifyCacheInsert: \Device\HarddiskVolume3\Windows\System32\profapi.dll
4570.3c2c: supR3HardenedDllNotificationCallback: load   00007fffbece0000 LB 0x00029000 C:\Windows\SYSTEM32\profapi.dll [fFlags=0x0]
4570.3c2c: supR3HardenedScreenImage/LdrLoadDll: cache hit (VINF_SUCCESS) on \Device\HarddiskVolume3\Windows\System32\profapi.dll [lacks WinVerifyTrust]
4570.3c2c: supR3HardenedDllNotificationCallback: load   00007fffc1f50000 LB 0x000bb000 C:\Windows\System32\advapi32.dll [fFlags=0x0]
4570.3c2c: supR3HardenedWinVerifyCacheScheduleImports: Import todo: #0 'msvcrt.dll'.
4570.3c2c: supR3HardenedWinVerifyCacheScheduleImports: Import todo: #6 'sechost.dll'.
4570.3c2c: supR3HardenedWinVerifyCacheScheduleImports: Import todo: #28 'rpcrt4.dll'.
4570.3c2c: supHardenedWinVerifyImageByHandle: -> 0 (\Device\HarddiskVolume3\Windows\System32\advapi32.dll)
4570.3c2c: supR3HardenedWinVerifyCacheInsert: \Device\HarddiskVolume3\Windows\System32\advapi32.dll
4570.3c2c: supR3HardenedScreenImage/LdrLoadDll: cache hit (VINF_SUCCESS) on \Device\HarddiskVolume3\Windows\System32\rpcrt4.dll [lacks WinVerifyTrust]
4570.3c2c: supR3HardenedWinVerifyCacheProcessImportTodos: Processing 'rpcrt4.dll'...
4570.3c2c: supR3HardenedWinVerifyCacheProcessImportTodos: 'rpcrt4.dll' -> '\Device\HarddiskVolume3\Windows\System32\rpcrt4.dll' [rcNtRedir=0xc0150008]
4570.3c2c: supR3HardenedScreenImage/Imports: cache hit (VINF_SUCCESS) on \Device\HarddiskVolume3\Windows\System32\rpcrt4.dll [lacks WinVerifyTrust]
4570.3c2c: supR3HardenedWinVerifyCacheProcessImportTodos: Processing 'sechost.dll'...
4570.3c2c: supR3HardenedWinVerifyCacheProcessImportTodos: 'sechost.dll' -> '\Device\HarddiskVolume3\Windows\System32\sechost.dll' [rcNtRedir=0xc0150008]
4570.3c2c: supR3HardenedScreenImage/Imports: cache hit (VINF_SUCCESS) on \Device\HarddiskVolume3\Windows\System32\sechost.dll [lacks WinVerifyTrust]
4570.3c2c: supR3HardenedWinVerifyCacheProcessImportTodos: Processing 'msvcrt.dll'...
4570.3c2c: supR3HardenedWinVerifyCacheProcessImportTodos: 'msvcrt.dll' -> '\Device\HarddiskVolume3\Windows\System32\msvcrt.dll' [rcNtRedir=0xc0150008]
4570.3c2c: supR3HardenedScreenImage/Imports: cache hit (VINF_SUCCESS) on \Device\HarddiskVolume3\Windows\System32\msvcrt.dll [lacks WinVerifyTrust]
4570.3c2c: supR3HardenedMonitor_LdrLoadDll: pName=C:\Windows\System32\rpcrt4.dll (Input=rpcrt4.dll, rcNtResolve=0xc0150008) *pfFlags=0x0 pwszSearchPath=0000000000000001:<flags> [calling]
4570.3c2c: supR3HardenedMonitor_LdrLoadDll: returns rcNt=0x0 hMod=00007fffc11b0000 'C:\Windows\System32\rpcrt4.dll'
4570.3c2c: supR3HardenedScreenImage/LdrLoadDll: cache hit (VINF_SUCCESS) on \Device\HarddiskVolume3\Windows\System32\rsaenh.dll [lacks WinVerifyTrust]
4570.3c2c: supR3HardenedMonitor_LdrLoadDll: pName=C:\Windows\system32\rsaenh.dll (rcNtResolve=0xc0150008) *pfFlags=0x0 pwszSearchPath=0000000000000001:<flags> [calling]
4570.3c2c: supR3HardenedMonitor_LdrLoadDll: returns rcNt=0x0 hMod=00007fffbdab0000 'C:\Windows\system32\rsaenh.dll'
4570.3c2c: supR3HardenedScreenImage/LdrLoadDll: cache hit (VINF_SUCCESS) on \Device\HarddiskVolume3\Windows\System32\crypt32.dll [lacks WinVerifyTrust]
4570.3c2c: supR3HardenedMonitor_LdrLoadDll: pName=C:\Windows\System32\crypt32.dll (Input=crypt32.dll, rcNtResolve=0xc0150008) *pfFlags=0x0 pwszSearchPath=0000000000000001:<flags> [calling]
4570.3c2c: supR3HardenedMonitor_LdrLoadDll: returns rcNt=0x0 hMod=00007fffbf130000 'C:\Windows\System32\crypt32.dll'
4570.3c2c: supR3HardNtViCallWinVerifyTrustCatFile: hFile=0000000000000000 pwszName=\SystemRoot\System32\ntdll.dll
4570.3c2c: supR3HardNtViCallWinVerifyTrustCatFile: New context 0000025ade19b7a0
4570.3c2c: supR3HardNtViCallWinVerifyTrustCatFile: hCatAdmin=0000025ade19b7a0
4570.3c2c: supR3HardNtViCallWinVerifyTrustCatFile: cbHash=20 wszDigest=E37EA0ECC18D24E330D464F45E56EC66E30DF92B
4570.3c2c: supR3HardenedScreenImage/LdrLoadDll: cache hit (VINF_SUCCESS) on \Device\HarddiskVolume3\Windows\System32\rsaenh.dll [lacks WinVerifyTrust]
4570.3c2c: supR3HardenedMonitor_LdrLoadDll: pName=C:\Windows\system32\rsaenh.dll (rcNtResolve=0xc0150008) *pfFlags=0x0 pwszSearchPath=0000000000000001:<flags> [calling]
4570.3c2c: supR3HardenedMonitor_LdrLoadDll: returns rcNt=0x0 hMod=00007fffbdab0000 'C:\Windows\system32\rsaenh.dll'
4570.3c2c: supR3HardenedScreenImage/LdrLoadDll: cache hit (VINF_SUCCESS) on \Device\HarddiskVolume3\Windows\System32\crypt32.dll [lacks WinVerifyTrust]
4570.3c2c: supR3HardenedMonitor_LdrLoadDll: pName=C:\Windows\System32\crypt32.dll (Input=crypt32.dll, rcNtResolve=0xc0150008) *pfFlags=0x0 pwszSearchPath=0000000000000001:<flags> [calling]
4570.3c2c: supR3HardenedMonitor_LdrLoadDll: returns rcNt=0x0 hMod=00007fffbf130000 'C:\Windows\System32\crypt32.dll'
4570.3c2c: supR3HardNtViCallWinVerifyTrustCatFile: WinVerifyTrust => 0x0; cat='C:\Windows\system32\CatRoot\{F750E6C3-38EE-11D1-85E5-00C04FC295EE}\Microsoft-Windows-Kernel-Package-Ntdll-Package~31bf3856ad364e35~amd64~~10.0.26100.7920.cat'; file='\SystemRoot\System32\ntdll.dll'
4570.3c2c: g_pfnWinVerifyTrust=00007fffbf2bb3e0
4570.3c2c: supR3HardenedScreenImage/preload: cache hit (VINF_SUCCESS) on \Device\HarddiskVolume3\Windows\System32\crypt32.dll [redoing WinVerifyTrust]
4570.3c2c: supR3HardenedScreenImage/LdrLoadDll: cache hit (VINF_SUCCESS) on \Device\HarddiskVolume3\Windows\System32\rsaenh.dll [lacks WinVerifyTrust]
4570.3c2c: supR3HardenedMonitor_LdrLoadDll: pName=C:\Windows\system32\rsaenh.dll (rcNtResolve=0xc0150008) *pfFlags=0x0 pwszSearchPath=0000000000000001:<flags> [calling]
4570.3c2c: supR3HardenedMonitor_LdrLoadDll: returns rcNt=0x0 hMod=00007fffbdab0000 'C:\Windows\system32\rsaenh.dll'
4570.3c2c: supR3HardenedScreenImage/LdrLoadDll: cache hit (VINF_SUCCESS) on \Device\HarddiskVolume3\Windows\System32\crypt32.dll [lacks WinVerifyTrust]
4570.3c2c: supR3HardenedMonitor_LdrLoadDll: pName=C:\Windows\System32\crypt32.dll (Input=crypt32.dll, rcNtResolve=0xc0150008) *pfFlags=0x0 pwszSearchPath=0000000000000001:<flags> [calling]
4570.3c2c: supR3HardenedMonitor_LdrLoadDll: returns rcNt=0x0 hMod=00007fffbf130000 'C:\Windows\System32\crypt32.dll'
4570.3c2c: supR3HardenedScreenImage/preload: 0 (was 0) fWinVerifyTrust=1 for '\Device\HarddiskVolume3\Windows\System32\crypt32.dll'
4570.3c2c: supR3HardenedScreenImage/preload: cache hit (VINF_SUCCESS) on \Device\HarddiskVolume3\Windows\System32\wintrust.dll [redoing WinVerifyTrust]
4570.3c2c: supR3HardenedScreenImage/LdrLoadDll: cache hit (VINF_SUCCESS) on \Device\HarddiskVolume3\Windows\System32\rsaenh.dll [lacks WinVerifyTrust]
4570.3c2c: supR3HardenedMonitor_LdrLoadDll: pName=C:\Windows\system32\rsaenh.dll (rcNtResolve=0xc0150008) *pfFlags=0x0 pwszSearchPath=0000000000000001:<flags> [calling]
4570.3c2c: supR3HardenedMonitor_LdrLoadDll: returns rcNt=0x0 hMod=00007fffbdab0000 'C:\Windows\system32\rsaenh.dll'
4570.3c2c: supR3HardenedScreenImage/LdrLoadDll: cache hit (VINF_SUCCESS) on \Device\HarddiskVolume3\Windows\System32\crypt32.dll
4570.3c2c: supR3HardenedMonitor_LdrLoadDll: pName=C:\Windows\System32\crypt32.dll (Input=crypt32.dll, rcNtResolve=0xc0150008) *pfFlags=0x0 pwszSearchPath=0000000000000001:<flags> [calling]
4570.3c2c: supR3HardenedMonitor_LdrLoadDll: returns rcNt=0x0 hMod=00007fffbf130000 'C:\Windows\System32\crypt32.dll'
4570.3c2c: supR3HardenedScreenImage/preload: 0 (was 0) fWinVerifyTrust=1 for '\Device\HarddiskVolume3\Windows\System32\wintrust.dll'
4570.3c2c: supR3HardenedScreenImage/LdrLoadDll: cache hit (VINF_SUCCESS) on \Device\HarddiskVolume3\Windows\System32\rsaenh.dll [lacks WinVerifyTrust]
4570.3c2c: supR3HardenedMonitor_LdrLoadDll: pName=C:\Windows\system32\rsaenh.dll (rcNtResolve=0xc0150008) *pfFlags=0x0 pwszSearchPath=0000000000000001:<flags> [calling]
4570.3c2c: supR3HardenedMonitor_LdrLoadDll: returns rcNt=0x0 hMod=00007fffbdab0000 'C:\Windows\system32\rsaenh.dll'
4570.3c2c: supR3HardenedMonitor_LdrLoadDll: returns rcNt=0x0 hMod=00007fffbf130000 'C:\Windows\System32\crypt32.dll'
4570.3c2c: supR3HardenedWinVerifyCacheProcessWvtTodos: 0 (was 0) fWinVerifyTrust=1 for '\Device\HarddiskVolume3\Windows\System32\advapi32.dll'
4570.3c2c: supR3HardenedScreenImage/LdrLoadDll: cache hit (VINF_SUCCESS) on \Device\HarddiskVolume3\Windows\System32\rsaenh.dll [lacks WinVerifyTrust]
4570.3c2c: supR3HardenedMonitor_LdrLoadDll: returns rcNt=0x0 hMod=00007fffbdab0000 'C:\Windows\system32\rsaenh.dll'
4570.3c2c: supR3HardenedMonitor_LdrLoadDll: returns rcNt=0x0 hMod=00007fffbf130000 'C:\Windows\System32\crypt32.dll'
4570.3c2c: supR3HardenedWinVerifyCacheProcessWvtTodos: 0 (was 0) fWinVerifyTrust=1 for '\Device\HarddiskVolume3\Windows\System32\profapi.dll'
4570.3c2c: supR3HardenedScreenImage/LdrLoadDll: cache hit (VINF_SUCCESS) on \Device\HarddiskVolume3\Windows\System32\rsaenh.dll [lacks WinVerifyTrust]
4570.3c2c: supR3HardenedMonitor_LdrLoadDll: returns rcNt=0x0 hMod=00007fffbdab0000 'C:\Windows\system32\rsaenh.dll'
4570.3c2c: supR3HardenedMonitor_LdrLoadDll: returns rcNt=0x0 hMod=00007fffbf130000 'C:\Windows\System32\crypt32.dll'
4570.3c2c: supR3HardenedWinVerifyCacheProcessWvtTodos: 0 (was 0) fWinVerifyTrust=1 for '\Device\HarddiskVolume3\Windows\System32\cryptnet.dll'
4570.3c2c: supR3HardenedScreenImage/LdrLoadDll: cache hit (VINF_SUCCESS) on \Device\HarddiskVolume3\Windows\System32\rsaenh.dll [lacks WinVerifyTrust]
4570.3c2c: supR3HardenedMonitor_LdrLoadDll: returns rcNt=0x0 hMod=00007fffbdab0000 'C:\Windows\system32\rsaenh.dll'
4570.3c2c: supR3HardenedMonitor_LdrLoadDll: returns rcNt=0x0 hMod=00007fffbf130000 'C:\Windows\System32\crypt32.dll'
4570.3c2c: supR3HardenedWinVerifyCacheProcessWvtTodos: 0 (was 0) fWinVerifyTrust=1 for '\Device\HarddiskVolume3\Windows\System32\SHCore.dll'
4570.3c2c: supR3HardenedScreenImage/LdrLoadDll: cache hit (VINF_SUCCESS) on \Device\HarddiskVolume3\Windows\System32\rsaenh.dll [lacks WinVerifyTrust]
4570.3c2c: supR3HardenedMonitor_LdrLoadDll: returns rcNt=0x0 hMod=00007fffbdab0000 'C:\Windows\system32\rsaenh.dll'
4570.3c2c: supR3HardenedMonitor_LdrLoadDll: returns rcNt=0x0 hMod=00007fffbf130000 'C:\Windows\System32\crypt32.dll'
4570.3c2c: supR3HardenedWinVerifyCacheProcessWvtTodos: 0 (was 0) fWinVerifyTrust=1 for '\Device\HarddiskVolume3\Windows\System32\msvcp_win.dll'
4570.3c2c: supR3HardenedScreenImage/LdrLoadDll: cache hit (VINF_SUCCESS) on \Device\HarddiskVolume3\Windows\System32\rsaenh.dll [lacks WinVerifyTrust]
4570.3c2c: supR3HardenedMonitor_LdrLoadDll: returns rcNt=0x0 hMod=00007fffbdab0000 'C:\Windows\system32\rsaenh.dll'
4570.3c2c: supR3HardenedMonitor_LdrLoadDll: returns rcNt=0x0 hMod=00007fffbf130000 'C:\Windows\System32\crypt32.dll'
4570.3c2c: supR3HardenedWinVerifyCacheProcessWvtTodos: 0 (was 0) fWinVerifyTrust=1 for '\Device\HarddiskVolume3\Windows\System32\gpapi.dll'
4570.3c2c: supR3HardenedScreenImage/LdrLoadDll: cache hit (VINF_SUCCESS) on \Device\HarddiskVolume3\Windows\System32\rsaenh.dll [lacks WinVerifyTrust]
4570.3c2c: supR3HardenedMonitor_LdrLoadDll: returns rcNt=0x0 hMod=00007fffbdab0000 'C:\Windows\system32\rsaenh.dll'
4570.3c2c: supR3HardenedMonitor_LdrLoadDll: returns rcNt=0x0 hMod=00007fffbf130000 'C:\Windows\System32\crypt32.dll'
4570.3c2c: supR3HardenedWinVerifyCacheProcessWvtTodos: 0 (was 0) fWinVerifyTrust=1 for '\Device\HarddiskVolume3\Windows\System32\imagehlp.dll'
4570.3c2c: supR3HardenedScreenImage/LdrLoadDll: cache hit (VINF_SUCCESS) on \Device\HarddiskVolume3\Windows\System32\rsaenh.dll [lacks WinVerifyTrust]
4570.3c2c: supR3HardenedMonitor_LdrLoadDll: returns rcNt=0x0 hMod=00007fffbdab0000 'C:\Windows\system32\rsaenh.dll'
4570.3c2c: supR3HardenedScreenImage/LdrLoadDll: cache hit (VINF_SUCCESS) on \Device\HarddiskVolume3\Windows\System32\crypt32.dll
4570.3c2c: supR3HardenedMonitor_LdrLoadDll: pName=C:\Windows\System32\crypt32.dll (Input=crypt32.dll, rcNtResolve=0xc0150008) *pfFlags=0x0 pwszSearchPath=0000000000000001:<flags> [calling]
4570.3c2c: supR3HardenedMonitor_LdrLoadDll: returns rcNt=0x0 hMod=00007fffbf130000 'C:\Windows\System32\crypt32.dll'
4570.3c2c: supR3HardenedWinVerifyCacheProcessWvtTodos: 0 (was 0) fWinVerifyTrust=1 for '\Device\HarddiskVolume3\Windows\System32\cryptbase.dll'
4570.3c2c: supR3HardenedScreenImage/LdrLoadDll: cache hit (VINF_SUCCESS) on \Device\HarddiskVolume3\Windows\System32\rsaenh.dll [lacks WinVerifyTrust]
4570.3c2c: supR3HardenedMonitor_LdrLoadDll: pName=C:\Windows\system32\rsaenh.dll (rcNtResolve=0xc0150008) *pfFlags=0x0 pwszSearchPath=0000000000000001:<flags> [calling]
4570.3c2c: supR3HardenedMonitor_LdrLoadDll: returns rcNt=0x0 hMod=00007fffbdab0000 'C:\Windows\system32\rsaenh.dll'
4570.3c2c: supR3HardenedMonitor_LdrLoadDll: returns rcNt=0x0 hMod=00007fffbf130000 'C:\Windows\System32\crypt32.dll'
4570.3c2c: supR3HardenedWinVerifyCacheProcessWvtTodos: 0 (was 0) fWinVerifyTrust=1 for '\Device\HarddiskVolume3\Windows\System32\rsaenh.dll'
4570.3c2c: supR3HardenedMonitor_LdrLoadDll: returns rcNt=0x0 hMod=00007fffbdab0000 'C:\Windows\system32\rsaenh.dll'
4570.3c2c: supR3HardenedMonitor_LdrLoadDll: returns rcNt=0x0 hMod=00007fffbf130000 'C:\Windows\System32\crypt32.dll'
4570.3c2c: supR3HardenedWinVerifyCacheProcessWvtTodos: 0 (was 0) fWinVerifyTrust=1 for '\Device\HarddiskVolume3\Windows\System32\cryptsp.dll'
4570.3c2c: supR3HardenedMonitor_LdrLoadDll: returns rcNt=0x0 hMod=00007fffbdab0000 'C:\Windows\system32\rsaenh.dll'
4570.3c2c: supR3HardenedMonitor_LdrLoadDll: returns rcNt=0x0 hMod=00007fffbf130000 'C:\Windows\System32\crypt32.dll'
4570.3c2c: supR3HardenedWinVerifyCacheProcessWvtTodos: 0 (was 0) fWinVerifyTrust=1 for '\Device\HarddiskVolume3\Windows\System32\bcryptprimitives.dll'
4570.3c2c: supR3HardenedMonitor_LdrLoadDll: returns rcNt=0x0 hMod=00007fffbdab0000 'C:\Windows\system32\rsaenh.dll'
4570.3c2c: supR3HardenedMonitor_LdrLoadDll: returns rcNt=0x0 hMod=00007fffbf130000 'C:\Windows\System32\crypt32.dll'
4570.3c2c: supR3HardenedWinVerifyCacheProcessWvtTodos: 0 (was 0) fWinVerifyTrust=1 for '\Device\HarddiskVolume3\Windows\System32\sechost.dll'
4570.3c2c: supR3HardenedMonitor_LdrLoadDll: returns rcNt=0x0 hMod=00007fffbdab0000 'C:\Windows\system32\rsaenh.dll'
4570.3c2c: supR3HardenedMonitor_LdrLoadDll: returns rcNt=0x0 hMod=00007fffbf130000 'C:\Windows\System32\crypt32.dll'
4570.3c2c: supR3HardenedWinVerifyCacheProcessWvtTodos: 0 (was 0) fWinVerifyTrust=1 for '\Device\HarddiskVolume3\Windows\System32\bcrypt.dll'
4570.3c2c: supR3HardenedMonitor_LdrLoadDll: returns rcNt=0x0 hMod=00007fffbdab0000 'C:\Windows\system32\rsaenh.dll'
4570.3c2c: supR3HardenedMonitor_LdrLoadDll: returns rcNt=0x0 hMod=00007fffbf130000 'C:\Windows\System32\crypt32.dll'
4570.3c2c: supR3HardenedWinVerifyCacheProcessWvtTodos: 0 (was 0) fWinVerifyTrust=1 for '\Device\HarddiskVolume3\Windows\System32\msasn1.dll'
4570.3c2c: supR3HardenedMonitor_LdrLoadDll: returns rcNt=0x0 hMod=00007fffbdab0000 'C:\Windows\system32\rsaenh.dll'
4570.3c2c: supR3HardenedMonitor_LdrLoadDll: returns rcNt=0x0 hMod=00007fffbf130000 'C:\Windows\System32\crypt32.dll'
4570.3c2c: supR3HardenedWinVerifyCacheProcessWvtTodos: 0 (was 0) fWinVerifyTrust=1 for '\Device\HarddiskVolume3\Windows\System32\ucrtbase.dll'
4570.3c2c: supR3HardenedMonitor_LdrLoadDll: returns rcNt=0x0 hMod=00007fffbdab0000 'C:\Windows\system32\rsaenh.dll'
4570.3c2c: supR3HardenedMonitor_LdrLoadDll: returns rcNt=0x0 hMod=00007fffbf130000 'C:\Windows\System32\crypt32.dll'
4570.3c2c: supR3HardenedWinVerifyCacheProcessWvtTodos: 0 (was 0) fWinVerifyTrust=1 for '\Device\HarddiskVolume3\Windows\System32\msvcrt.dll'
4570.3c2c: supR3HardenedMonitor_LdrLoadDll: returns rcNt=0x0 hMod=00007fffbdab0000 'C:\Windows\system32\rsaenh.dll'
4570.3c2c: supR3HardenedMonitor_LdrLoadDll: returns rcNt=0x0 hMod=00007fffbf130000 'C:\Windows\System32\crypt32.dll'
4570.3c2c: supR3HardenedWinVerifyCacheProcessWvtTodos: 0 (was 0) fWinVerifyTrust=1 for '\Device\HarddiskVolume3\Windows\System32\rpcrt4.dll'
4570.3c2c: supR3HardenedMonitor_LdrLoadDll: returns rcNt=0x0 hMod=00007fffbdab0000 'C:\Windows\system32\rsaenh.dll'
4570.3c2c: supR3HardenedMonitor_LdrLoadDll: returns rcNt=0x0 hMod=00007fffbf130000 'C:\Windows\System32\crypt32.dll'
4570.3c2c: supR3HardenedWinVerifyCacheProcessWvtTodos: 0 (was 0) fWinVerifyTrust=1 for '\Device\HarddiskVolume4\VBox\VBoxSupLib.dll'
4570.3c2c: supR3HardenedMonitor_LdrLoadDll: returns rcNt=0x0 hMod=00007fffbdab0000 'C:\Windows\system32\rsaenh.dll'
4570.3c2c: supR3HardenedMonitor_LdrLoadDll: returns rcNt=0x0 hMod=00007fffbf130000 'C:\Windows\System32\crypt32.dll'
4570.3c2c: supR3HardenedWinVerifyCacheProcessWvtTodos: 0 (was 0) fWinVerifyTrust=1 for '\Device\HarddiskVolume4\VBox\VirtualBoxVM.exe'
4570.3c2c: supR3HardenedMonitor_LdrLoadDll: returns rcNt=0x0 hMod=00007fffbdab0000 'C:\Windows\system32\rsaenh.dll'
4570.3c2c: supR3HardenedMonitor_LdrLoadDll: returns rcNt=0x0 hMod=00007fffbf130000 'C:\Windows\System32\crypt32.dll'
4570.3c2c: supR3HardenedWinVerifyCacheProcessWvtTodos: 0 (was 0) fWinVerifyTrust=1 for '\Device\HarddiskVolume3\Windows\System32\KernelBase.dll'
4570.3c2c: supR3HardenedMonitor_LdrLoadDll: returns rcNt=0x0 hMod=00007fffbdab0000 'C:\Windows\system32\rsaenh.dll'
4570.3c2c: supR3HardenedMonitor_LdrLoadDll: returns rcNt=0x0 hMod=00007fffbf130000 'C:\Windows\System32\crypt32.dll'
4570.3c2c: supR3HardenedWinVerifyCacheProcessWvtTodos: 0 (was 0) fWinVerifyTrust=1 for '\Device\HarddiskVolume3\Windows\System32\kernel32.dll'
4570.3c2c: supR3HardenedMonitor_LdrLoadDll: returns rcNt=0x0 hMod=00007fffbf130000 'C:\Windows\system32\crypt32.dll'
4570.3c2c: supR3HardenedWinIsDesiredRootCA: Adding 0xbbde687390e6bf00 C=US, O=DigiCert Inc, OU=www.digicert.com, CN=DigiCert Trusted Root G4
4570.3c2c: supR3HardenedWinIsDesiredRootCA: skipping - not-self-signed: JdxIncC=US, JdxIncST=Delaware, BC=Private Organization, SRN=2262497, C=US, ST=California, L=Redwood City, O=Electronic Arts, Inc., OU=EA SPEAR AntiCheat Engineering, CN=Electronic Arts, Inc.
4570.3c2c: supR3HardenedWinIsDesiredRootCA: Adding 0x5ad46780fa5df300 DC=com, DC=microsoft, CN=Microsoft Root Certificate Authority
4570.3c2c: supR3HardenedWinIsDesiredRootCA: Adding 0xea5386456178582b C=ZA, ST=Western Cape, L=Durbanville, O=Thawte, OU=Thawte Certification, CN=Thawte Timestamping CA
4570.3c2c: supR3HardenedWinIsDesiredRootCA: Adding 0x3be670c1bd02a900 OU=Copyright (c) 1997 Microsoft Corp., OU=Microsoft Corporation, CN=Microsoft Root Authority
4570.3c2c: supR3HardenedWinIsDesiredRootCA: Adding 0xe991ee72b03db500 C=US, O=Symantec Corporation, CN=Symantec Enterprise Mobile Root for Microsoft
4570.3c2c: supR3HardenedWinIsDesiredRootCA: Adding 0x4d3835aa4180b200 C=US, ST=Washington, L=Redmond, O=Microsoft Corporation, CN=Microsoft Root Certificate Authority 2011
4570.3c2c: supR3HardenedWinIsDesiredRootCA: Adding 0x646e3fe3ba08df00 C=US, O=MSFT, CN=Microsoft Authenticode(tm) Root Authority
4570.3c2c: supR3HardenedWinIsDesiredRootCA: Adding 0xd4fbe673e5ccc600 C=US, O=DigiCert Inc, OU=www.digicert.com, CN=DigiCert High Assurance EV Root CA
4570.3c2c: supR3HardenedWinIsDesiredRootCA: Adding 0xece4e4289e08b900 C=US, ST=Washington, L=Redmond, O=Microsoft Corporation, CN=Microsoft Root Certificate Authority 2010
4570.3c2c: supR3HardenedWinIsDesiredRootCA: Adding 0xf3bb4d7e894b420 C=US, ST=Washington, L=Redmond, O=Microsoft Corporation, CN=Microsoft ECC TS Root Certificate Authority 2018
4570.3c2c: supR3HardenedWinIsDesiredRootCA: Adding 0x43a9cc371ff5385a O=Microsoft Trust Network, OU=Microsoft Corporation, OU=Microsoft Time Stamping Service Root, OU=Copyright (c) 1997 Microsoft Corp.
4570.3c2c: supR3HardenedWinIsDesiredRootCA: Adding 0x2e2d2c7c68f0202e O=VeriSign Trust Network, OU=VeriSign, Inc., OU=VeriSign Time Stamping Service Root, OU=NO LIABILITY ACCEPTED, (c)97 VeriSign, Inc.
4570.3c2c: supR3HardenedWinIsDesiredRootCA: skipping - not-self-signed: JdxIncC=US, JdxIncST=Delaware, BC=Private Organization, SRN=2262497, C=US, ST=CALIFORNIA, L=Redwood City, O=Electronic Arts, Inc., OU=EA SPEAR AntiCheat Engineering, CN=Electronic Arts, Inc.
4570.3c2c: supR3HardenedWinIsDesiredRootCA: Adding 0xcec3d46562b9be8e C=US, ST=Washington, L=Redmond, O=Microsoft Corporation, CN=Microsoft ECC Product Root Certificate Authority 2018
4570.3c2c: supR3HardenedWinIsDesiredRootCA: Adding 0x8043e4ce150ead00 C=US, O=DigiCert Inc, OU=www.digicert.com, CN=DigiCert Assured ID Root CA
4570.3c2c: supR3HardenedWinIsDesiredRootCA: Adding 0xca58a05dd401ae00 C=US, ST=Washington, L=Redmond, O=Microsoft Corporation, CN=Microsoft Time Stamp Root Certificate Authority 2014
4570.3c2c: supR3HardenedWinIsDesiredRootCA: Adding 0x670683072a91b300 C=US, O=Microsoft Corporation, CN=Microsoft Identity Verification Root Certificate Authority 2020
4570.3c2c: supR3HardenedWinIsDesiredRootCA: Adding 0xdba83b07e377d7f9 C=GB, O=Sectigo Limited, CN=Sectigo Public Server Authentication Root E46
4570.3c2c: supR3HardenedWinIsDesiredRootCA: Adding 0xa1e31e8b0211b600 C=US, O=Google Trust Services LLC, CN=GTS Root R1
4570.3c2c: supR3HardenedWinIsDesiredRootCA: Adding 0x3d993fde1950a700 C=US, O=IdenTrust, CN=IdenTrust Commercial Root CA 1
4570.3c2c: supR3HardenedWinIsDesiredRootCA: Adding 0x6b7bdc34cd37bb00 C=US, O=DigiCert Inc, OU=www.digicert.com, CN=DigiCert Global Root G2
4570.3c2c: supR3HardenedWinIsDesiredRootCA: Adding 0x780679907625cc00 OU=GlobalSign Root CA - R3, O=GlobalSign, CN=GlobalSign
4570.3c2c: supR3HardenedWinIsDesiredRootCA: Adding 0xeae16ef49d40be00 C=GB, ST=Greater Manchester, L=Salford, O=Comodo CA Limited, CN=AAA Certificate Services
4570.3c2c: supR3HardenedWinIsDesiredRootCA: Adding 0xc6536f24d57ae723 C=US, ST=New Jersey, L=Jersey City, O=The USERTRUST Network, CN=USERTrust ECC Certification Authority
4570.3c2c: supR3HardenedWinIsDesiredRootCA: Adding 0x2404221294e78d00 C=GB, O=Sectigo Limited, CN=Sectigo Public Code Signing Root R46
4570.3c2c: supR3HardenedWinIsDesiredRootCA: Adding 0x3714f47324e8ad00 C=US, O=Internet Security Research Group, CN=ISRG Root X1
4570.3c2c: supR3HardenedWinIsDesiredRootCA: Adding 0xea36b7bb8e2dd100 C=PL, O=Asseco Data Systems S.A., OU=Certum Certification Authority, CN=Certum Trusted Root CA
4570.3c2c: supR3HardenedWinIsDesiredRootCA: Adding 0x8ff6fc03c1edbd00 C=US, ST=Arizona, L=Scottsdale, O=Starfield Technologies, Inc., CN=Starfield Root Certificate Authority - G2
4570.3c2c: supR3HardenedWinIsDesiredRootCA: Adding 0xa3ce8d99e60eda00 C=BE, O=GlobalSign nv-sa, OU=Root CA, CN=GlobalSign Root CA
4570.3c2c: supR3HardenedWinIsDesiredRootCA: Adding 0x560ad29254e89100 C=GB, ST=Greater Manchester, L=Salford, O=COMODO CA Limited, CN=COMODO RSA Certification Authority
4570.3c2c: supR3HardenedWinIsDesiredRootCA: Adding 0xd8755236d5be9300 C=GB, O=Sectigo Limited, CN=Sectigo Public Server Authentication Root R46
4570.3c2c: supR3HardenedWinIsDesiredRootCA: Adding 0xa671e9fec832b700 C=US, O=Starfield Technologies, Inc., OU=Starfield Class 2 Certification Authority
4570.3c2c: supR3HardenedWinIsDesiredRootCA: Adding 0xa8de7211e13be200 C=US, O=DigiCert Inc, OU=www.digicert.com, CN=DigiCert Global Root CA
4570.3c2c: supR3HardenedWinIsDesiredRootCA: Adding 0x9d1179c9f4d0b300 C=US, O=DigiCert, Inc., CN=DigiCert TLS RSA4096 Root G5
4570.3c2c: supR3HardenedWinIsDesiredRootCA: Adding 0x4ef92ac43a0cd500 C=US, ST=Arizona, L=Scottsdale, O=Starfield Technologies, Inc., CN=Starfield Services Root Certificate Authority - G2
4570.3c2c: supR3HardenedWinIsDesiredRootCA: Adding 0xd45980fbf0a0ac00 C=US, O=thawte, Inc., OU=Certification Services Division, OU=(c) 2006 thawte, Inc. - For authorized use only, CN=thawte Primary Root CA
4570.3c2c: supR3HardenedWinIsDesiredRootCA: Adding 0xf966ca73e8079500 OU=GlobalSign Root CA - R6, O=GlobalSign, CN=GlobalSign
4570.3c2c: supR3HardenedWinIsDesiredRootCA: Adding 0xbebef0d2217f0bfb C=US, O=DigiCert Inc, OU=www.digicert.com, CN=DigiCert Global Root G3
4570.3c2c: supR3HardenedWinIsDesiredRootCA: Adding 0x14018a1bf29e595c C=US, O=VeriSign, Inc., OU=Class 3 Public Primary Certification Authority
4570.3c2c: supR3HardenedWinIsDesiredRootCA: Adding 0x298c3394be5bca00 C=US, O=Microsoft Corporation, CN=Microsoft RSA Root Certificate Authority 2017
4570.3c2c: supR3HardenedWinIsDesiredRootCA: Adding 0xa4031c19392e9f0e OU=GlobalSign ECC Root CA - R4, O=GlobalSign, CN=GlobalSign
4570.3c2c: supR3HardenedWinIsDesiredRootCA: Adding 0x362d8807333b600 C=US, O=DigiCert, Inc., CN=DigiCert CS RSA4096 Root G5
4570.3c2c: supR3HardenedWinIsDesiredRootCA: Adding 0xb28612a94b4dad00 O=Entrust.net, OU=www.entrust.net/CPS_2048 incorp. by ref. (limits liab.), OU=(c) 1999 Entrust.net Limited, CN=Entrust.net Certification Authority (2048)
4570.3c2c: supR3HardenedWinIsDesiredRootCA: Adding 0xe87add30c52db600 C=BE, O=GlobalSign nv-sa, CN=GlobalSign Code Signing Root R45
4570.3c2c: supR3HardenedWinIsDesiredRootCA: Adding 0x357a29080824af00 C=US, O=VeriSign, Inc., OU=VeriSign Trust Network, OU=(c) 2006 VeriSign, Inc. - For authorized use only, CN=VeriSign Class 3 Public Primary Certification Authority - G5
4570.3c2c: supR3HardenedWinIsDesiredRootCA: Adding 0x59faf1086271bf00 C=US, ST=Arizona, L=Scottsdale, O=GoDaddy.com, Inc., CN=Go Daddy Root Certificate Authority - G2
4570.3c2c: supR3HardenedWinIsDesiredRootCA: Adding 0x3401b15e3761c700 C=US, O=VeriSign, Inc., OU=VeriSign Trust Network, OU=(c) 2008 VeriSign, Inc. - For authorized use only, CN=VeriSign Universal Root Certification Authority
4570.3c2c: supR3HardenedWinIsDesiredRootCA: Adding 0x373c4b28515db900 C=US, ST=Illinois, L=Chicago, O=Trustwave Holdings, Inc., CN=Trustwave Global Certification Authority
4570.3c2c: supR3HardenedWinIsDesiredRootCA: Adding 0xc30e361765128000 C=US, ST=New Jersey, L=Jersey City, O=The USERTRUST Network, CN=USERTrust RSA Certification Authority
4570.3c2c: supR3HardenedWinIsDesiredRootCA: Adding 0xc2ba72a37dfbe300 C=PL, O=Unizeto Technologies S.A., OU=Certum Certification Authority, CN=Certum Trusted Network CA
4570.3c2c: supR3HardenedWinRetrieveTrustedRootCAs: cAdded=49
4570.3c2c: SUPR3HardenedMain: Load Runtime...
4570.3c2c: supR3HardenedMonitor_LdrLoadDll: returns rcNt=0x0 hMod=00007fffbdab0000 'C:\Windows\system32\rsaenh.dll'
4570.3c2c: supR3HardenedMonitor_LdrLoadDll: returns rcNt=0x0 hMod=00007fffbf130000 'C:\Windows\System32\crypt32.dll'
4570.3c2c: supR3HardenedWinVerifyCacheScheduleImports: Import todo: #0 'mpr.dll'.
4570.3c2c: supR3HardenedWinVerifyCacheScheduleImports: Import todo: #2 'rpcrt4.dll'.
4570.3c2c: supR3HardenedWinVerifyCacheScheduleImports: Import todo: #14 'vcruntime140.dll'.
4570.3c2c: supR3HardenedWinVerifyCacheScheduleImports: Import todo: #15 'vcruntime140_1.dll'.
4570.3c2c: supR3HardenedWinVerifyCacheScheduleImports: Import todo: #16 'msvcp140.dll'.
4570.3c2c: supR3HardenedWinVerifyCacheScheduleImports: Import todo: #17 'ws2_32.dll'.
4570.3c2c: supHardenedWinVerifyImageByHandle: -> 0 (\Device\HarddiskVolume4\VBox\VBoxRT.dll) WinVerifyTrust
4570.3c2c: supR3HardenedWinVerifyCacheInsert: \Device\HarddiskVolume4\VBox\VBoxRT.dll
4570.3c2c: supR3HardenedWinVerifyCacheProcessImportTodos: Processing 'ws2_32.dll'...
4570.3c2c: supR3HardenedWinVerifyCacheProcessImportTodos: 'ws2_32.dll' -> '\Device\HarddiskVolume3\Windows\System32\ws2_32.dll' [rcNtRedir=0xc0150008]
4570.3c2c: supR3HardenedMonitor_LdrLoadDll: returns rcNt=0x0 hMod=00007fffbdab0000 'C:\Windows\system32\rsaenh.dll'
4570.3c2c: supR3HardenedScreenImage/LdrLoadDll: cache hit (VINF_SUCCESS) on \Device\HarddiskVolume3\Windows\System32\crypt32.dll
4570.3c2c: supR3HardenedMonitor_LdrLoadDll: pName=C:\Windows\System32\crypt32.dll (Input=crypt32.dll, rcNtResolve=0xc0150008) *pfFlags=0x0 pwszSearchPath=0000000000000001:<flags> [calling]
4570.3c2c: supR3HardenedMonitor_LdrLoadDll: returns rcNt=0x0 hMod=00007fffbf130000 'C:\Windows\System32\crypt32.dll'
4570.3c2c: supR3HardenedWinVerifyCacheScheduleImports: Import todo: #28 'rpcrt4.dll'.
4570.3c2c: supHardenedWinVerifyImageByHandle: -> 0 (\Device\HarddiskVolume3\Windows\System32\ws2_32.dll) WinVerifyTrust
4570.3c2c: supR3HardenedWinVerifyCacheInsert: \Device\HarddiskVolume3\Windows\System32\ws2_32.dll
4570.3c2c: supR3HardenedWinVerifyCacheProcessImportTodos: Processing 'msvcp140.dll'...
4570.3c2c: supR3HardenedWinVerifyCacheProcessImportTodos: 'msvcp140.dll' -> '\Device\HarddiskVolume3\Windows\System32\msvcp140.dll' [rcNtRedir=0xc0150008]
4570.3c2c: supR3HardenedWinVerifyCacheProcessImportTodos: Processing 'rpcrt4.dll'...
4570.3c2c: supR3HardenedWinVerifyCacheProcessImportTodos: 'rpcrt4.dll' -> '\Device\HarddiskVolume3\Windows\System32\rpcrt4.dll' [rcNtRedir=0xc0150008]
4570.3c2c: supR3HardenedScreenImage/Imports: cache hit (VINF_SUCCESS) on \Device\HarddiskVolume3\Windows\System32\rpcrt4.dll
4570.3c2c: supR3HardenedMonitor_LdrLoadDll: returns rcNt=0x0 hMod=00007fffbdab0000 'C:\Windows\system32\rsaenh.dll'
4570.3c2c: supR3HardenedMonitor_LdrLoadDll: returns rcNt=0x0 hMod=00007fffbf130000 'C:\Windows\System32\crypt32.dll'
4570.3c2c: supR3HardenedWinVerifyCacheScheduleImports: Import todo: #0 'vcruntime140.dll'.
4570.3c2c: supR3HardenedWinVerifyCacheScheduleImports: Import todo: #1 'vcruntime140_1.dll'.
4570.3c2c: supHardenedWinVerifyImageByHandle: -> 0 (\Device\HarddiskVolume3\Windows\System32\msvcp140.dll) WinVerifyTrust
4570.3c2c: supR3HardenedWinVerifyCacheInsert: \Device\HarddiskVolume3\Windows\System32\msvcp140.dll
4570.3c2c: supR3HardenedWinVerifyCacheProcessImportTodos: Processing 'vcruntime140_1.dll'...
4570.3c2c: supR3HardenedWinVerifyCacheProcessImportTodos: 'vcruntime140_1.dll' -> '\Device\HarddiskVolume3\Windows\System32\vcruntime140_1.dll' [rcNtRedir=0xc0150008]
4570.3c2c: supR3HardenedScreenImage/LdrLoadDll: cache hit (VINF_SUCCESS) on \Device\HarddiskVolume3\Windows\System32\rsaenh.dll
4570.3c2c: supR3HardenedWinVerifyCacheProcessImportTodos: Processing 'vcruntime140_1.dll'...
4570.3c2c: supR3HardenedWinVerifyCacheProcessImportTodos: 'vcruntime140_1.dll' -> '\Device\HarddiskVolume3\Windows\System32\vcruntime140_1.dll' [rcNtRedir=0xc0150008]
4570.3c2c: Detected WinVerifyTrust recursion: rc=VINF_SUCCESS '\Device\HarddiskVolume3\Windows\System32\vcruntime140_1.dll'.
4570.3c2c: supR3HardenedWinVerifyCacheScheduleImports: Import todo: #3 'vcruntime140.dll'.
4570.3c2c: supHardenedWinVerifyImageByHandle: -> 0 (\Device\HarddiskVolume3\Windows\System32\vcruntime140_1.dll)
4570.3c2c: supR3HardenedWinVerifyCacheInsert: \Device\HarddiskVolume3\Windows\System32\vcruntime140_1.dll
4570.3c2c: supR3HardenedWinVerifyCacheProcessImportTodos: Processing 'vcruntime140.dll'...
4570.3c2c: supR3HardenedWinVerifyCacheProcessImportTodos: 'vcruntime140.dll' -> '\Device\HarddiskVolume3\Windows\System32\vcruntime140.dll' [rcNtRedir=0xc0150008]
4570.3c2c: Detected WinVerifyTrust recursion: rc=VINF_SUCCESS '\Device\HarddiskVolume3\Windows\System32\vcruntime140.dll'.
4570.3c2c: supHardenedWinVerifyImageByHandle: -> 0 (\Device\HarddiskVolume3\Windows\System32\vcruntime140.dll)
4570.3c2c: supR3HardenedWinVerifyCacheInsert: \Device\HarddiskVolume3\Windows\System32\vcruntime140.dll
4570.3c2c: supR3HardenedWinVerifyCacheProcessImportTodos: Processing 'vcruntime140.dll'...
4570.3c2c: supR3HardenedWinVerifyCacheProcessImportTodos: 'vcruntime140.dll' -> '\Device\HarddiskVolume3\Windows\System32\vcruntime140.dll' [rcNtRedir=0xc0150008]
4570.3c2c: supR3HardenedScreenImage/Imports: cache hit (VINF_SUCCESS) on \Device\HarddiskVolume3\Windows\System32\vcruntime140.dll [lacks WinVerifyTrust]
4570.3c2c: supR3HardenedMonitor_LdrLoadDll: pName=C:\Windows\system32\rsaenh.dll (rcNtResolve=0xc0150008) *pfFlags=0x0 pwszSearchPath=0000000000000001:<flags> [calling]
4570.3c2c: supR3HardenedMonitor_LdrLoadDll: returns rcNt=0x0 hMod=00007fffbdab0000 'C:\Windows\system32\rsaenh.dll'
4570.3c2c: supR3HardenedMonitor_LdrLoadDll: returns rcNt=0x0 hMod=00007fffbf130000 'C:\Windows\System32\crypt32.dll'
4570.3c2c: supR3HardenedWinVerifyCacheScheduleImports: Import todo: #3 'vcruntime140.dll'.
4570.3c2c: supHardenedWinVerifyImageByHandle: -> 0 (\Device\HarddiskVolume3\Windows\System32\vcruntime140_1.dll) WinVerifyTrust
4570.3c2c: supR3HardenedWinVerifyCacheProcessImportTodos: Processing 'vcruntime140.dll'...
4570.3c2c: supR3HardenedWinVerifyCacheProcessImportTodos: 'vcruntime140.dll' -> '\Device\HarddiskVolume3\Windows\System32\vcruntime140.dll' [rcNtRedir=0xc0150008]
4570.3c2c: supR3HardenedScreenImage/Imports: cache hit (VINF_SUCCESS) on \Device\HarddiskVolume3\Windows\System32\vcruntime140.dll [redoing WinVerifyTrust]
4570.3c2c: supR3HardenedWinVerifyCacheProcessImportTodos: Processing 'vcruntime140.dll'...
4570.3c2c: supR3HardenedWinVerifyCacheProcessImportTodos: 'vcruntime140.dll' -> '\Device\HarddiskVolume3\Windows\System32\vcruntime140.dll' [rcNtRedir=0xc0150008]
4570.3c2c: supR3HardenedScreenImage/Imports: cache hit (VINF_SUCCESS) on \Device\HarddiskVolume3\Windows\System32\vcruntime140.dll [lacks WinVerifyTrust]
4570.3c2c: supR3HardenedMonitor_LdrLoadDll: returns rcNt=0x0 hMod=00007fffbdab0000 'C:\Windows\system32\rsaenh.dll'
4570.3c2c: supR3HardenedMonitor_LdrLoadDll: returns rcNt=0x0 hMod=00007fffbf130000 'C:\Windows\System32\crypt32.dll'
4570.3c2c: supR3HardenedScreenImage/Imports: 0 (was 0) fWinVerifyTrust=1 for '\Device\HarddiskVolume3\Windows\System32\vcruntime140.dll'
4570.3c2c: supR3HardenedWinVerifyCacheProcessImportTodos: Processing 'rpcrt4.dll'...
4570.3c2c: supR3HardenedWinVerifyCacheProcessImportTodos: 'rpcrt4.dll' -> '\Device\HarddiskVolume3\Windows\System32\rpcrt4.dll' [rcNtRedir=0xc0150008]
4570.3c2c: supR3HardenedScreenImage/Imports: cache hit (VINF_SUCCESS) on \Device\HarddiskVolume3\Windows\System32\rpcrt4.dll
4570.3c2c: supR3HardenedWinVerifyCacheProcessImportTodos: Processing 'mpr.dll'...
4570.3c2c: supR3HardenedWinVerifyCacheProcessImportTodos: 'mpr.dll' -> '\Device\HarddiskVolume3\Windows\System32\mpr.dll' [rcNtRedir=0xc0150008]
4570.3c2c: supR3HardenedMonitor_LdrLoadDll: returns rcNt=0x0 hMod=00007fffbdab0000 'C:\Windows\system32\rsaenh.dll'
4570.3c2c: supR3HardenedMonitor_LdrLoadDll: returns rcNt=0x0 hMod=00007fffbf130000 'C:\Windows\System32\crypt32.dll'
4570.3c2c: supHardenedWinVerifyImageByHandle: -> 0 (\Device\HarddiskVolume3\Windows\System32\mpr.dll) WinVerifyTrust
4570.3c2c: supR3HardenedWinVerifyCacheInsert: \Device\HarddiskVolume3\Windows\System32\mpr.dll
4570.3c2c: supR3HardenedMonitor_LdrLoadDll: pName=D:\VBox\VBoxRT.dll (rcNtResolve=0xc0150008) *pfFlags=0x0 pwszSearchPath=0000000000000a01:<flags> [calling]
4570.3c2c: supR3HardenedScreenImage/NtCreateSection: cache hit (VINF_SUCCESS) on \Device\HarddiskVolume4\VBox\VBoxRT.dll
4570.3c2c: supR3HardenedScreenImage/NtCreateSection: cache hit (VINF_SUCCESS) on \Device\HarddiskVolume3\Windows\System32\mpr.dll
4570.3c2c: supR3HardenedScreenImage/NtCreateSection: cache hit (VINF_SUCCESS) on \Device\HarddiskVolume3\Windows\System32\vcruntime140.dll
4570.3c2c: supR3HardenedScreenImage/NtCreateSection: cache hit (VINF_SUCCESS) on \Device\HarddiskVolume3\Windows\System32\vcruntime140_1.dll [avoiding WinVerifyTrust]
4570.3c2c: supR3HardenedScreenImage/NtCreateSection: cache hit (VINF_SUCCESS) on \Device\HarddiskVolume3\Windows\System32\msvcp140.dll
4570.3c2c: supR3HardenedDllNotificationCallback: load   00007fff9b600000 LB 0x00021000 C:\Windows\SYSTEM32\MPR.dll [fFlags=0x0]
4570.3c2c: supR3HardenedScreenImage/LdrLoadDll: cache hit (VINF_SUCCESS) on \Device\HarddiskVolume3\Windows\System32\mpr.dll
4570.3c2c: supR3HardenedDllNotificationCallback: load   00007fff9c720000 LB 0x0001e000 C:\Windows\SYSTEM32\VCRUNTIME140.dll [fFlags=0x0]
4570.3c2c: supR3HardenedScreenImage/LdrLoadDll: cache hit (VINF_SUCCESS) on \Device\HarddiskVolume3\Windows\System32\vcruntime140.dll
4570.3c2c: supR3HardenedDllNotificationCallback: load   00007fff99090000 LB 0x0000b000 C:\Windows\SYSTEM32\VCRUNTIME140_1.dll [fFlags=0x0]
4570.3c2c: supR3HardenedScreenImage/LdrLoadDll: cache hit (VINF_SUCCESS) on \Device\HarddiskVolume3\Windows\System32\vcruntime140_1.dll [avoiding WinVerifyTrust]
4570.3c2c: supR3HardenedDllNotificationCallback: load   00007fff990a0000 LB 0x00088000 C:\Windows\SYSTEM32\MSVCP140.dll [fFlags=0x0]
4570.3c2c: supR3HardenedScreenImage/LdrLoadDll: cache hit (VINF_SUCCESS) on \Device\HarddiskVolume3\Windows\System32\msvcp140.dll
4570.3c2c: supR3HardenedDllNotificationCallback: load   00007fffc1760000 LB 0x00074000 C:\Windows\System32\WS2_32.dll [fFlags=0x0]
4570.3c2c: supR3HardenedScreenImage/LdrLoadDll: cache hit (VINF_SUCCESS) on \Device\HarddiskVolume3\Windows\System32\ws2_32.dll
4570.3c2c: supR3HardenedDllNotificationCallback: load   00007fff08e70000 LB 0x0074a000 D:\VBox\VBoxRT.dll [fFlags=0x0]
4570.3c2c: supR3HardenedScreenImage/LdrLoadDll: cache hit (VINF_SUCCESS) on \Device\HarddiskVolume4\VBox\VBoxRT.dll
4570.3c2c: Detected loader lock ownership: rc=VINF_SUCCESS '\Device\HarddiskVolume3\Windows\System32\vcruntime140_1.dll'.
4570.3c2c: supR3HardenedWinVerifyCacheProcessWvtTodos: 0 (was 0) fWinVerifyTrust=0 for '\Device\HarddiskVolume3\Windows\System32\vcruntime140_1.dll' [rescheduled]
4570.3c2c: supR3HardenedScreenImage/LdrLoadDll: cache hit (VINF_SUCCESS) on \Device\HarddiskVolume4\VBox\VBoxRT.dll
4570.3c2c: supR3HardenedMonitor_LdrLoadDll: pName=D:\VBox\VBoxRT.dll (rcNtResolve=0xc0150008) *pfFlags=0x0 pwszSearchPath=0000000000000001:<flags> [calling]
4570.3c2c: supR3HardenedMonitor_LdrLoadDll: returns rcNt=0x0 hMod=00007fff08e70000 'D:\VBox\VBoxRT.dll'
4570.3c2c: Detected loader lock ownership: rc=VINF_SUCCESS '\Device\HarddiskVolume3\Windows\System32\vcruntime140_1.dll'.
4570.3c2c: supR3HardenedWinVerifyCacheProcessWvtTodos: 0 (was 0) fWinVerifyTrust=0 for '\Device\HarddiskVolume3\Windows\System32\vcruntime140_1.dll' [rescheduled]
4570.3c2c: Detected loader lock ownership: rc=VINF_SUCCESS '\Device\HarddiskVolume3\Windows\System32\vcruntime140_1.dll'.
4570.3c2c: supR3HardenedWinVerifyCacheProcessWvtTodos: 0 (was 0) fWinVerifyTrust=0 for '\Device\HarddiskVolume3\Windows\System32\vcruntime140_1.dll' [rescheduled]
4570.3c2c: supR3HardenedScreenImage/LdrLoadDll: cache hit (VINF_SUCCESS) on \Device\HarddiskVolume4\VBox\VBoxRT.dll
4570.3c2c: supR3HardenedMonitor_LdrLoadDll: pName=D:\VBox\VBoxRT.dll (rcNtResolve=0xc0150008) *pfFlags=0x0 pwszSearchPath=0000000000000001:<flags> [calling]
4570.3c2c: supR3HardenedMonitor_LdrLoadDll: returns rcNt=0x0 hMod=00007fff08e70000 'D:\VBox\VBoxRT.dll'
4570.3c2c: Detected loader lock ownership: rc=VINF_SUCCESS '\Device\HarddiskVolume3\Windows\System32\vcruntime140_1.dll'.
4570.3c2c: supR3HardenedWinVerifyCacheProcessWvtTodos: 0 (was 0) fWinVerifyTrust=0 for '\Device\HarddiskVolume3\Windows\System32\vcruntime140_1.dll' [rescheduled]
4570.3c2c: Detected loader lock ownership: rc=VINF_SUCCESS '\Device\HarddiskVolume3\Windows\System32\vcruntime140_1.dll'.
4570.3c2c: supR3HardenedWinVerifyCacheProcessWvtTodos: 0 (was 0) fWinVerifyTrust=0 for '\Device\HarddiskVolume3\Windows\System32\vcruntime140_1.dll' [rescheduled]
4570.3c2c: supR3HardenedScreenImage/LdrLoadDll: cache hit (VINF_SUCCESS) on \Device\HarddiskVolume4\VBox\VBoxRT.dll
4570.3c2c: supR3HardenedMonitor_LdrLoadDll: pName=D:\VBox\VBoxRT.dll (rcNtResolve=0xc0150008) *pfFlags=0x0 pwszSearchPath=0000000000000001:<flags> [calling]
4570.3c2c: supR3HardenedMonitor_LdrLoadDll: returns rcNt=0x0 hMod=00007fff08e70000 'D:\VBox\VBoxRT.dll'
4570.3c2c: Detected loader lock ownership: rc=VINF_SUCCESS '\Device\HarddiskVolume3\Windows\System32\vcruntime140_1.dll'.
4570.3c2c: supR3HardenedWinVerifyCacheProcessWvtTodos: 0 (was 0) fWinVerifyTrust=0 for '\Device\HarddiskVolume3\Windows\System32\vcruntime140_1.dll' [rescheduled]
4570.3c2c: Detected loader lock ownership: rc=VINF_SUCCESS '\Device\HarddiskVolume3\Windows\System32\vcruntime140_1.dll'.
4570.3c2c: supR3HardenedWinVerifyCacheProcessWvtTodos: 0 (was 0) fWinVerifyTrust=0 for '\Device\HarddiskVolume3\Windows\System32\vcruntime140_1.dll' [rescheduled]
4570.3c2c: supR3HardenedScreenImage/LdrLoadDll: cache hit (VINF_SUCCESS) on \Device\HarddiskVolume4\VBox\VBoxRT.dll
4570.3c2c: supR3HardenedMonitor_LdrLoadDll: pName=D:\VBox\VBoxRT.dll (rcNtResolve=0xc0150008) *pfFlags=0x0 pwszSearchPath=0000000000000001:<flags> [calling]
4570.3c2c: supR3HardenedMonitor_LdrLoadDll: returns rcNt=0x0 hMod=00007fff08e70000 'D:\VBox\VBoxRT.dll'
4570.3c2c: Detected loader lock ownership: rc=VINF_SUCCESS '\Device\HarddiskVolume3\Windows\System32\vcruntime140_1.dll'.
4570.3c2c: supR3HardenedWinVerifyCacheProcessWvtTodos: 0 (was 0) fWinVerifyTrust=0 for '\Device\HarddiskVolume3\Windows\System32\vcruntime140_1.dll' [rescheduled]
4570.3c2c: Detected loader lock ownership: rc=VINF_SUCCESS '\Device\HarddiskVolume3\Windows\System32\vcruntime140_1.dll'.
4570.3c2c: supR3HardenedWinVerifyCacheProcessWvtTodos: 0 (was 0) fWinVerifyTrust=0 for '\Device\HarddiskVolume3\Windows\System32\vcruntime140_1.dll' [rescheduled]
4570.3c2c: supR3HardenedScreenImage/LdrLoadDll: cache hit (VINF_SUCCESS) on \Device\HarddiskVolume4\VBox\VBoxRT.dll
4570.3c2c: supR3HardenedMonitor_LdrLoadDll: pName=D:\VBox\VBoxRT.dll (rcNtResolve=0xc0150008) *pfFlags=0x0 pwszSearchPath=0000000000000001:<flags> [calling]
4570.3c2c: supR3HardenedMonitor_LdrLoadDll: returns rcNt=0x0 hMod=00007fff08e70000 'D:\VBox\VBoxRT.dll'
4570.3c2c: Detected loader lock ownership: rc=VINF_SUCCESS '\Device\HarddiskVolume3\Windows\System32\vcruntime140_1.dll'.
4570.3c2c: supR3HardenedWinVerifyCacheProcessWvtTodos: 0 (was 0) fWinVerifyTrust=0 for '\Device\HarddiskVolume3\Windows\System32\vcruntime140_1.dll' [rescheduled]
4570.3c2c: Detected loader lock ownership: rc=VINF_SUCCESS '\Device\HarddiskVolume3\Windows\System32\vcruntime140_1.dll'.
4570.3c2c: supR3HardenedWinVerifyCacheProcessWvtTodos: 0 (was 0) fWinVerifyTrust=0 for '\Device\HarddiskVolume3\Windows\System32\vcruntime140_1.dll' [rescheduled]
4570.3c2c: supR3HardenedScreenImage/LdrLoadDll: cache hit (VINF_SUCCESS) on \Device\HarddiskVolume4\VBox\VBoxRT.dll
4570.3c2c: supR3HardenedMonitor_LdrLoadDll: pName=D:\VBox\VBoxRT.dll (rcNtResolve=0xc0150008) *pfFlags=0x0 pwszSearchPath=0000000000000001:<flags> [calling]
4570.3c2c: supR3HardenedMonitor_LdrLoadDll: returns rcNt=0x0 hMod=00007fff08e70000 'D:\VBox\VBoxRT.dll'
4570.3c2c: Detected loader lock ownership: rc=VINF_SUCCESS '\Device\HarddiskVolume3\Windows\System32\vcruntime140_1.dll'.
4570.3c2c: supR3HardenedWinVerifyCacheProcessWvtTodos: 0 (was 0) fWinVerifyTrust=0 for '\Device\HarddiskVolume3\Windows\System32\vcruntime140_1.dll' [rescheduled]
4570.3c2c: Detected loader lock ownership: rc=VINF_SUCCESS '\Device\HarddiskVolume3\Windows\System32\vcruntime140_1.dll'.
4570.3c2c: supR3HardenedWinVerifyCacheProcessWvtTodos: 0 (was 0) fWinVerifyTrust=0 for '\Device\HarddiskVolume3\Windows\System32\vcruntime140_1.dll' [rescheduled]
4570.3c2c: supR3HardenedMonitor_LdrLoadDll: returns rcNt=0x0 hMod=00007fff08e70000 'D:\VBox\VBoxRT.dll'
4570.3c2c: Detected loader lock ownership: rc=VINF_SUCCESS '\Device\HarddiskVolume3\Windows\System32\vcruntime140_1.dll'.
4570.3c2c: supR3HardenedWinVerifyCacheProcessWvtTodos: 0 (was 0) fWinVerifyTrust=0 for '\Device\HarddiskVolume3\Windows\System32\vcruntime140_1.dll' [rescheduled]
4570.3c2c: Detected loader lock ownership: rc=VINF_SUCCESS '\Device\HarddiskVolume3\Windows\System32\vcruntime140_1.dll'.
4570.3c2c: supR3HardenedWinVerifyCacheProcessWvtTodos: 0 (was 0) fWinVerifyTrust=0 for '\Device\HarddiskVolume3\Windows\System32\vcruntime140_1.dll' [rescheduled]
4570.3c2c: supR3HardenedMonitor_LdrLoadDll: returns rcNt=0x0 hMod=00007fff08e70000 'D:\VBox\VBoxRT.dll'
4570.3c2c: Detected loader lock ownership: rc=VINF_SUCCESS '\Device\HarddiskVolume3\Windows\System32\vcruntime140_1.dll'.
4570.3c2c: supR3HardenedWinVerifyCacheProcessWvtTodos: 0 (was 0) fWinVerifyTrust=0 for '\Device\HarddiskVolume3\Windows\System32\vcruntime140_1.dll' [rescheduled]
4570.3c2c: Detected loader lock ownership: rc=VINF_SUCCESS '\Device\HarddiskVolume3\Windows\System32\vcruntime140_1.dll'.
4570.3c2c: supR3HardenedWinVerifyCacheProcessWvtTodos: 0 (was 0) fWinVerifyTrust=0 for '\Device\HarddiskVolume3\Windows\System32\vcruntime140_1.dll' [rescheduled]
4570.3c2c: supR3HardenedMonitor_LdrLoadDll: returns rcNt=0x0 hMod=00007fff08e70000 'D:\VBox\VBoxRT.dll'
4570.3c2c: Detected loader lock ownership: rc=VINF_SUCCESS '\Device\HarddiskVolume3\Windows\System32\vcruntime140_1.dll'.
4570.3c2c: supR3HardenedWinVerifyCacheProcessWvtTodos: 0 (was 0) fWinVerifyTrust=0 for '\Device\HarddiskVolume3\Windows\System32\vcruntime140_1.dll' [rescheduled]
4570.3c2c: Detected loader lock ownership: rc=VINF_SUCCESS '\Device\HarddiskVolume3\Windows\System32\vcruntime140_1.dll'.
4570.3c2c: supR3HardenedWinVerifyCacheProcessWvtTodos: 0 (was 0) fWinVerifyTrust=0 for '\Device\HarddiskVolume3\Windows\System32\vcruntime140_1.dll' [rescheduled]
4570.3c2c: supR3HardenedMonitor_LdrLoadDll: returns rcNt=0x0 hMod=00007fff08e70000 'D:\VBox\VBoxRT.dll'
4570.3c2c: Detected loader lock ownership: rc=VINF_SUCCESS '\Device\HarddiskVolume3\Windows\System32\vcruntime140_1.dll'.
4570.3c2c: supR3HardenedWinVerifyCacheProcessWvtTodos: 0 (was 0) fWinVerifyTrust=0 for '\Device\HarddiskVolume3\Windows\System32\vcruntime140_1.dll' [rescheduled]
4570.3c2c: Detected loader lock ownership: rc=VINF_SUCCESS '\Device\HarddiskVolume3\Windows\System32\vcruntime140_1.dll'.
4570.3c2c: supR3HardenedWinVerifyCacheProcessWvtTodos: 0 (was 0) fWinVerifyTrust=0 for '\Device\HarddiskVolume3\Windows\System32\vcruntime140_1.dll' [rescheduled]
4570.3c2c: supR3HardenedMonitor_LdrLoadDll: returns rcNt=0x0 hMod=00007fff08e70000 'D:\VBox\VBoxRT.dll'
4570.3c2c: Detected loader lock ownership: rc=VINF_SUCCESS '\Device\HarddiskVolume3\Windows\System32\vcruntime140_1.dll'.
4570.3c2c: supR3HardenedWinVerifyCacheProcessWvtTodos: 0 (was 0) fWinVerifyTrust=0 for '\Device\HarddiskVolume3\Windows\System32\vcruntime140_1.dll' [rescheduled]
4570.3c2c: Detected loader lock ownership: rc=VINF_SUCCESS '\Device\HarddiskVolume3\Windows\System32\vcruntime140_1.dll'.
4570.3c2c: supR3HardenedWinVerifyCacheProcessWvtTodos: 0 (was 0) fWinVerifyTrust=0 for '\Device\HarddiskVolume3\Windows\System32\vcruntime140_1.dll' [rescheduled]
4570.3c2c: supR3HardenedMonitor_LdrLoadDll: returns rcNt=0x0 hMod=00007fff08e70000 'D:\VBox\VBoxRT.dll'
4570.3c2c: Detected loader lock ownership: rc=VINF_SUCCESS '\Device\HarddiskVolume3\Windows\System32\vcruntime140_1.dll'.
4570.3c2c: supR3HardenedWinVerifyCacheProcessWvtTodos: 0 (was 0) fWinVerifyTrust=0 for '\Device\HarddiskVolume3\Windows\System32\vcruntime140_1.dll' [rescheduled]
4570.3c2c: Detected loader lock ownership: rc=VINF_SUCCESS '\Device\HarddiskVolume3\Windows\System32\vcruntime140_1.dll'.
4570.3c2c: supR3HardenedWinVerifyCacheProcessWvtTodos: 0 (was 0) fWinVerifyTrust=0 for '\Device\HarddiskVolume3\Windows\System32\vcruntime140_1.dll' [rescheduled]
4570.3c2c: supR3HardenedMonitor_LdrLoadDll: returns rcNt=0x0 hMod=00007fff08e70000 'D:\VBox\VBoxRT.dll'
4570.3c2c: Detected loader lock ownership: rc=VINF_SUCCESS '\Device\HarddiskVolume3\Windows\System32\vcruntime140_1.dll'.
4570.3c2c: supR3HardenedWinVerifyCacheProcessWvtTodos: 0 (was 0) fWinVerifyTrust=0 for '\Device\HarddiskVolume3\Windows\System32\vcruntime140_1.dll' [rescheduled]
4570.3c2c: Detected loader lock ownership: rc=VINF_SUCCESS '\Device\HarddiskVolume3\Windows\System32\vcruntime140_1.dll'.
4570.3c2c: supR3HardenedWinVerifyCacheProcessWvtTodos: 0 (was 0) fWinVerifyTrust=0 for '\Device\HarddiskVolume3\Windows\System32\vcruntime140_1.dll' [rescheduled]
4570.3c2c: supR3HardenedScreenImage/LdrLoadDll: cache hit (VINF_SUCCESS) on \Device\HarddiskVolume4\VBox\VBoxRT.dll
4570.3c2c: supR3HardenedMonitor_LdrLoadDll: pName=D:\VBox\VBoxRT.dll (rcNtResolve=0xc0150008) *pfFlags=0x0 pwszSearchPath=0000000000000001:<flags> [calling]
4570.3c2c: supR3HardenedMonitor_LdrLoadDll: returns rcNt=0x0 hMod=00007fff08e70000 'D:\VBox\VBoxRT.dll'
4570.3c2c: Detected loader lock ownership: rc=VINF_SUCCESS '\Device\HarddiskVolume3\Windows\System32\vcruntime140_1.dll'.
4570.3c2c: supR3HardenedWinVerifyCacheProcessWvtTodos: 0 (was 0) fWinVerifyTrust=0 for '\Device\HarddiskVolume3\Windows\System32\vcruntime140_1.dll' [rescheduled]
4570.3c2c: Detected loader lock ownership: rc=VINF_SUCCESS '\Device\HarddiskVolume3\Windows\System32\vcruntime140_1.dll'.
4570.3c2c: supR3HardenedWinVerifyCacheProcessWvtTodos: 0 (was 0) fWinVerifyTrust=0 for '\Device\HarddiskVolume3\Windows\System32\vcruntime140_1.dll' [rescheduled]
4570.3c2c: supR3HardenedMonitor_LdrLoadDll: returns rcNt=0x0 hMod=00007fff08e70000 'D:\VBox\VBoxRT.dll'
4570.3c2c: Detected loader lock ownership: rc=VINF_SUCCESS '\Device\HarddiskVolume3\Windows\System32\vcruntime140_1.dll'.
4570.3c2c: supR3HardenedWinVerifyCacheProcessWvtTodos: 0 (was 0) fWinVerifyTrust=0 for '\Device\HarddiskVolume3\Windows\System32\vcruntime140_1.dll' [rescheduled]
4570.3c2c: Detected loader lock ownership: rc=VINF_SUCCESS '\Device\HarddiskVolume3\Windows\System32\vcruntime140_1.dll'.
4570.3c2c: supR3HardenedWinVerifyCacheProcessWvtTodos: 0 (was 0) fWinVerifyTrust=0 for '\Device\HarddiskVolume3\Windows\System32\vcruntime140_1.dll' [rescheduled]
4570.3c2c: supR3HardenedMonitor_LdrLoadDll: returns rcNt=0x0 hMod=00007fff08e70000 'D:\VBox\VBoxRT.dll'
4570.3c2c: Detected loader lock ownership: rc=VINF_SUCCESS '\Device\HarddiskVolume3\Windows\System32\vcruntime140_1.dll'.
4570.3c2c: supR3HardenedWinVerifyCacheProcessWvtTodos: 0 (was 0) fWinVerifyTrust=0 for '\Device\HarddiskVolume3\Windows\System32\vcruntime140_1.dll' [rescheduled]
4570.3c2c: Detected loader lock ownership: rc=VINF_SUCCESS '\Device\HarddiskVolume3\Windows\System32\vcruntime140_1.dll'.
4570.3c2c: supR3HardenedWinVerifyCacheProcessWvtTodos: 0 (was 0) fWinVerifyTrust=0 for '\Device\HarddiskVolume3\Windows\System32\vcruntime140_1.dll' [rescheduled]
4570.3c2c: supR3HardenedMonitor_LdrLoadDll: returns rcNt=0x0 hMod=00007fff08e70000 'D:\VBox\VBoxRT.dll'
4570.3c2c: Detected loader lock ownership: rc=VINF_SUCCESS '\Device\HarddiskVolume3\Windows\System32\vcruntime140_1.dll'.
4570.3c2c: supR3HardenedWinVerifyCacheProcessWvtTodos: 0 (was 0) fWinVerifyTrust=0 for '\Device\HarddiskVolume3\Windows\System32\vcruntime140_1.dll' [rescheduled]
4570.3c2c: Detected loader lock ownership: rc=VINF_SUCCESS '\Device\HarddiskVolume3\Windows\System32\vcruntime140_1.dll'.
4570.3c2c: supR3HardenedWinVerifyCacheProcessWvtTodos: 0 (was 0) fWinVerifyTrust=0 for '\Device\HarddiskVolume3\Windows\System32\vcruntime140_1.dll' [rescheduled]
4570.3c2c: supR3HardenedMonitor_LdrLoadDll: returns rcNt=0x0 hMod=00007fff08e70000 'D:\VBox\VBoxRT.dll'
4570.3c2c: Detected loader lock ownership: rc=VINF_SUCCESS '\Device\HarddiskVolume3\Windows\System32\vcruntime140_1.dll'.
4570.3c2c: supR3HardenedWinVerifyCacheProcessWvtTodos: 0 (was 0) fWinVerifyTrust=0 for '\Device\HarddiskVolume3\Windows\System32\vcruntime140_1.dll' [rescheduled]
4570.3c2c: Detected loader lock ownership: rc=VINF_SUCCESS '\Device\HarddiskVolume3\Windows\System32\vcruntime140_1.dll'.
4570.3c2c: supR3HardenedWinVerifyCacheProcessWvtTodos: 0 (was 0) fWinVerifyTrust=0 for '\Device\HarddiskVolume3\Windows\System32\vcruntime140_1.dll' [rescheduled]
4570.3c2c: supR3HardenedMonitor_LdrLoadDll: returns rcNt=0x0 hMod=00007fff08e70000 'D:\VBox\VBoxRT.dll'
4570.3c2c: Detected loader lock ownership: rc=VINF_SUCCESS '\Device\HarddiskVolume3\Windows\System32\vcruntime140_1.dll'.
4570.3c2c: supR3HardenedWinVerifyCacheProcessWvtTodos: 0 (was 0) fWinVerifyTrust=0 for '\Device\HarddiskVolume3\Windows\System32\vcruntime140_1.dll' [rescheduled]
4570.3c2c: Detected loader lock ownership: rc=VINF_SUCCESS '\Device\HarddiskVolume3\Windows\System32\vcruntime140_1.dll'.
4570.3c2c: supR3HardenedWinVerifyCacheProcessWvtTodos: 0 (was 0) fWinVerifyTrust=0 for '\Device\HarddiskVolume3\Windows\System32\vcruntime140_1.dll' [rescheduled]
4570.3c2c: supR3HardenedMonitor_LdrLoadDll: returns rcNt=0x0 hMod=00007fff08e70000 'D:\VBox\VBoxRT.dll'
4570.3c2c: Detected loader lock ownership: rc=VINF_SUCCESS '\Device\HarddiskVolume3\Windows\System32\vcruntime140_1.dll'.
4570.3c2c: supR3HardenedWinVerifyCacheProcessWvtTodos: 0 (was 0) fWinVerifyTrust=0 for '\Device\HarddiskVolume3\Windows\System32\vcruntime140_1.dll' [rescheduled]
4570.3c2c: Detected loader lock ownership: rc=VINF_SUCCESS '\Device\HarddiskVolume3\Windows\System32\vcruntime140_1.dll'.
4570.3c2c: supR3HardenedWinVerifyCacheProcessWvtTodos: 0 (was 0) fWinVerifyTrust=0 for '\Device\HarddiskVolume3\Windows\System32\vcruntime140_1.dll' [rescheduled]
4570.3c2c: supR3HardenedMonitor_LdrLoadDll: returns rcNt=0x0 hMod=00007fff08e70000 'D:\VBox\VBoxRT.dll'
4570.3c2c: Detected loader lock ownership: rc=VINF_SUCCESS '\Device\HarddiskVolume3\Windows\System32\vcruntime140_1.dll'.
4570.3c2c: supR3HardenedWinVerifyCacheProcessWvtTodos: 0 (was 0) fWinVerifyTrust=0 for '\Device\HarddiskVolume3\Windows\System32\vcruntime140_1.dll' [rescheduled]
4570.3c2c: Detected loader lock ownership: rc=VINF_SUCCESS '\Device\HarddiskVolume3\Windows\System32\vcruntime140_1.dll'.
4570.3c2c: supR3HardenedWinVerifyCacheProcessWvtTodos: 0 (was 0) fWinVerifyTrust=0 for '\Device\HarddiskVolume3\Windows\System32\vcruntime140_1.dll' [rescheduled]
4570.3c2c: supR3HardenedMonitor_LdrLoadDll: returns rcNt=0x0 hMod=00007fff08e70000 'D:\VBox\VBoxRT.dll'
4570.3c2c: Detected loader lock ownership: rc=VINF_SUCCESS '\Device\HarddiskVolume3\Windows\System32\vcruntime140_1.dll'.
4570.3c2c: supR3HardenedWinVerifyCacheProcessWvtTodos: 0 (was 0) fWinVerifyTrust=0 for '\Device\HarddiskVolume3\Windows\System32\vcruntime140_1.dll' [rescheduled]
4570.3c2c: Detected loader lock ownership: rc=VINF_SUCCESS '\Device\HarddiskVolume3\Windows\System32\vcruntime140_1.dll'.
4570.3c2c: supR3HardenedWinVerifyCacheProcessWvtTodos: 0 (was 0) fWinVerifyTrust=0 for '\Device\HarddiskVolume3\Windows\System32\vcruntime140_1.dll' [rescheduled]
4570.3c2c: supR3HardenedMonitor_LdrLoadDll: returns rcNt=0x0 hMod=00007fff08e70000 'D:\VBox\VBoxRT.dll'
4570.3c2c: Detected loader lock ownership: rc=VINF_SUCCESS '\Device\HarddiskVolume3\Windows\System32\vcruntime140_1.dll'.
4570.3c2c: supR3HardenedWinVerifyCacheProcessWvtTodos: 0 (was 0) fWinVerifyTrust=0 for '\Device\HarddiskVolume3\Windows\System32\vcruntime140_1.dll' [rescheduled]
4570.3c2c: Detected loader lock ownership: rc=VINF_SUCCESS '\Device\HarddiskVolume3\Windows\System32\vcruntime140_1.dll'.
4570.3c2c: supR3HardenedWinVerifyCacheProcessWvtTodos: 0 (was 0) fWinVerifyTrust=0 for '\Device\HarddiskVolume3\Windows\System32\vcruntime140_1.dll' [rescheduled]
4570.3c2c: supR3HardenedMonitor_LdrLoadDll: returns rcNt=0x0 hMod=00007fff08e70000 'D:\VBox\VBoxRT.dll'
4570.3c2c: Detected loader lock ownership: rc=VINF_SUCCESS '\Device\HarddiskVolume3\Windows\System32\vcruntime140_1.dll'.
4570.3c2c: supR3HardenedWinVerifyCacheProcessWvtTodos: 0 (was 0) fWinVerifyTrust=0 for '\Device\HarddiskVolume3\Windows\System32\vcruntime140_1.dll' [rescheduled]
4570.3c2c: Detected loader lock ownership: rc=VINF_SUCCESS '\Device\HarddiskVolume3\Windows\System32\vcruntime140_1.dll'.
4570.3c2c: supR3HardenedWinVerifyCacheProcessWvtTodos: 0 (was 0) fWinVerifyTrust=0 for '\Device\HarddiskVolume3\Windows\System32\vcruntime140_1.dll' [rescheduled]
4570.3c2c: supR3HardenedMonitor_LdrLoadDll: returns rcNt=0x0 hMod=00007fff08e70000 'D:\VBox\VBoxRT.dll'
4570.3c2c: Detected loader lock ownership: rc=VINF_SUCCESS '\Device\HarddiskVolume3\Windows\System32\vcruntime140_1.dll'.
4570.3c2c: supR3HardenedWinVerifyCacheProcessWvtTodos: 0 (was 0) fWinVerifyTrust=0 for '\Device\HarddiskVolume3\Windows\System32\vcruntime140_1.dll' [rescheduled]
4570.3c2c: Detected loader lock ownership: rc=VINF_SUCCESS '\Device\HarddiskVolume3\Windows\System32\vcruntime140_1.dll'.
4570.3c2c: supR3HardenedWinVerifyCacheProcessWvtTodos: 0 (was 0) fWinVerifyTrust=0 for '\Device\HarddiskVolume3\Windows\System32\vcruntime140_1.dll' [rescheduled]
4570.3c2c: supR3HardenedMonitor_LdrLoadDll: returns rcNt=0x0 hMod=00007fff08e70000 'D:\VBox\VBoxRT.dll'
4570.3c2c: Detected loader lock ownership: rc=VINF_SUCCESS '\Device\HarddiskVolume3\Windows\System32\vcruntime140_1.dll'.
4570.3c2c: supR3HardenedWinVerifyCacheProcessWvtTodos: 0 (was 0) fWinVerifyTrust=0 for '\Device\HarddiskVolume3\Windows\System32\vcruntime140_1.dll' [rescheduled]
4570.3c2c: Detected loader lock ownership: rc=VINF_SUCCESS '\Device\HarddiskVolume3\Windows\System32\vcruntime140_1.dll'.
4570.3c2c: supR3HardenedWinVerifyCacheProcessWvtTodos: 0 (was 0) fWinVerifyTrust=0 for '\Device\HarddiskVolume3\Windows\System32\vcruntime140_1.dll' [rescheduled]
4570.3c2c: supR3HardenedMonitor_LdrLoadDll: returns rcNt=0x0 hMod=00007fff08e70000 'D:\VBox\VBoxRT.dll'
4570.3c2c: Detected loader lock ownership: rc=VINF_SUCCESS '\Device\HarddiskVolume3\Windows\System32\vcruntime140_1.dll'.
4570.3c2c: supR3HardenedWinVerifyCacheProcessWvtTodos: 0 (was 0) fWinVerifyTrust=0 for '\Device\HarddiskVolume3\Windows\System32\vcruntime140_1.dll' [rescheduled]
4570.3c2c: Detected loader lock ownership: rc=VINF_SUCCESS '\Device\HarddiskVolume3\Windows\System32\vcruntime140_1.dll'.
4570.3c2c: supR3HardenedWinVerifyCacheProcessWvtTodos: 0 (was 0) fWinVerifyTrust=0 for '\Device\HarddiskVolume3\Windows\System32\vcruntime140_1.dll' [rescheduled]
4570.3c2c: supR3HardenedMonitor_LdrLoadDll: returns rcNt=0x0 hMod=00007fff08e70000 'D:\VBox\VBoxRT.dll'
4570.3c2c: Detected loader lock ownership: rc=VINF_SUCCESS '\Device\HarddiskVolume3\Windows\System32\vcruntime140_1.dll'.
4570.3c2c: supR3HardenedWinVerifyCacheProcessWvtTodos: 0 (was 0) fWinVerifyTrust=0 for '\Device\HarddiskVolume3\Windows\System32\vcruntime140_1.dll' [rescheduled]
4570.3c2c: Detected loader lock ownership: rc=VINF_SUCCESS '\Device\HarddiskVolume3\Windows\System32\vcruntime140_1.dll'.
4570.3c2c: supR3HardenedWinVerifyCacheProcessWvtTodos: 0 (was 0) fWinVerifyTrust=0 for '\Device\HarddiskVolume3\Windows\System32\vcruntime140_1.dll' [rescheduled]
4570.3c2c: supR3HardenedMonitor_LdrLoadDll: returns rcNt=0x0 hMod=00007fff08e70000 'D:\VBox\VBoxRT.dll'
4570.3c2c: Detected loader lock ownership: rc=VINF_SUCCESS '\Device\HarddiskVolume3\Windows\System32\vcruntime140_1.dll'.
4570.3c2c: supR3HardenedWinVerifyCacheProcessWvtTodos: 0 (was 0) fWinVerifyTrust=0 for '\Device\HarddiskVolume3\Windows\System32\vcruntime140_1.dll' [rescheduled]
4570.3c2c: Detected loader lock ownership: rc=VINF_SUCCESS '\Device\HarddiskVolume3\Windows\System32\vcruntime140_1.dll'.
4570.3c2c: supR3HardenedWinVerifyCacheProcessWvtTodos: 0 (was 0) fWinVerifyTrust=0 for '\Device\HarddiskVolume3\Windows\System32\vcruntime140_1.dll' [rescheduled]
4570.3c2c: supR3HardenedScreenImage/LdrLoadDll: cache hit (VINF_SUCCESS) on \Device\HarddiskVolume4\VBox\VBoxRT.dll
4570.3c2c: supR3HardenedMonitor_LdrLoadDll: pName=D:\VBox\VBoxRT.dll (rcNtResolve=0xc0150008) *pfFlags=0x0 pwszSearchPath=0000000000000001:<flags> [calling]
4570.3c2c: supR3HardenedMonitor_LdrLoadDll: returns rcNt=0x0 hMod=00007fff08e70000 'D:\VBox\VBoxRT.dll'
4570.3c2c: Detected loader lock ownership: rc=VINF_SUCCESS '\Device\HarddiskVolume3\Windows\System32\vcruntime140_1.dll'.
4570.3c2c: supR3HardenedWinVerifyCacheProcessWvtTodos: 0 (was 0) fWinVerifyTrust=0 for '\Device\HarddiskVolume3\Windows\System32\vcruntime140_1.dll' [rescheduled]
4570.3c2c: Detected loader lock ownership: rc=VINF_SUCCESS '\Device\HarddiskVolume3\Windows\System32\vcruntime140_1.dll'.
4570.3c2c: supR3HardenedWinVerifyCacheProcessWvtTodos: 0 (was 0) fWinVerifyTrust=0 for '\Device\HarddiskVolume3\Windows\System32\vcruntime140_1.dll' [rescheduled]
4570.3c2c: supR3HardenedMonitor_LdrLoadDll: returns rcNt=0x0 hMod=00007fff08e70000 'D:\VBox\VBoxRT.dll'
4570.3c2c: Detected loader lock ownership: rc=VINF_SUCCESS '\Device\HarddiskVolume3\Windows\System32\vcruntime140_1.dll'.
4570.3c2c: supR3HardenedWinVerifyCacheProcessWvtTodos: 0 (was 0) fWinVerifyTrust=0 for '\Device\HarddiskVolume3\Windows\System32\vcruntime140_1.dll' [rescheduled]
4570.3c2c: Detected loader lock ownership: rc=VINF_SUCCESS '\Device\HarddiskVolume3\Windows\System32\vcruntime140_1.dll'.
4570.3c2c: supR3HardenedWinVerifyCacheProcessWvtTodos: 0 (was 0) fWinVerifyTrust=0 for '\Device\HarddiskVolume3\Windows\System32\vcruntime140_1.dll' [rescheduled]
4570.3c2c: supR3HardenedMonitor_LdrLoadDll: returns rcNt=0x0 hMod=00007fff08e70000 'D:\VBox\VBoxRT.dll'
4570.3c2c: Detected loader lock ownership: rc=VINF_SUCCESS '\Device\HarddiskVolume3\Windows\System32\vcruntime140_1.dll'.
4570.3c2c: supR3HardenedWinVerifyCacheProcessWvtTodos: 0 (was 0) fWinVerifyTrust=0 for '\Device\HarddiskVolume3\Windows\System32\vcruntime140_1.dll' [rescheduled]
4570.3c2c: supR3HardenedMonitor_LdrLoadDll: returns rcNt=0x0 hMod=00007fff08e70000 'D:\VBox\VBoxRT.dll'
4570.3c2c: supR3HardenedMonitor_LdrLoadDll: returns rcNt=0x0 hMod=00007fffbdab0000 'C:\Windows\system32\rsaenh.dll'
4570.3c2c: supR3HardenedMonitor_LdrLoadDll: returns rcNt=0x0 hMod=00007fffbf130000 'C:\Windows\System32\crypt32.dll'
4570.3c2c: supR3HardenedWinVerifyCacheProcessWvtTodos: 0 (was 0) fWinVerifyTrust=1 for '\Device\HarddiskVolume3\Windows\System32\vcruntime140_1.dll'
4570.3c2c: supR3HardenedScreenImage/LdrLoadDll: cache hit (VINF_SUCCESS) on \Device\HarddiskVolume3\Windows\System32\wintrust.dll
4570.3c2c: supR3HardenedMonitor_LdrLoadDll: pName=C:\Windows\system32\Wintrust.dll (rcNtResolve=0xc0150008) *pfFlags=0x0 pwszSearchPath=0000000000000801:<flags> [calling]
4570.3c2c: supR3HardenedMonitor_LdrLoadDll: returns rcNt=0x0 hMod=00007fffbf2b0000 'C:\Windows\system32\Wintrust.dll'
4570.3c2c: supR3HardenedMonitor_LdrLoadDll: returns rcNt=0x0 hMod=00007fffbdab0000 'C:\Windows\system32\rsaenh.dll'
4570.3c2c: supR3HardenedMonitor_LdrLoadDll: returns rcNt=0x0 hMod=00007fffbf130000 'C:\Windows\System32\crypt32.dll'
4570.3c2c: supR3HardenedMonitor_LdrLoadDll: returns rcNt=0x0 hMod=00007fffbdab0000 'C:\Windows\system32\rsaenh.dll'
4570.3c2c: supR3HardenedMonitor_LdrLoadDll: returns rcNt=0x0 hMod=00007fffbf130000 'C:\Windows\System32\crypt32.dll'
4570.3c2c: supR3HardenedMonitor_LdrLoadDll: returns rcNt=0x0 hMod=00007fffbf130000 'C:\Windows\system32\crypt32.dll'
4570.3c2c: SUPR3HardenedMain: Load TrustedMain...
4570.3558: supR3HardenedIsApiSetDll: ApiSetQueryApiSetPresence(api-ms-win-appmodel-runtime-l1-1-2) -> 0x0, fPresent=1
4570.3558: supR3HardenedMonitor_LdrLoadDll: pName=api-ms-win-appmodel-runtime-l1-1-2 (rcNtResolve=0x0) *pfFlags=0x0 pwszSearchPath=0000000000000801:<flags> [calling]
4570.3558: supR3HardenedWinVerifyCacheScheduleImports: Import todo: #8 'msvcrt.dll'.
4570.3558: supHardenedWinVerifyImageByHandle: -> 0 (\Device\HarddiskVolume3\Windows\System32\kernel.appcore.dll)
4570.3558: supR3HardenedWinVerifyCacheInsert: \Device\HarddiskVolume3\Windows\System32\kernel.appcore.dll
4570.3558: supR3HardenedDllNotificationCallback: load   00007fffbdb50000 LB 0x0001b000 C:\Windows\SYSTEM32\kernel.appcore.dll [fFlags=0x0]
4570.3558: supR3HardenedScreenImage/LdrLoadDll: cache hit (VINF_SUCCESS) on \Device\HarddiskVolume3\Windows\System32\kernel.appcore.dll [avoiding WinVerifyTrust]
4570.3558: supR3HardenedMonitor_LdrLoadDll: returns rcNt=0x0 hMod=00007fffbdb50000 'api-ms-win-appmodel-runtime-l1-1-2'
4570.3558: supR3HardenedWinVerifyCacheProcessImportTodos: Processing 'msvcrt.dll'...
4570.3558: supR3HardenedWinVerifyCacheProcessImportTodos: 'msvcrt.dll' -> '\Device\HarddiskVolume3\Windows\System32\msvcrt.dll' [rcNtRedir=0xc0150008]
4570.3558: supR3HardenedScreenImage/Imports: cache hit (VINF_SUCCESS) on \Device\HarddiskVolume3\Windows\System32\msvcrt.dll
4570.3558: supR3HardenedMonitor_LdrLoadDll: returns rcNt=0x0 hMod=00007fffbdab0000 'C:\Windows\system32\rsaenh.dll'
4570.3558: supR3HardenedMonitor_LdrLoadDll: returns rcNt=0x0 hMod=00007fffbf130000 'C:\Windows\System32\crypt32.dll'
4570.3558: supR3HardenedWinVerifyCacheProcessWvtTodos: 0 (was 0) fWinVerifyTrust=1 for '\Device\HarddiskVolume3\Windows\System32\kernel.appcore.dll'
4570.3c2c: supR3HardenedMonitor_LdrLoadDll: returns rcNt=0x0 hMod=00007fffbdab0000 'C:\Windows\system32\rsaenh.dll'
4570.3c2c: supR3HardenedMonitor_LdrLoadDll: returns rcNt=0x0 hMod=00007fffbf130000 'C:\Windows\System32\crypt32.dll'
4570.3c2c: supR3HardenedWinVerifyCacheScheduleImports: Import todo: #0 'uicommon.dll'.
4570.3c2c: supR3HardenedWinVerifyCacheScheduleImports: Import todo: #1 'qt6corevbox.dll'.
4570.3c2c: supR3HardenedWinVerifyCacheScheduleImports: Import todo: #2 'qt6guivbox.dll'.
4570.3c2c: supR3HardenedWinVerifyCacheScheduleImports: Import todo: #3 'qt6widgetsvbox.dll'.
4570.3c2c: supR3HardenedWinVerifyCacheScheduleImports: Import todo: #5 'user32.dll'.
4570.3c2c: supR3HardenedWinVerifyCacheScheduleImports: Import todo: #6 'advapi32.dll'.
4570.3c2c: supR3HardenedWinVerifyCacheScheduleImports: Import todo: #7 'ole32.dll'.
4570.3c2c: supR3HardenedWinVerifyCacheScheduleImports: Import todo: #8 'oleaut32.dll'.
4570.3c2c: supR3HardenedWinVerifyCacheScheduleImports: Import todo: #9 'winmm.dll'.
4570.3c2c: supR3HardenedWinVerifyCacheScheduleImports: Import todo: #14 'vboxrt.dll'.
4570.3c2c: supR3HardenedWinVerifyCacheScheduleImports: Import todo: #15 'vcruntime140.dll'.
4570.3c2c: supR3HardenedWinVerifyCacheScheduleImports: Import todo: #16 'vcruntime140_1.dll'.
4570.3c2c: supR3HardenedWinVerifyCacheScheduleImports: Import todo: #17 'msvcp140.dll'.
4570.3c2c: supHardenedWinVerifyImageByHandle: -> 0 (\Device\HarddiskVolume4\VBox\VirtualBoxVM.dll) WinVerifyTrust
4570.3c2c: supR3HardenedWinVerifyCacheInsert: \Device\HarddiskVolume4\VBox\VirtualBoxVM.dll
4570.3c2c: supR3HardenedWinVerifyCacheProcessImportTodos: Processing 'msvcp140.dll'...
4570.3c2c: supR3HardenedWinVerifyCacheProcessImportTodos: 'msvcp140.dll' -> '\Device\HarddiskVolume3\Windows\System32\msvcp140.dll' [rcNtRedir=0xc0150008]
4570.3c2c: supR3HardenedScreenImage/Imports: cache hit (VINF_SUCCESS) on \Device\HarddiskVolume3\Windows\System32\msvcp140.dll
4570.3c2c: supR3HardenedWinVerifyCacheProcessImportTodos: Processing 'vcruntime140_1.dll'...
4570.3c2c: supR3HardenedWinVerifyCacheProcessImportTodos: 'vcruntime140_1.dll' -> '\Device\HarddiskVolume3\Windows\System32\vcruntime140_1.dll' [rcNtRedir=0xc0150008]
4570.3c2c: supR3HardenedScreenImage/Imports: cache hit (VINF_SUCCESS) on \Device\HarddiskVolume3\Windows\System32\vcruntime140_1.dll
4570.3c2c: supR3HardenedWinVerifyCacheProcessImportTodos: Processing 'vcruntime140.dll'...
4570.3c2c: supR3HardenedWinVerifyCacheProcessImportTodos: 'vcruntime140.dll' -> '\Device\HarddiskVolume3\Windows\System32\vcruntime140.dll' [rcNtRedir=0xc0150008]
4570.3c2c: supR3HardenedScreenImage/Imports: cache hit (VINF_SUCCESS) on \Device\HarddiskVolume3\Windows\System32\vcruntime140.dll
4570.3c2c: supR3HardenedWinVerifyCacheProcessImportTodos: Processing 'vboxrt.dll'...
4570.3c2c: supR3HardenedWinVerifyCacheProcessImportTodos: 'vboxrt.dll' -> '\Device\HarddiskVolume4\VBox\vboxrt.dll' [rcNtRedir=0xc0150008]
4570.3c2c: supR3HardenedWinVerifyCacheProcessImportTodos: Processing 'winmm.dll'...
4570.3c2c: supR3HardenedWinVerifyCacheProcessImportTodos: 'winmm.dll' -> '\Device\HarddiskVolume3\Windows\System32\winmm.dll' [rcNtRedir=0xc0150008]
4570.3c2c: supR3HardenedMonitor_LdrLoadDll: returns rcNt=0x0 hMod=00007fffbdab0000 'C:\Windows\system32\rsaenh.dll'
4570.3c2c: supR3HardenedMonitor_LdrLoadDll: returns rcNt=0x0 hMod=00007fffbf130000 'C:\Windows\System32\crypt32.dll'
4570.3c2c: supHardenedWinVerifyImageByHandle: -> 0 (\Device\HarddiskVolume3\Windows\System32\winmm.dll) WinVerifyTrust
4570.3c2c: supR3HardenedWinVerifyCacheInsert: \Device\HarddiskVolume3\Windows\System32\winmm.dll
4570.3c2c: supR3HardenedWinVerifyCacheProcessImportTodos: Processing 'oleaut32.dll'...
4570.3c2c: supR3HardenedWinVerifyCacheProcessImportTodos: 'oleaut32.dll' -> '\Device\HarddiskVolume3\Windows\System32\oleaut32.dll' [rcNtRedir=0xc0150008]
4570.3c2c: supR3HardenedMonitor_LdrLoadDll: returns rcNt=0x0 hMod=00007fffbdab0000 'C:\Windows\system32\rsaenh.dll'
4570.3c2c: supR3HardenedMonitor_LdrLoadDll: returns rcNt=0x0 hMod=00007fffbf130000 'C:\Windows\System32\crypt32.dll'
4570.3c2c: supR3HardenedWinVerifyCacheScheduleImports: Import todo: #0 'msvcp_win.dll'.
4570.3c2c: supR3HardenedWinVerifyCacheScheduleImports: Import todo: #5 'combase.dll'.
4570.3c2c: supR3HardenedWinVerifyCacheScheduleImports: Import todo: #26 'rpcrt4.dll'.
4570.3c2c: supHardenedWinVerifyImageByHandle: -> 0 (\Device\HarddiskVolume3\Windows\System32\oleaut32.dll) WinVerifyTrust
4570.3c2c: supR3HardenedWinVerifyCacheInsert: \Device\HarddiskVolume3\Windows\System32\oleaut32.dll
4570.3c2c: supR3HardenedWinVerifyCacheProcessImportTodos: Processing 'ole32.dll'...
4570.3c2c: supR3HardenedWinVerifyCacheProcessImportTodos: 'ole32.dll' -> '\Device\HarddiskVolume3\Windows\System32\ole32.dll' [rcNtRedir=0xc0150008]
4570.3c2c: supR3HardenedWinVerifyCacheProcessImportTodos: Processing 'rpcrt4.dll'...
4570.3c2c: supR3HardenedWinVerifyCacheProcessImportTodos: 'rpcrt4.dll' -> '\Device\HarddiskVolume3\Windows\System32\rpcrt4.dll' [rcNtRedir=0xc0150008]
4570.3c2c: supR3HardenedScreenImage/Imports: cache hit (VINF_SUCCESS) on \Device\HarddiskVolume3\Windows\System32\rpcrt4.dll
4570.3c2c: supR3HardenedWinVerifyCacheProcessImportTodos: Processing 'combase.dll'...
4570.3c2c: supR3HardenedWinVerifyCacheProcessImportTodos: 'combase.dll' -> '\Device\HarddiskVolume3\Windows\System32\combase.dll' [rcNtRedir=0xc0150008]
4570.3c2c: Detected WinVerifyTrust recursion: rc=VINF_SUCCESS '\Device\HarddiskVolume3\Windows\System32\combase.dll'.
4570.3c2c: supR3HardenedWinVerifyCacheScheduleImports: Import todo: #3 'rpcrt4.dll'.
4570.3c2c: supHardenedWinVerifyImageByHandle: -> 0 (\Device\HarddiskVolume3\Windows\System32\combase.dll)
4570.3c2c: supR3HardenedWinVerifyCacheInsert: \Device\HarddiskVolume3\Windows\System32\combase.dll
4570.3c2c: supR3HardenedWinVerifyCacheProcessImportTodos: Processing 'msvcp_win.dll'...
4570.3c2c: supR3HardenedWinVerifyCacheProcessImportTodos: 'msvcp_win.dll' -> '\Device\HarddiskVolume3\Windows\System32\msvcp_win.dll' [rcNtRedir=0xc0150008]
4570.3c2c: supR3HardenedScreenImage/Imports: cache hit (VINF_SUCCESS) on \Device\HarddiskVolume3\Windows\System32\msvcp_win.dll
4570.3c2c: supR3HardenedWinVerifyCacheProcessImportTodos: Processing 'rpcrt4.dll'...
4570.3c2c: supR3HardenedWinVerifyCacheProcessImportTodos: 'rpcrt4.dll' -> '\Device\HarddiskVolume3\Windows\System32\rpcrt4.dll' [rcNtRedir=0xc0150008]
4570.3c2c: supR3HardenedScreenImage/Imports: cache hit (VINF_SUCCESS) on \Device\HarddiskVolume3\Windows\System32\rpcrt4.dll
4570.3c2c: supR3HardenedMonitor_LdrLoadDll: returns rcNt=0x0 hMod=00007fffbdab0000 'C:\Windows\system32\rsaenh.dll'
4570.3c2c: supR3HardenedMonitor_LdrLoadDll: returns rcNt=0x0 hMod=00007fffbf130000 'C:\Windows\System32\crypt32.dll'
4570.3c2c: supR3HardenedWinVerifyCacheScheduleImports: Import todo: #0 'msvcp_win.dll'.
4570.3c2c: supR3HardenedWinVerifyCacheScheduleImports: Import todo: #44 'gdi32.dll'.
4570.3c2c: supR3HardenedWinVerifyCacheScheduleImports: Import todo: #45 'user32.dll'.
4570.3c2c: supR3HardenedWinVerifyCacheScheduleImports: Import todo: #46 'combase.dll'.
4570.3c2c: supHardenedWinVerifyImageByHandle: -> 0 (\Device\HarddiskVolume3\Windows\System32\ole32.dll) WinVerifyTrust
4570.3c2c: supR3HardenedWinVerifyCacheInsert: \Device\HarddiskVolume3\Windows\System32\ole32.dll
4570.3c2c: supR3HardenedWinVerifyCacheProcessImportTodos: Processing 'advapi32.dll'...
4570.3c2c: supR3HardenedWinVerifyCacheProcessImportTodos: 'advapi32.dll' -> '\Device\HarddiskVolume3\Windows\System32\advapi32.dll' [rcNtRedir=0xc0150008]
4570.3c2c: supR3HardenedScreenImage/Imports: cache hit (VINF_SUCCESS) on \Device\HarddiskVolume3\Windows\System32\advapi32.dll
4570.3c2c: supR3HardenedWinVerifyCacheProcessImportTodos: Processing 'user32.dll'...
4570.3c2c: supR3HardenedWinVerifyCacheProcessImportTodos: 'user32.dll' -> '\Device\HarddiskVolume3\Windows\System32\user32.dll' [rcNtRedir=0xc0150008]
4570.3c2c: supR3HardenedWinVerifyCacheProcessImportTodos: Processing 'combase.dll'...
4570.3c2c: supR3HardenedWinVerifyCacheProcessImportTodos: 'combase.dll' -> '\Device\HarddiskVolume3\Windows\System32\combase.dll' [rcNtRedir=0xc0150008]
4570.3c2c: supR3HardenedScreenImage/Imports: cache hit (VINF_SUCCESS) on \Device\HarddiskVolume3\Windows\System32\combase.dll [lacks WinVerifyTrust]
4570.3c2c: supR3HardenedWinVerifyCacheProcessImportTodos: Processing 'user32.dll'...
4570.3c2c: supR3HardenedWinVerifyCacheProcessImportTodos: 'user32.dll' -> '\Device\HarddiskVolume3\Windows\System32\user32.dll' [rcNtRedir=0xc0150008]
4570.3c2c: Detected WinVerifyTrust recursion: rc=VINF_SUCCESS '\Device\HarddiskVolume3\Windows\System32\user32.dll'.
4570.3c2c: supR3HardenedWinVerifyCacheScheduleImports: Import todo: #0 'win32u.dll'.
4570.3c2c: supR3HardenedWinVerifyCacheScheduleImports: Import todo: #39 'gdi32.dll'.
4570.3c2c: supHardenedWinVerifyImageByHandle: -> 0 (\Device\HarddiskVolume3\Windows\System32\user32.dll)
4570.3c2c: supR3HardenedWinVerifyCacheInsert: \Device\HarddiskVolume3\Windows\System32\user32.dll
4570.3c2c: supR3HardenedWinVerifyCacheProcessImportTodos: Processing 'gdi32.dll'...
4570.3c2c: supR3HardenedWinVerifyCacheProcessImportTodos: 'gdi32.dll' -> '\Device\HarddiskVolume3\Windows\System32\gdi32.dll' [rcNtRedir=0xc0150008]
4570.3c2c: Detected WinVerifyTrust recursion: rc=VINF_SUCCESS '\Device\HarddiskVolume3\Windows\System32\gdi32.dll'.
4570.3c2c: supR3HardenedWinVerifyCacheScheduleImports: Import todo: #9 'win32u.dll'.
4570.3c2c: supHardenedWinVerifyImageByHandle: -> 0 (\Device\HarddiskVolume3\Windows\System32\gdi32.dll)
4570.3c2c: supR3HardenedWinVerifyCacheInsert: \Device\HarddiskVolume3\Windows\System32\gdi32.dll
4570.3c2c: supR3HardenedWinVerifyCacheProcessImportTodos: Processing 'msvcp_win.dll'...
4570.3c2c: supR3HardenedWinVerifyCacheProcessImportTodos: 'msvcp_win.dll' -> '\Device\HarddiskVolume3\Windows\System32\msvcp_win.dll' [rcNtRedir=0xc0150008]
4570.3c2c: supR3HardenedScreenImage/Imports: cache hit (VINF_SUCCESS) on \Device\HarddiskVolume3\Windows\System32\msvcp_win.dll
4570.3c2c: supR3HardenedWinVerifyCacheProcessImportTodos: Processing 'win32u.dll'...
4570.3c2c: supR3HardenedWinVerifyCacheProcessImportTodos: 'win32u.dll' -> '\Device\HarddiskVolume3\Windows\System32\win32u.dll' [rcNtRedir=0xc0150008]
4570.3c2c: Detected WinVerifyTrust recursion: rc=VINF_SUCCESS '\Device\HarddiskVolume3\Windows\System32\win32u.dll'.
4570.3c2c: supHardenedWinVerifyImageByHandle: -> 0 (\Device\HarddiskVolume3\Windows\System32\win32u.dll)
4570.3c2c: supR3HardenedWinVerifyCacheInsert: \Device\HarddiskVolume3\Windows\System32\win32u.dll
4570.3c2c: supR3HardenedWinVerifyCacheProcessImportTodos: Processing 'gdi32.dll'...
4570.3c2c: supR3HardenedWinVerifyCacheProcessImportTodos: 'gdi32.dll' -> '\Device\HarddiskVolume3\Windows\System32\gdi32.dll' [rcNtRedir=0xc0150008]
4570.3c2c: supR3HardenedScreenImage/Imports: cache hit (VINF_SUCCESS) on \Device\HarddiskVolume3\Windows\System32\gdi32.dll [lacks WinVerifyTrust]
4570.3c2c: supR3HardenedWinVerifyCacheProcessImportTodos: Processing 'win32u.dll'...
4570.3c2c: supR3HardenedWinVerifyCacheProcessImportTodos: 'win32u.dll' -> '\Device\HarddiskVolume3\Windows\System32\win32u.dll' [rcNtRedir=0xc0150008]
4570.3c2c: supR3HardenedScreenImage/Imports: cache hit (VINF_SUCCESS) on \Device\HarddiskVolume3\Windows\System32\win32u.dll [lacks WinVerifyTrust]
4570.3c2c: supR3HardenedMonitor_LdrLoadDll: returns rcNt=0x0 hMod=00007fffbdab0000 'C:\Windows\system32\rsaenh.dll'
4570.3c2c: supR3HardenedMonitor_LdrLoadDll: returns rcNt=0x0 hMod=00007fffbf130000 'C:\Windows\System32\crypt32.dll'
4570.3c2c: supR3HardenedWinVerifyCacheScheduleImports: Import todo: #0 'win32u.dll'.
4570.3c2c: supR3HardenedWinVerifyCacheScheduleImports: Import todo: #39 'gdi32.dll'.
4570.3c2c: supHardenedWinVerifyImageByHandle: -> 0 (\Device\HarddiskVolume3\Windows\System32\user32.dll) WinVerifyTrust
4570.3c2c: supR3HardenedWinVerifyCacheProcessImportTodos: Processing 'qt6widgetsvbox.dll'...
4570.3c2c: supR3HardenedWinVerifyCacheProcessImportTodos: 'qt6widgetsvbox.dll' -> '\Device\HarddiskVolume4\VBox\qt6widgetsvbox.dll' [rcNtRedir=0xc0150008]
4570.3c2c: supR3HardenedWinVerifyCacheProcessImportTodos: Processing 'gdi32.dll'...
4570.3c2c: supR3HardenedWinVerifyCacheProcessImportTodos: 'gdi32.dll' -> '\Device\HarddiskVolume3\Windows\System32\gdi32.dll' [rcNtRedir=0xc0150008]
4570.3c2c: supR3HardenedScreenImage/Imports: cache hit (VINF_SUCCESS) on \Device\HarddiskVolume3\Windows\System32\gdi32.dll [lacks WinVerifyTrust]
4570.3c2c: supR3HardenedWinVerifyCacheProcessImportTodos: Processing 'win32u.dll'...
4570.3c2c: supR3HardenedWinVerifyCacheProcessImportTodos: 'win32u.dll' -> '\Device\HarddiskVolume3\Windows\System32\win32u.dll' [rcNtRedir=0xc0150008]
4570.3c2c: supR3HardenedScreenImage/Imports: cache hit (VINF_SUCCESS) on \Device\HarddiskVolume3\Windows\System32\win32u.dll [lacks WinVerifyTrust]
4570.3c2c: supR3HardenedMonitor_LdrLoadDll: returns rcNt=0x0 hMod=00007fffbdab0000 'C:\Windows\system32\rsaenh.dll'
4570.3c2c: supR3HardenedMonitor_LdrLoadDll: returns rcNt=0x0 hMod=00007fffbf130000 'C:\Windows\System32\crypt32.dll'
4570.3c2c: supR3HardenedWinVerifyCacheScheduleImports: Import todo: #0 'dwmapi.dll'.
4570.3c2c: supR3HardenedWinVerifyCacheScheduleImports: Import todo: #1 'uxtheme.dll'.
4570.3c2c: supR3HardenedWinVerifyCacheScheduleImports: Import todo: #2 'qt6guivbox.dll'.
4570.3c2c: supR3HardenedWinVerifyCacheScheduleImports: Import todo: #3 'qt6corevbox.dll'.
4570.3c2c: supR3HardenedWinVerifyCacheScheduleImports: Import todo: #5 'user32.dll'.
4570.3c2c: supR3HardenedWinVerifyCacheScheduleImports: Import todo: #6 'gdi32.dll'.
4570.3c2c: supR3HardenedWinVerifyCacheScheduleImports: Import todo: #7 'msvcp140.dll'.
4570.3c2c: supR3HardenedWinVerifyCacheScheduleImports: Import todo: #8 'msvcp140_1.dll'.
4570.3c2c: supR3HardenedWinVerifyCacheScheduleImports: Import todo: #9 'vcruntime140.dll'.
4570.3c2c: supR3HardenedWinVerifyCacheScheduleImports: Import todo: #10 'vcruntime140_1.dll'.
4570.3c2c: supHardenedWinVerifyImageByHandle: -> 0 (\Device\HarddiskVolume4\VBox\Qt6WidgetsVBox.dll) WinVerifyTrust
4570.3c2c: supR3HardenedWinVerifyCacheInsert: \Device\HarddiskVolume4\VBox\Qt6WidgetsVBox.dll
4570.3c2c: supR3HardenedWinVerifyCacheProcessImportTodos: Processing 'qt6guivbox.dll'...
4570.3c2c: supR3HardenedWinVerifyCacheProcessImportTodos: 'qt6guivbox.dll' -> '\Device\HarddiskVolume4\VBox\qt6guivbox.dll' [rcNtRedir=0xc0150008]
4570.3c2c: supR3HardenedWinVerifyCacheProcessImportTodos: Processing 'vcruntime140_1.dll'...
4570.3c2c: supR3HardenedWinVerifyCacheProcessImportTodos: 'vcruntime140_1.dll' -> '\Device\HarddiskVolume3\Windows\System32\vcruntime140_1.dll' [rcNtRedir=0xc0150008]
4570.3c2c: supR3HardenedScreenImage/Imports: cache hit (VINF_SUCCESS) on \Device\HarddiskVolume3\Windows\System32\vcruntime140_1.dll
4570.3c2c: supR3HardenedWinVerifyCacheProcessImportTodos: Processing 'vcruntime140.dll'...
4570.3c2c: supR3HardenedWinVerifyCacheProcessImportTodos: 'vcruntime140.dll' -> '\Device\HarddiskVolume3\Windows\System32\vcruntime140.dll' [rcNtRedir=0xc0150008]
4570.3c2c: supR3HardenedScreenImage/Imports: cache hit (VINF_SUCCESS) on \Device\HarddiskVolume3\Windows\System32\vcruntime140.dll
4570.3c2c: supR3HardenedWinVerifyCacheProcessImportTodos: Processing 'msvcp140_1.dll'...
4570.3c2c: supR3HardenedWinVerifyCacheProcessImportTodos: 'msvcp140_1.dll' -> '\Device\HarddiskVolume3\Windows\System32\msvcp140_1.dll' [rcNtRedir=0xc0150008]
4570.3c2c: Detected WinVerifyTrust recursion: rc=VINF_SUCCESS '\Device\HarddiskVolume3\Windows\System32\msvcp140_1.dll'.
4570.3c2c: supR3HardenedWinVerifyCacheScheduleImports: Import todo: #0 'msvcp140.dll'.
4570.3c2c: supR3HardenedWinVerifyCacheScheduleImports: Import todo: #1 'vcruntime140.dll'.
4570.3c2c: supHardenedWinVerifyImageByHandle: -> 0 (\Device\HarddiskVolume3\Windows\System32\msvcp140_1.dll)
4570.3c2c: supR3HardenedWinVerifyCacheInsert: \Device\HarddiskVolume3\Windows\System32\msvcp140_1.dll
4570.3c2c: supR3HardenedWinVerifyCacheProcessImportTodos: Processing 'msvcp140.dll'...
4570.3c2c: supR3HardenedWinVerifyCacheProcessImportTodos: 'msvcp140.dll' -> '\Device\HarddiskVolume3\Windows\System32\msvcp140.dll' [rcNtRedir=0xc0150008]
4570.3c2c: supR3HardenedScreenImage/Imports: cache hit (VINF_SUCCESS) on \Device\HarddiskVolume3\Windows\System32\msvcp140.dll
4570.3c2c: supR3HardenedWinVerifyCacheProcessImportTodos: Processing 'gdi32.dll'...
4570.3c2c: supR3HardenedWinVerifyCacheProcessImportTodos: 'gdi32.dll' -> '\Device\HarddiskVolume3\Windows\System32\gdi32.dll' [rcNtRedir=0xc0150008]
4570.3c2c: supR3HardenedScreenImage/Imports: cache hit (VINF_SUCCESS) on \Device\HarddiskVolume3\Windows\System32\gdi32.dll [lacks WinVerifyTrust]
4570.3c2c: supR3HardenedWinVerifyCacheProcessImportTodos: Processing 'user32.dll'...
4570.3c2c: supR3HardenedWinVerifyCacheProcessImportTodos: 'user32.dll' -> '\Device\HarddiskVolume3\Windows\System32\user32.dll' [rcNtRedir=0xc0150008]
4570.3c2c: supR3HardenedScreenImage/Imports: cache hit (VINF_SUCCESS) on \Device\HarddiskVolume3\Windows\System32\user32.dll [lacks WinVerifyTrust]
4570.3c2c: supR3HardenedWinVerifyCacheProcessImportTodos: Processing 'qt6corevbox.dll'...
4570.3c2c: supR3HardenedWinVerifyCacheProcessImportTodos: 'qt6corevbox.dll' -> '\Device\HarddiskVolume4\VBox\qt6corevbox.dll' [rcNtRedir=0xc0150008]
4570.3c2c: Detected WinVerifyTrust recursion: rc=VINF_SUCCESS '\Device\HarddiskVolume4\VBox\Qt6CoreVBox.dll'.
4570.3c2c: supR3HardenedWinVerifyCacheScheduleImports: Import todo: #1 'mpr.dll'.
4570.3c2c: supR3HardenedWinVerifyCacheScheduleImports: Import todo: #2 'userenv.dll'.
4570.3c2c: supR3HardenedWinVerifyCacheScheduleImports: Import todo: #3 'advapi32.dll'.
4570.3c2c: supR3HardenedWinVerifyCacheScheduleImports: Import todo: #4 'authz.dll'.
4570.3c2c: supR3HardenedWinVerifyCacheScheduleImports: Import todo: #6 'netapi32.dll'.
4570.3c2c: supR3HardenedWinVerifyCacheScheduleImports: Import todo: #7 'ole32.dll'.
4570.3c2c: supR3HardenedWinVerifyCacheScheduleImports: Import todo: #8 'shell32.dll'.
4570.3c2c: supR3HardenedWinVerifyCacheScheduleImports: Import todo: #9 'user32.dll'.
4570.3c2c: supR3HardenedWinVerifyCacheScheduleImports: Import todo: #10 'version.dll'.
4570.3c2c: supR3HardenedWinVerifyCacheScheduleImports: Import todo: #11 'winmm.dll'.
4570.3c2c: supR3HardenedWinVerifyCacheScheduleImports: Import todo: #12 'ws2_32.dll'.
4570.3c2c: supR3HardenedWinVerifyCacheScheduleImports: Import todo: #13 'msvcp140.dll'.
4570.3c2c: supR3HardenedWinVerifyCacheScheduleImports: Import todo: #14 'msvcp140_1.dll'.
4570.3c2c: supR3HardenedWinVerifyCacheScheduleImports: Import todo: #15 'vcruntime140_1.dll'.
4570.3c2c: supR3HardenedWinVerifyCacheScheduleImports: Import todo: #16 'vcruntime140.dll'.
4570.3c2c: supHardenedWinVerifyImageByHandle: -> 0 (\Device\HarddiskVolume4\VBox\Qt6CoreVBox.dll)
4570.3c2c: supR3HardenedWinVerifyCacheInsert: \Device\HarddiskVolume4\VBox\Qt6CoreVBox.dll
4570.3c2c: supR3HardenedWinVerifyCacheProcessImportTodos: Processing 'qt6guivbox.dll'...
4570.3c2c: supR3HardenedWinVerifyCacheProcessImportTodos: 'qt6guivbox.dll' -> '\Device\HarddiskVolume4\VBox\qt6guivbox.dll' [rcNtRedir=0xc0150008]
4570.3c2c: Detected WinVerifyTrust recursion: rc=VINF_SUCCESS '\Device\HarddiskVolume4\VBox\Qt6GuiVBox.dll'.
4570.3c2c: supR3HardenedWinVerifyCacheScheduleImports: Import todo: #0 'd3d11.dll'.
4570.3c2c: supR3HardenedWinVerifyCacheScheduleImports: Import todo: #1 'dxgi.dll'.
4570.3c2c: supR3HardenedWinVerifyCacheScheduleImports: Import todo: #2 'd3d12.dll'.
4570.3c2c: supR3HardenedWinVerifyCacheScheduleImports: Import todo: #3 'gdi32.dll'.
4570.3c2c: supR3HardenedWinVerifyCacheScheduleImports: Import todo: #4 'ole32.dll'.
4570.3c2c: supR3HardenedWinVerifyCacheScheduleImports: Import todo: #5 'shell32.dll'.
4570.3c2c: supR3HardenedWinVerifyCacheScheduleImports: Import todo: #6 'user32.dll'.
4570.3c2c: supR3HardenedWinVerifyCacheScheduleImports: Import todo: #7 'uxtheme.dll'.
4570.3c2c: supR3HardenedWinVerifyCacheScheduleImports: Import todo: #8 'dwrite.dll'.
4570.3c2c: supR3HardenedWinVerifyCacheScheduleImports: Import todo: #9 'qt6corevbox.dll'.
4570.3c2c: supR3HardenedWinVerifyCacheScheduleImports: Import todo: #11 'msvcp140.dll'.
4570.3c2c: supR3HardenedWinVerifyCacheScheduleImports: Import todo: #12 'msvcp140_1.dll'.
4570.3c2c: supR3HardenedWinVerifyCacheScheduleImports: Import todo: #13 'msvcp140_2.dll'.
4570.3c2c: supR3HardenedWinVerifyCacheScheduleImports: Import todo: #14 'vcruntime140.dll'.
4570.3c2c: supR3HardenedWinVerifyCacheScheduleImports: Import todo: #15 'vcruntime140_1.dll'.
4570.3c2c: supHardenedWinVerifyImageByHandle: -> 0 (\Device\HarddiskVolume4\VBox\Qt6GuiVBox.dll)
4570.3c2c: supR3HardenedWinVerifyCacheInsert: \Device\HarddiskVolume4\VBox\Qt6GuiVBox.dll
4570.3c2c: supR3HardenedWinVerifyCacheProcessImportTodos: Processing 'uxtheme.dll'...
4570.3c2c: supR3HardenedWinVerifyCacheProcessImportTodos: 'uxtheme.dll' -> '\Device\HarddiskVolume3\Windows\System32\uxtheme.dll' [rcNtRedir=0xc0150008]
4570.3c2c: Detected WinVerifyTrust recursion: rc=22900 '\Device\HarddiskVolume3\Windows\System32\uxtheme.dll'.
4570.3c2c: supR3HardenedWinVerifyCacheScheduleImports: Import todo: #39 'gdi32.dll'.
4570.3c2c: supR3HardenedWinVerifyCacheScheduleImports: Import todo: #40 'user32.dll'.
4570.3c2c: supHardenedWinVerifyImageByHandle: -> 22900 (\Device\HarddiskVolume3\Windows\System32\uxtheme.dll)
4570.3c2c: supR3HardenedWinVerifyCacheInsert: \Device\HarddiskVolume3\Windows\System32\uxtheme.dll
4570.3c2c: supR3HardenedWinVerifyCacheProcessImportTodos: Processing 'dwmapi.dll'...
4570.3c2c: supR3HardenedWinVerifyCacheProcessImportTodos: 'dwmapi.dll' -> '\Device\HarddiskVolume3\Windows\System32\dwmapi.dll' [rcNtRedir=0xc0150008]
4570.3c2c: Detected WinVerifyTrust recursion: rc=VINF_SUCCESS '\Device\HarddiskVolume3\Windows\System32\dwmapi.dll'.
4570.3c2c: supR3HardenedWinVerifyCacheScheduleImports: Import todo: #24 'win32u.dll'.
4570.3c2c: supR3HardenedWinVerifyCacheScheduleImports: Import todo: #25 'user32.dll'.
4570.3c2c: supR3HardenedWinVerifyCacheScheduleImports: Import todo: #26 'gdi32.dll'.
4570.3c2c: supHardenedWinVerifyImageByHandle: -> 0 (\Device\HarddiskVolume3\Windows\System32\dwmapi.dll)
4570.3c2c: supR3HardenedWinVerifyCacheInsert: \Device\HarddiskVolume3\Windows\System32\dwmapi.dll
4570.3c2c: supR3HardenedWinVerifyCacheProcessImportTodos: Processing 'gdi32.dll'...
4570.3c2c: supR3HardenedWinVerifyCacheProcessImportTodos: 'gdi32.dll' -> '\Device\HarddiskVolume3\Windows\System32\gdi32.dll' [rcNtRedir=0xc0150008]
4570.3c2c: supR3HardenedScreenImage/Imports: cache hit (VINF_SUCCESS) on \Device\HarddiskVolume3\Windows\System32\gdi32.dll [lacks WinVerifyTrust]
4570.3c2c: supR3HardenedWinVerifyCacheProcessImportTodos: Processing 'user32.dll'...
4570.3c2c: supR3HardenedWinVerifyCacheProcessImportTodos: 'user32.dll' -> '\Device\HarddiskVolume3\Windows\System32\user32.dll' [rcNtRedir=0xc0150008]
4570.3c2c: supR3HardenedScreenImage/Imports: cache hit (VINF_SUCCESS) on \Device\HarddiskVolume3\Windows\System32\user32.dll [lacks WinVerifyTrust]
4570.3c2c: supR3HardenedWinVerifyCacheProcessImportTodos: Processing 'win32u.dll'...
4570.3c2c: supR3HardenedWinVerifyCacheProcessImportTodos: 'win32u.dll' -> '\Device\HarddiskVolume3\Windows\System32\win32u.dll' [rcNtRedir=0xc0150008]
4570.3c2c: supR3HardenedScreenImage/Imports: cache hit (VINF_SUCCESS) on \Device\HarddiskVolume3\Windows\System32\win32u.dll [lacks WinVerifyTrust]
4570.3c2c: supR3HardenedWinVerifyCacheProcessImportTodos: Processing 'user32.dll'...
4570.3c2c: supR3HardenedWinVerifyCacheProcessImportTodos: 'user32.dll' -> '\Device\HarddiskVolume3\Windows\System32\user32.dll' [rcNtRedir=0xc0150008]
4570.3c2c: supR3HardenedScreenImage/Imports: cache hit (VINF_SUCCESS) on \Device\HarddiskVolume3\Windows\System32\user32.dll [lacks WinVerifyTrust]
4570.3c2c: supR3HardenedWinVerifyCacheProcessImportTodos: Processing 'gdi32.dll'...
4570.3c2c: supR3HardenedWinVerifyCacheProcessImportTodos: 'gdi32.dll' -> '\Device\HarddiskVolume3\Windows\System32\gdi32.dll' [rcNtRedir=0xc0150008]
4570.3c2c: supR3HardenedScreenImage/Imports: cache hit (VINF_SUCCESS) on \Device\HarddiskVolume3\Windows\System32\gdi32.dll [lacks WinVerifyTrust]
4570.3c2c: supR3HardenedWinVerifyCacheProcessImportTodos: Processing 'vcruntime140_1.dll'...
4570.3c2c: supR3HardenedWinVerifyCacheProcessImportTodos: 'vcruntime140_1.dll' -> '\Device\HarddiskVolume3\Windows\System32\vcruntime140_1.dll' [rcNtRedir=0xc0150008]
4570.3c2c: supR3HardenedScreenImage/Imports: cache hit (VINF_SUCCESS) on \Device\HarddiskVolume3\Windows\System32\vcruntime140_1.dll
4570.3c2c: supR3HardenedWinVerifyCacheProcessImportTodos: Processing 'vcruntime140.dll'...
4570.3c2c: supR3HardenedWinVerifyCacheProcessImportTodos: 'vcruntime140.dll' -> '\Device\HarddiskVolume3\Windows\System32\vcruntime140.dll' [rcNtRedir=0xc0150008]
4570.3c2c: supR3HardenedScreenImage/Imports: cache hit (VINF_SUCCESS) on \Device\HarddiskVolume3\Windows\System32\vcruntime140.dll
4570.3c2c: supR3HardenedWinVerifyCacheProcessImportTodos: Processing 'msvcp140_2.dll'...
4570.3c2c: supR3HardenedWinVerifyCacheProcessImportTodos: 'msvcp140_2.dll' -> '\Device\HarddiskVolume3\Windows\System32\msvcp140_2.dll' [rcNtRedir=0xc0150008]
4570.3c2c: Detected WinVerifyTrust recursion: rc=VINF_SUCCESS '\Device\HarddiskVolume3\Windows\System32\msvcp140_2.dll'.
4570.3c2c: supR3HardenedWinVerifyCacheScheduleImports: Import todo: #0 'msvcp140.dll'.
4570.3c2c: supR3HardenedWinVerifyCacheScheduleImports: Import todo: #1 'vcruntime140.dll'.
4570.3c2c: supR3HardenedWinVerifyCacheScheduleImports: Import todo: #2 'vcruntime140_1.dll'.
4570.3c2c: supHardenedWinVerifyImageByHandle: -> 0 (\Device\HarddiskVolume3\Windows\System32\msvcp140_2.dll)
4570.3c2c: supR3HardenedWinVerifyCacheInsert: \Device\HarddiskVolume3\Windows\System32\msvcp140_2.dll
4570.3c2c: supR3HardenedWinVerifyCacheProcessImportTodos: Processing 'msvcp140_1.dll'...
4570.3c2c: supR3HardenedWinVerifyCacheProcessImportTodos: 'msvcp140_1.dll' -> '\Device\HarddiskVolume3\Windows\System32\msvcp140_1.dll' [rcNtRedir=0xc0150008]
4570.3c2c: supR3HardenedScreenImage/Imports: cache hit (VINF_SUCCESS) on \Device\HarddiskVolume3\Windows\System32\msvcp140_1.dll [lacks WinVerifyTrust]
4570.3c2c: supR3HardenedWinVerifyCacheProcessImportTodos: Processing 'msvcp140.dll'...
4570.3c2c: supR3HardenedWinVerifyCacheProcessImportTodos: 'msvcp140.dll' -> '\Device\HarddiskVolume3\Windows\System32\msvcp140.dll' [rcNtRedir=0xc0150008]
4570.3c2c: supR3HardenedScreenImage/Imports: cache hit (VINF_SUCCESS) on \Device\HarddiskVolume3\Windows\System32\msvcp140.dll
4570.3c2c: supR3HardenedWinVerifyCacheProcessImportTodos: Processing 'qt6corevbox.dll'...
4570.3c2c: supR3HardenedWinVerifyCacheProcessImportTodos: 'qt6corevbox.dll' -> '\Device\HarddiskVolume4\VBox\qt6corevbox.dll' [rcNtRedir=0xc0150008]
4570.3c2c: supR3HardenedScreenImage/Imports: cache hit (VINF_SUCCESS) on \Device\HarddiskVolume4\VBox\Qt6CoreVBox.dll [lacks WinVerifyTrust]
4570.3c2c: supR3HardenedWinVerifyCacheProcessImportTodos: Processing 'dwrite.dll'...
4570.3c2c: supR3HardenedWinVerifyCacheProcessImportTodos: 'dwrite.dll' -> '\Device\HarddiskVolume3\Windows\System32\dwrite.dll' [rcNtRedir=0xc0150008]
4570.3c2c: Detected WinVerifyTrust recursion: rc=22900 '\Device\HarddiskVolume3\Windows\System32\DWrite.dll'.
4570.3c2c: supR3HardenedWinVerifyCacheScheduleImports: Import todo: #22 'rpcrt4.dll'.
4570.3c2c: supR3HardenedWinVerifyCacheScheduleImports: Import todo: #28 'msvcp_win.dll'.
4570.3c2c: supHardenedWinVerifyImageByHandle: -> 22900 (\Device\HarddiskVolume3\Windows\System32\DWrite.dll)
4570.3c2c: supR3HardenedWinVerifyCacheInsert: \Device\HarddiskVolume3\Windows\System32\DWrite.dll
4570.3c2c: supR3HardenedWinVerifyCacheProcessImportTodos: Processing 'uxtheme.dll'...
4570.3c2c: supR3HardenedWinVerifyCacheProcessImportTodos: 'uxtheme.dll' -> '\Device\HarddiskVolume3\Windows\System32\uxtheme.dll' [rcNtRedir=0xc0150008]
4570.3c2c: supR3HardenedScreenImage/Imports: cache hit (22900) on \Device\HarddiskVolume3\Windows\System32\uxtheme.dll [lacks WinVerifyTrust]
4570.3c2c: supR3HardenedWinVerifyCacheProcessImportTodos: Processing 'user32.dll'...
4570.3c2c: supR3HardenedWinVerifyCacheProcessImportTodos: 'user32.dll' -> '\Device\HarddiskVolume3\Windows\System32\user32.dll' [rcNtRedir=0xc0150008]
4570.3c2c: supR3HardenedScreenImage/Imports: cache hit (VINF_SUCCESS) on \Device\HarddiskVolume3\Windows\System32\user32.dll [lacks WinVerifyTrust]
4570.3c2c: supR3HardenedWinVerifyCacheProcessImportTodos: Processing 'shell32.dll'...
4570.3c2c: supR3HardenedWinVerifyCacheProcessImportTodos: 'shell32.dll' -> '\Device\HarddiskVolume3\Windows\System32\shell32.dll' [rcNtRedir=0xc0150008]
4570.3c2c: Detected WinVerifyTrust recursion: rc=VINF_SUCCESS '\Device\HarddiskVolume3\Windows\System32\shell32.dll'.
4570.3c2c: supR3HardenedWinVerifyCacheScheduleImports: Import todo: #0 'msvcp_win.dll'.
4570.3c2c: supR3HardenedWinVerifyCacheScheduleImports: Import todo: #71 'user32.dll'.
4570.3c2c: supR3HardenedWinVerifyCacheScheduleImports: Import todo: #73 'gdi32.dll'.
4570.3c2c: supHardenedWinVerifyImageByHandle: -> 0 (\Device\HarddiskVolume3\Windows\System32\shell32.dll)
4570.3c2c: supR3HardenedWinVerifyCacheInsert: \Device\HarddiskVolume3\Windows\System32\shell32.dll
4570.3c2c: supR3HardenedWinVerifyCacheProcessImportTodos: Processing 'ole32.dll'...
4570.3c2c: supR3HardenedWinVerifyCacheProcessImportTodos: 'ole32.dll' -> '\Device\HarddiskVolume3\Windows\System32\ole32.dll' [rcNtRedir=0xc0150008]
4570.3c2c: supR3HardenedScreenImage/Imports: cache hit (VINF_SUCCESS) on \Device\HarddiskVolume3\Windows\System32\ole32.dll
4570.3c2c: supR3HardenedWinVerifyCacheProcessImportTodos: Processing 'gdi32.dll'...
4570.3c2c: supR3HardenedWinVerifyCacheProcessImportTodos: 'gdi32.dll' -> '\Device\HarddiskVolume3\Windows\System32\gdi32.dll' [rcNtRedir=0xc0150008]
4570.3c2c: supR3HardenedScreenImage/Imports: cache hit (VINF_SUCCESS) on \Device\HarddiskVolume3\Windows\System32\gdi32.dll [lacks WinVerifyTrust]
4570.3c2c: supR3HardenedWinVerifyCacheProcessImportTodos: Processing 'd3d12.dll'...
4570.3c2c: supR3HardenedWinVerifyCacheProcessImportTodos: 'd3d12.dll' -> '\Device\HarddiskVolume3\Windows\System32\d3d12.dll' [rcNtRedir=0xc0150008]
4570.3c2c: Detected WinVerifyTrust recursion: rc=VINF_SUCCESS '\Device\HarddiskVolume3\Windows\System32\D3D12.dll'.
4570.3c2c: supR3HardenedWinVerifyCacheScheduleImports: Import todo: #0 'msvcp_win.dll'.
4570.3c2c: supHardenedWinVerifyImageByHandle: -> 0 (\Device\HarddiskVolume3\Windows\System32\D3D12.dll)
4570.3c2c: supR3HardenedWinVerifyCacheInsert: \Device\HarddiskVolume3\Windows\System32\D3D12.dll
4570.3c2c: supR3HardenedWinVerifyCacheProcessImportTodos: Processing 'dxgi.dll'...
4570.3c2c: supR3HardenedWinVerifyCacheProcessImportTodos: 'dxgi.dll' -> '\Device\HarddiskVolume3\Windows\System32\dxgi.dll' [rcNtRedir=0xc0150008]
4570.3c2c: Detected WinVerifyTrust recursion: rc=VINF_SUCCESS '\Device\HarddiskVolume3\Windows\System32\dxgi.dll'.
4570.3c2c: supR3HardenedWinVerifyCacheScheduleImports: Import todo: #0 'msvcp_win.dll'.
4570.3c2c: supR3HardenedWinVerifyCacheScheduleImports: Import todo: #6 'win32u.dll'.
4570.3c2c: supHardenedWinVerifyImageByHandle: -> 0 (\Device\HarddiskVolume3\Windows\System32\dxgi.dll)
4570.3c2c: supR3HardenedWinVerifyCacheInsert: \Device\HarddiskVolume3\Windows\System32\dxgi.dll
4570.3c2c: supR3HardenedWinVerifyCacheProcessImportTodos: Processing 'd3d11.dll'...
4570.3c2c: supR3HardenedWinVerifyCacheProcessImportTodos: 'd3d11.dll' -> '\Device\HarddiskVolume3\Windows\System32\d3d11.dll' [rcNtRedir=0xc0150008]
4570.3c2c: Detected WinVerifyTrust recursion: rc=VINF_SUCCESS '\Device\HarddiskVolume3\Windows\System32\d3d11.dll'.
4570.3c2c: supR3HardenedWinVerifyCacheScheduleImports: Import todo: #0 'msvcp_win.dll'.
4570.3c2c: supR3HardenedWinVerifyCacheScheduleImports: Import todo: #29 'dxgi.dll'.
4570.3c2c: supR3HardenedWinVerifyCacheScheduleImports: Import todo: #31 'win32u.dll'.
4570.3c2c: supHardenedWinVerifyImageByHandle: -> 0 (\Device\HarddiskVolume3\Windows\System32\d3d11.dll)
4570.3c2c: supR3HardenedWinVerifyCacheInsert: \Device\HarddiskVolume3\Windows\System32\d3d11.dll
4570.3c2c: supR3HardenedWinVerifyCacheProcessImportTodos: Processing 'vcruntime140.dll'...
4570.3c2c: supR3HardenedWinVerifyCacheProcessImportTodos: 'vcruntime140.dll' -> '\Device\HarddiskVolume3\Windows\System32\vcruntime140.dll' [rcNtRedir=0xc0150008]
4570.3c2c: supR3HardenedWinVerifyCacheProcessImportTodos: Processing 'vcruntime140_1.dll'...
4570.3c2c: supR3HardenedWinVerifyCacheProcessImportTodos: 'vcruntime140_1.dll' -> '\Device\HarddiskVolume3\Windows\System32\vcruntime140_1.dll' [rcNtRedir=0xc0150008]
4570.3c2c: supR3HardenedScreenImage/Imports: cache hit (VINF_SUCCESS) on \Device\HarddiskVolume3\Windows\System32\vcruntime140_1.dll
4570.3c2c: supR3HardenedWinVerifyCacheProcessImportTodos: Processing 'msvcp140_1.dll'...
4570.3c2c: supR3HardenedWinVerifyCacheProcessImportTodos: 'msvcp140_1.dll' -> '\Device\HarddiskVolume3\Windows\System32\msvcp140_1.dll' [rcNtRedir=0xc0150008]
4570.3c2c: supR3HardenedScreenImage/Imports: cache hit (VINF_SUCCESS) on \Device\HarddiskVolume3\Windows\System32\msvcp140_1.dll [lacks WinVerifyTrust]
4570.3c2c: supR3HardenedWinVerifyCacheProcessImportTodos: Processing 'msvcp140.dll'...
4570.3c2c: supR3HardenedWinVerifyCacheProcessImportTodos: 'msvcp140.dll' -> '\Device\HarddiskVolume3\Windows\System32\msvcp140.dll' [rcNtRedir=0xc0150008]
4570.3c2c: supR3HardenedScreenImage/Imports: cache hit (VINF_SUCCESS) on \Device\HarddiskVolume3\Windows\System32\msvcp140.dll
4570.3c2c: supR3HardenedWinVerifyCacheProcessImportTodos: Processing 'ws2_32.dll'...
4570.3c2c: supR3HardenedWinVerifyCacheProcessImportTodos: 'ws2_32.dll' -> '\Device\HarddiskVolume3\Windows\System32\ws2_32.dll' [rcNtRedir=0xc0150008]
4570.3c2c: supR3HardenedScreenImage/Imports: cache hit (VINF_SUCCESS) on \Device\HarddiskVolume3\Windows\System32\ws2_32.dll
4570.3c2c: supR3HardenedWinVerifyCacheProcessImportTodos: Processing 'winmm.dll'...
4570.3c2c: supR3HardenedWinVerifyCacheProcessImportTodos: 'winmm.dll' -> '\Device\HarddiskVolume3\Windows\System32\winmm.dll' [rcNtRedir=0xc0150008]
4570.3c2c: supR3HardenedScreenImage/Imports: cache hit (VINF_SUCCESS) on \Device\HarddiskVolume3\Windows\System32\winmm.dll
4570.3c2c: supR3HardenedWinVerifyCacheProcessImportTodos: Processing 'version.dll'...
4570.3c2c: supR3HardenedWinVerifyCacheProcessImportTodos: 'version.dll' -> '\Device\HarddiskVolume3\Windows\System32\version.dll' [rcNtRedir=0xc0150008]
4570.3c2c: Detected WinVerifyTrust recursion: rc=VINF_SUCCESS '\Device\HarddiskVolume3\Windows\System32\version.dll'.
4570.3c2c: supR3HardenedWinVerifyCacheScheduleImports: Import todo: #0 'msvcrt.dll'.
4570.3c2c: supHardenedWinVerifyImageByHandle: -> 0 (\Device\HarddiskVolume3\Windows\System32\version.dll)
4570.3c2c: supR3HardenedWinVerifyCacheInsert: \Device\HarddiskVolume3\Windows\System32\version.dll
4570.3c2c: supR3HardenedWinVerifyCacheProcessImportTodos: Processing 'user32.dll'...
4570.3c2c: supR3HardenedWinVerifyCacheProcessImportTodos: 'user32.dll' -> '\Device\HarddiskVolume3\Windows\System32\user32.dll' [rcNtRedir=0xc0150008]
4570.3c2c: supR3HardenedScreenImage/Imports: cache hit (VINF_SUCCESS) on \Device\HarddiskVolume3\Windows\System32\user32.dll [lacks WinVerifyTrust]
4570.3c2c: supR3HardenedWinVerifyCacheProcessImportTodos: Processing 'shell32.dll'...
4570.3c2c: supR3HardenedWinVerifyCacheProcessImportTodos: 'shell32.dll' -> '\Device\HarddiskVolume3\Windows\System32\shell32.dll' [rcNtRedir=0xc0150008]
4570.3c2c: supR3HardenedScreenImage/Imports: cache hit (VINF_SUCCESS) on \Device\HarddiskVolume3\Windows\System32\shell32.dll [lacks WinVerifyTrust]
4570.3c2c: supR3HardenedWinVerifyCacheProcessImportTodos: Processing 'ole32.dll'...
4570.3c2c: supR3HardenedWinVerifyCacheProcessImportTodos: 'ole32.dll' -> '\Device\HarddiskVolume3\Windows\System32\ole32.dll' [rcNtRedir=0xc0150008]
4570.3c2c: supR3HardenedScreenImage/Imports: cache hit (VINF_SUCCESS) on \Device\HarddiskVolume3\Windows\System32\ole32.dll
4570.3c2c: supR3HardenedWinVerifyCacheProcessImportTodos: Processing 'netapi32.dll'...
4570.3c2c: supR3HardenedWinVerifyCacheProcessImportTodos: 'netapi32.dll' -> '\Device\HarddiskVolume3\Windows\System32\netapi32.dll' [rcNtRedir=0xc0150008]
4570.3c2c: Detected WinVerifyTrust recursion: rc=VINF_SUCCESS '\Device\HarddiskVolume3\Windows\System32\netapi32.dll'.
4570.3c2c: supR3HardenedWinVerifyCacheScheduleImports: Import todo: #0 'msvcrt.dll'.
4570.3c2c: supHardenedWinVerifyImageByHandle: -> 0 (\Device\HarddiskVolume3\Windows\System32\netapi32.dll)
4570.3c2c: supR3HardenedWinVerifyCacheInsert: \Device\HarddiskVolume3\Windows\System32\netapi32.dll
4570.3c2c: supR3HardenedWinVerifyCacheProcessImportTodos: Processing 'authz.dll'...
4570.3c2c: supR3HardenedWinVerifyCacheProcessImportTodos: 'authz.dll' -> '\Device\HarddiskVolume3\Windows\System32\authz.dll' [rcNtRedir=0xc0150008]
4570.3c2c: Detected WinVerifyTrust recursion: rc=22900 '\Device\HarddiskVolume3\Windows\System32\authz.dll'.
4570.3c2c: supHardenedWinVerifyImageByHandle: -> 22900 (\Device\HarddiskVolume3\Windows\System32\authz.dll)
4570.3c2c: supR3HardenedWinVerifyCacheInsert: \Device\HarddiskVolume3\Windows\System32\authz.dll
4570.3c2c: supR3HardenedWinVerifyCacheProcessImportTodos: Processing 'advapi32.dll'...
4570.3c2c: supR3HardenedWinVerifyCacheProcessImportTodos: 'advapi32.dll' -> '\Device\HarddiskVolume3\Windows\System32\advapi32.dll' [rcNtRedir=0xc0150008]
4570.3c2c: supR3HardenedScreenImage/Imports: cache hit (VINF_SUCCESS) on \Device\HarddiskVolume3\Windows\System32\advapi32.dll
4570.3c2c: supR3HardenedWinVerifyCacheProcessImportTodos: Processing 'userenv.dll'...
4570.3c2c: supR3HardenedWinVerifyCacheProcessImportTodos: 'userenv.dll' -> '\Device\HarddiskVolume3\Windows\System32\userenv.dll' [rcNtRedir=0xc0150008]
4570.3c2c: Detected WinVerifyTrust recursion: rc=VINF_SUCCESS '\Device\HarddiskVolume3\Windows\System32\userenv.dll'.
4570.3c2c: supR3HardenedWinVerifyCacheScheduleImports: Import todo: #15 'rpcrt4.dll'.
4570.3c2c: supHardenedWinVerifyImageByHandle: -> 0 (\Device\HarddiskVolume3\Windows\System32\userenv.dll)
4570.3c2c: supR3HardenedWinVerifyCacheInsert: \Device\HarddiskVolume3\Windows\System32\userenv.dll
4570.3c2c: supR3HardenedWinVerifyCacheProcessImportTodos: Processing 'mpr.dll'...
4570.3c2c: supR3HardenedWinVerifyCacheProcessImportTodos: 'mpr.dll' -> '\Device\HarddiskVolume3\Windows\System32\mpr.dll' [rcNtRedir=0xc0150008]
4570.3c2c: supR3HardenedScreenImage/Imports: cache hit (VINF_SUCCESS) on \Device\HarddiskVolume3\Windows\System32\mpr.dll
4570.3c2c: supR3HardenedWinVerifyCacheProcessImportTodos: Processing 'vcruntime140.dll'...
4570.3c2c: supR3HardenedWinVerifyCacheProcessImportTodos: 'vcruntime140.dll' -> '\Device\HarddiskVolume3\Windows\System32\vcruntime140.dll' [rcNtRedir=0xc0150008]
4570.3c2c: supR3HardenedWinVerifyCacheProcessImportTodos: Processing 'msvcp140.dll'...
4570.3c2c: supR3HardenedWinVerifyCacheProcessImportTodos: 'msvcp140.dll' -> '\Device\HarddiskVolume3\Windows\System32\msvcp140.dll' [rcNtRedir=0xc0150008]
4570.3c2c: supR3HardenedScreenImage/Imports: cache hit (VINF_SUCCESS) on \Device\HarddiskVolume3\Windows\System32\msvcp140.dll
4570.3c2c: supR3HardenedWinVerifyCacheProcessImportTodos: Processing 'rpcrt4.dll'...
4570.3c2c: supR3HardenedWinVerifyCacheProcessImportTodos: 'rpcrt4.dll' -> '\Device\HarddiskVolume3\Windows\System32\rpcrt4.dll' [rcNtRedir=0xc0150008]
4570.3c2c: supR3HardenedWinVerifyCacheProcessImportTodos: Processing 'msvcrt.dll'...
4570.3c2c: supR3HardenedWinVerifyCacheProcessImportTodos: 'msvcrt.dll' -> '\Device\HarddiskVolume3\Windows\System32\msvcrt.dll' [rcNtRedir=0xc0150008]
4570.3c2c: supR3HardenedScreenImage/Imports: cache hit (VINF_SUCCESS) on \Device\HarddiskVolume3\Windows\System32\msvcrt.dll
4570.3c2c: supR3HardenedWinVerifyCacheProcessImportTodos: Processing 'msvcrt.dll'...
4570.3c2c: supR3HardenedWinVerifyCacheProcessImportTodos: 'msvcrt.dll' -> '\Device\HarddiskVolume3\Windows\System32\msvcrt.dll' [rcNtRedir=0xc0150008]
4570.3c2c: supR3HardenedScreenImage/Imports: cache hit (VINF_SUCCESS) on \Device\HarddiskVolume3\Windows\System32\msvcrt.dll
4570.3c2c: supR3HardenedWinVerifyCacheProcessImportTodos: Processing 'win32u.dll'...
4570.3c2c: supR3HardenedWinVerifyCacheProcessImportTodos: 'win32u.dll' -> '\Device\HarddiskVolume3\Windows\System32\win32u.dll' [rcNtRedir=0xc0150008]
4570.3c2c: supR3HardenedScreenImage/Imports: cache hit (VINF_SUCCESS) on \Device\HarddiskVolume3\Windows\System32\win32u.dll [lacks WinVerifyTrust]
4570.3c2c: supR3HardenedWinVerifyCacheProcessImportTodos: Processing 'dxgi.dll'...
4570.3c2c: supR3HardenedWinVerifyCacheProcessImportTodos: 'dxgi.dll' -> '\Device\HarddiskVolume3\Windows\System32\dxgi.dll' [rcNtRedir=0xc0150008]
4570.3c2c: supR3HardenedScreenImage/Imports: cache hit (VINF_SUCCESS) on \Device\HarddiskVolume3\Windows\System32\dxgi.dll [lacks WinVerifyTrust]
4570.3c2c: supR3HardenedWinVerifyCacheProcessImportTodos: Processing 'msvcp_win.dll'...
4570.3c2c: supR3HardenedWinVerifyCacheProcessImportTodos: 'msvcp_win.dll' -> '\Device\HarddiskVolume3\Windows\System32\msvcp_win.dll' [rcNtRedir=0xc0150008]
4570.3c2c: supR3HardenedScreenImage/Imports: cache hit (VINF_SUCCESS) on \Device\HarddiskVolume3\Windows\System32\msvcp_win.dll
4570.3c2c: supR3HardenedWinVerifyCacheProcessImportTodos: Processing 'win32u.dll'...
4570.3c2c: supR3HardenedWinVerifyCacheProcessImportTodos: 'win32u.dll' -> '\Device\HarddiskVolume3\Windows\System32\win32u.dll' [rcNtRedir=0xc0150008]
4570.3c2c: supR3HardenedScreenImage/Imports: cache hit (VINF_SUCCESS) on \Device\HarddiskVolume3\Windows\System32\win32u.dll [lacks WinVerifyTrust]
4570.3c2c: supR3HardenedWinVerifyCacheProcessImportTodos: Processing 'msvcp_win.dll'...
4570.3c2c: supR3HardenedWinVerifyCacheProcessImportTodos: 'msvcp_win.dll' -> '\Device\HarddiskVolume3\Windows\System32\msvcp_win.dll' [rcNtRedir=0xc0150008]
4570.3c2c: supR3HardenedScreenImage/Imports: cache hit (VINF_SUCCESS) on \Device\HarddiskVolume3\Windows\System32\msvcp_win.dll
4570.3c2c: supR3HardenedWinVerifyCacheProcessImportTodos: Processing 'msvcp_win.dll'...
4570.3c2c: supR3HardenedWinVerifyCacheProcessImportTodos: 'msvcp_win.dll' -> '\Device\HarddiskVolume3\Windows\System32\msvcp_win.dll' [rcNtRedir=0xc0150008]
4570.3c2c: supR3HardenedScreenImage/Imports: cache hit (VINF_SUCCESS) on \Device\HarddiskVolume3\Windows\System32\msvcp_win.dll
4570.3c2c: supR3HardenedWinVerifyCacheProcessImportTodos: Processing 'gdi32.dll'...
4570.3c2c: supR3HardenedWinVerifyCacheProcessImportTodos: 'gdi32.dll' -> '\Device\HarddiskVolume3\Windows\System32\gdi32.dll' [rcNtRedir=0xc0150008]
4570.3c2c: supR3HardenedScreenImage/Imports: cache hit (VINF_SUCCESS) on \Device\HarddiskVolume3\Windows\System32\gdi32.dll [lacks WinVerifyTrust]
4570.3c2c: supR3HardenedWinVerifyCacheProcessImportTodos: Processing 'user32.dll'...
4570.3c2c: supR3HardenedWinVerifyCacheProcessImportTodos: 'user32.dll' -> '\Device\HarddiskVolume3\Windows\System32\user32.dll' [rcNtRedir=0xc0150008]
4570.3c2c: supR3HardenedScreenImage/Imports: cache hit (VINF_SUCCESS) on \Device\HarddiskVolume3\Windows\System32\user32.dll [lacks WinVerifyTrust]
4570.3c2c: supR3HardenedWinVerifyCacheProcessImportTodos: Processing 'msvcp_win.dll'...
4570.3c2c: supR3HardenedWinVerifyCacheProcessImportTodos: 'msvcp_win.dll' -> '\Device\HarddiskVolume3\Windows\System32\msvcp_win.dll' [rcNtRedir=0xc0150008]
4570.3c2c: supR3HardenedScreenImage/Imports: cache hit (VINF_SUCCESS) on \Device\HarddiskVolume3\Windows\System32\msvcp_win.dll
4570.3c2c: supR3HardenedWinVerifyCacheProcessImportTodos: Processing 'msvcp_win.dll'...
4570.3c2c: supR3HardenedWinVerifyCacheProcessImportTodos: 'msvcp_win.dll' -> '\Device\HarddiskVolume3\Windows\System32\msvcp_win.dll' [rcNtRedir=0xc0150008]
4570.3c2c: supR3HardenedScreenImage/Imports: cache hit (VINF_SUCCESS) on \Device\HarddiskVolume3\Windows\System32\msvcp_win.dll
4570.3c2c: supR3HardenedWinVerifyCacheProcessImportTodos: Processing 'rpcrt4.dll'...
4570.3c2c: supR3HardenedWinVerifyCacheProcessImportTodos: 'rpcrt4.dll' -> '\Device\HarddiskVolume3\Windows\System32\rpcrt4.dll' [rcNtRedir=0xc0150008]
4570.3c2c: supR3HardenedWinVerifyCacheProcessImportTodos: Processing 'vcruntime140_1.dll'...
4570.3c2c: supR3HardenedWinVerifyCacheProcessImportTodos: 'vcruntime140_1.dll' -> '\Device\HarddiskVolume3\Windows\System32\vcruntime140_1.dll' [rcNtRedir=0xc0150008]
4570.3c2c: supR3HardenedScreenImage/Imports: cache hit (VINF_SUCCESS) on \Device\HarddiskVolume3\Windows\System32\vcruntime140_1.dll
4570.3c2c: supR3HardenedWinVerifyCacheProcessImportTodos: Processing 'vcruntime140.dll'...
4570.3c2c: supR3HardenedWinVerifyCacheProcessImportTodos: 'vcruntime140.dll' -> '\Device\HarddiskVolume3\Windows\System32\vcruntime140.dll' [rcNtRedir=0xc0150008]
4570.3c2c: supR3HardenedWinVerifyCacheProcessImportTodos: Processing 'msvcp140.dll'...
4570.3c2c: supR3HardenedWinVerifyCacheProcessImportTodos: 'msvcp140.dll' -> '\Device\HarddiskVolume3\Windows\System32\msvcp140.dll' [rcNtRedir=0xc0150008]
4570.3c2c: supR3HardenedScreenImage/Imports: cache hit (VINF_SUCCESS) on \Device\HarddiskVolume3\Windows\System32\msvcp140.dll
4570.3c2c: supR3HardenedMonitor_LdrLoadDll: returns rcNt=0x0 hMod=00007fffbdab0000 'C:\Windows\system32\rsaenh.dll'
4570.3c2c: supR3HardenedMonitor_LdrLoadDll: returns rcNt=0x0 hMod=00007fffbf130000 'C:\Windows\System32\crypt32.dll'
4570.3c2c: supR3HardenedWinVerifyCacheScheduleImports: Import todo: #0 'd3d11.dll'.
4570.3c2c: supR3HardenedWinVerifyCacheScheduleImports: Import todo: #1 'dxgi.dll'.
4570.3c2c: supR3HardenedWinVerifyCacheScheduleImports: Import todo: #2 'd3d12.dll'.
4570.3c2c: supR3HardenedWinVerifyCacheScheduleImports: Import todo: #3 'gdi32.dll'.
4570.3c2c: supR3HardenedWinVerifyCacheScheduleImports: Import todo: #4 'ole32.dll'.
4570.3c2c: supR3HardenedWinVerifyCacheScheduleImports: Import todo: #5 'shell32.dll'.
4570.3c2c: supR3HardenedWinVerifyCacheScheduleImports: Import todo: #6 'user32.dll'.
4570.3c2c: supR3HardenedWinVerifyCacheScheduleImports: Import todo: #7 'uxtheme.dll'.
4570.3c2c: supR3HardenedWinVerifyCacheScheduleImports: Import todo: #8 'dwrite.dll'.
4570.3c2c: supR3HardenedWinVerifyCacheScheduleImports: Import todo: #9 'qt6corevbox.dll'.
4570.3c2c: supR3HardenedWinVerifyCacheScheduleImports: Import todo: #11 'msvcp140.dll'.
4570.3c2c: supR3HardenedWinVerifyCacheScheduleImports: Import todo: #12 'msvcp140_1.dll'.
4570.3c2c: supR3HardenedWinVerifyCacheScheduleImports: Import todo: #13 'msvcp140_2.dll'.
4570.3c2c: supR3HardenedWinVerifyCacheScheduleImports: Import todo: #14 'vcruntime140.dll'.
4570.3c2c: supR3HardenedWinVerifyCacheScheduleImports: Import todo: #15 'vcruntime140_1.dll'.
4570.3c2c: supHardenedWinVerifyImageByHandle: -> 0 (\Device\HarddiskVolume4\VBox\Qt6GuiVBox.dll) WinVerifyTrust
4570.3c2c: supR3HardenedWinVerifyCacheProcessImportTodos: Processing 'qt6corevbox.dll'...
4570.3c2c: supR3HardenedWinVerifyCacheProcessImportTodos: 'qt6corevbox.dll' -> '\Device\HarddiskVolume4\VBox\qt6corevbox.dll' [rcNtRedir=0xc0150008]
4570.3c2c: supR3HardenedScreenImage/Imports: cache hit (VINF_SUCCESS) on \Device\HarddiskVolume4\VBox\Qt6CoreVBox.dll [redoing WinVerifyTrust]
4570.3c2c: supR3HardenedWinVerifyCacheProcessImportTodos: Processing 'vcruntime140_1.dll'...
4570.3c2c: supR3HardenedWinVerifyCacheProcessImportTodos: 'vcruntime140_1.dll' -> '\Device\HarddiskVolume3\Windows\System32\vcruntime140_1.dll' [rcNtRedir=0xc0150008]
4570.3c2c: supR3HardenedScreenImage/Imports: cache hit (VINF_SUCCESS) on \Device\HarddiskVolume3\Windows\System32\vcruntime140_1.dll
4570.3c2c: supR3HardenedWinVerifyCacheProcessImportTodos: Processing 'vcruntime140.dll'...
4570.3c2c: supR3HardenedWinVerifyCacheProcessImportTodos: 'vcruntime140.dll' -> '\Device\HarddiskVolume3\Windows\System32\vcruntime140.dll' [rcNtRedir=0xc0150008]
4570.3c2c: supR3HardenedWinVerifyCacheProcessImportTodos: Processing 'msvcp140_2.dll'...
4570.3c2c: supR3HardenedWinVerifyCacheProcessImportTodos: 'msvcp140_2.dll' -> '\Device\HarddiskVolume3\Windows\System32\msvcp140_2.dll' [rcNtRedir=0xc0150008]
4570.3c2c: supR3HardenedScreenImage/Imports: cache hit (VINF_SUCCESS) on \Device\HarddiskVolume3\Windows\System32\msvcp140_2.dll [lacks WinVerifyTrust]
4570.3c2c: supR3HardenedWinVerifyCacheProcessImportTodos: Processing 'msvcp140_1.dll'...
4570.3c2c: supR3HardenedWinVerifyCacheProcessImportTodos: 'msvcp140_1.dll' -> '\Device\HarddiskVolume3\Windows\System32\msvcp140_1.dll' [rcNtRedir=0xc0150008]
4570.3c2c: supR3HardenedScreenImage/Imports: cache hit (VINF_SUCCESS) on \Device\HarddiskVolume3\Windows\System32\msvcp140_1.dll [lacks WinVerifyTrust]
4570.3c2c: supR3HardenedWinVerifyCacheProcessImportTodos: Processing 'msvcp140.dll'...
4570.3c2c: supR3HardenedWinVerifyCacheProcessImportTodos: 'msvcp140.dll' -> '\Device\HarddiskVolume3\Windows\System32\msvcp140.dll' [rcNtRedir=0xc0150008]
4570.3c2c: supR3HardenedWinVerifyCacheProcessImportTodos: Processing 'qt6corevbox.dll'...
4570.3c2c: supR3HardenedWinVerifyCacheProcessImportTodos: 'qt6corevbox.dll' -> '\Device\HarddiskVolume4\VBox\qt6corevbox.dll' [rcNtRedir=0xc0150008]
4570.3c2c: supR3HardenedScreenImage/Imports: cache hit (VINF_SUCCESS) on \Device\HarddiskVolume4\VBox\Qt6CoreVBox.dll [lacks WinVerifyTrust]
4570.3c2c: supR3HardenedWinVerifyCacheProcessImportTodos: Processing 'dwrite.dll'...
4570.3c2c: supR3HardenedWinVerifyCacheProcessImportTodos: 'dwrite.dll' -> '\Device\HarddiskVolume3\Windows\System32\dwrite.dll' [rcNtRedir=0xc0150008]
4570.3c2c: supR3HardenedScreenImage/Imports: cache hit (22900) on \Device\HarddiskVolume3\Windows\System32\DWrite.dll [lacks WinVerifyTrust]
4570.3c2c: supR3HardenedWinVerifyCacheProcessImportTodos: Processing 'uxtheme.dll'...
4570.3c2c: supR3HardenedWinVerifyCacheProcessImportTodos: 'uxtheme.dll' -> '\Device\HarddiskVolume3\Windows\System32\uxtheme.dll' [rcNtRedir=0xc0150008]
4570.3c2c: supR3HardenedScreenImage/Imports: cache hit (22900) on \Device\HarddiskVolume3\Windows\System32\uxtheme.dll [lacks WinVerifyTrust]
4570.3c2c: supR3HardenedWinVerifyCacheProcessImportTodos: Processing 'user32.dll'...
4570.3c2c: supR3HardenedWinVerifyCacheProcessImportTodos: 'user32.dll' -> '\Device\HarddiskVolume3\Windows\System32\user32.dll' [rcNtRedir=0xc0150008]
4570.3c2c: supR3HardenedScreenImage/Imports: cache hit (VINF_SUCCESS) on \Device\HarddiskVolume3\Windows\System32\user32.dll [lacks WinVerifyTrust]
4570.3c2c: supR3HardenedWinVerifyCacheProcessImportTodos: Processing 'shell32.dll'...
4570.3c2c: supR3HardenedWinVerifyCacheProcessImportTodos: 'shell32.dll' -> '\Device\HarddiskVolume3\Windows\System32\shell32.dll' [rcNtRedir=0xc0150008]
4570.3c2c: supR3HardenedScreenImage/Imports: cache hit (VINF_SUCCESS) on \Device\HarddiskVolume3\Windows\System32\shell32.dll [lacks WinVerifyTrust]
4570.3c2c: supR3HardenedWinVerifyCacheProcessImportTodos: Processing 'ole32.dll'...
4570.3c2c: supR3HardenedWinVerifyCacheProcessImportTodos: 'ole32.dll' -> '\Device\HarddiskVolume3\Windows\System32\ole32.dll' [rcNtRedir=0xc0150008]
4570.3c2c: supR3HardenedScreenImage/Imports: cache hit (VINF_SUCCESS) on \Device\HarddiskVolume3\Windows\System32\ole32.dll
4570.3c2c: supR3HardenedWinVerifyCacheProcessImportTodos: Processing 'gdi32.dll'...
4570.3c2c: supR3HardenedWinVerifyCacheProcessImportTodos: 'gdi32.dll' -> '\Device\HarddiskVolume3\Windows\System32\gdi32.dll' [rcNtRedir=0xc0150008]
4570.3c2c: supR3HardenedScreenImage/Imports: cache hit (VINF_SUCCESS) on \Device\HarddiskVolume3\Windows\System32\gdi32.dll [lacks WinVerifyTrust]
4570.3c2c: supR3HardenedWinVerifyCacheProcessImportTodos: Processing 'd3d12.dll'...
4570.3c2c: supR3HardenedWinVerifyCacheProcessImportTodos: 'd3d12.dll' -> '\Device\HarddiskVolume3\Windows\System32\d3d12.dll' [rcNtRedir=0xc0150008]
4570.3c2c: supR3HardenedScreenImage/Imports: cache hit (VINF_SUCCESS) on \Device\HarddiskVolume3\Windows\System32\D3D12.dll [lacks WinVerifyTrust]
4570.3c2c: supR3HardenedWinVerifyCacheProcessImportTodos: Processing 'dxgi.dll'...
4570.3c2c: supR3HardenedWinVerifyCacheProcessImportTodos: 'dxgi.dll' -> '\Device\HarddiskVolume3\Windows\System32\dxgi.dll' [rcNtRedir=0xc0150008]
4570.3c2c: supR3HardenedScreenImage/Imports: cache hit (VINF_SUCCESS) on \Device\HarddiskVolume3\Windows\System32\dxgi.dll [lacks WinVerifyTrust]
4570.3c2c: supR3HardenedWinVerifyCacheProcessImportTodos: Processing 'd3d11.dll'...
4570.3c2c: supR3HardenedWinVerifyCacheProcessImportTodos: 'd3d11.dll' -> '\Device\HarddiskVolume3\Windows\System32\d3d11.dll' [rcNtRedir=0xc0150008]
4570.3c2c: supR3HardenedScreenImage/Imports: cache hit (VINF_SUCCESS) on \Device\HarddiskVolume3\Windows\System32\d3d11.dll [lacks WinVerifyTrust]
4570.3c2c: supR3HardenedMonitor_LdrLoadDll: returns rcNt=0x0 hMod=00007fffbdab0000 'C:\Windows\system32\rsaenh.dll'
4570.3c2c: supR3HardenedMonitor_LdrLoadDll: returns rcNt=0x0 hMod=00007fffbf130000 'C:\Windows\System32\crypt32.dll'
4570.3c2c: supR3HardenedScreenImage/Imports: 0 (was 0) fWinVerifyTrust=1 for '\Device\HarddiskVolume4\VBox\Qt6CoreVBox.dll'
4570.3c2c: supR3HardenedWinVerifyCacheProcessImportTodos: Processing 'uicommon.dll'...
4570.3c2c: supR3HardenedWinVerifyCacheProcessImportTodos: 'uicommon.dll' -> '\Device\HarddiskVolume4\VBox\uicommon.dll' [rcNtRedir=0xc0150008]
4570.3c2c: supR3HardenedMonitor_LdrLoadDll: returns rcNt=0x0 hMod=00007fffbdab0000 'C:\Windows\system32\rsaenh.dll'
4570.3c2c: supR3HardenedMonitor_LdrLoadDll: returns rcNt=0x0 hMod=00007fffbf130000 'C:\Windows\System32\crypt32.dll'
4570.3c2c: supR3HardenedWinVerifyCacheScheduleImports: Import todo: #0 'qt6corevbox.dll'.
4570.3c2c: supR3HardenedWinVerifyCacheScheduleImports: Import todo: #1 'qt6guivbox.dll'.
4570.3c2c: supR3HardenedWinVerifyCacheScheduleImports: Import todo: #2 'qt6widgetsvbox.dll'.
4570.3c2c: supR3HardenedWinVerifyCacheScheduleImports: Import todo: #3 'qt6helpvbox.dll'.
4570.3c2c: supR3HardenedWinVerifyCacheScheduleImports: Import todo: #4 'qt6statemachinevbox.dll'.
4570.3c2c: supR3HardenedWinVerifyCacheScheduleImports: Import todo: #11 'user32.dll'.
4570.3c2c: supR3HardenedWinVerifyCacheScheduleImports: Import todo: #12 'ole32.dll'.
4570.3c2c: supR3HardenedWinVerifyCacheScheduleImports: Import todo: #13 'oleaut32.dll'.
4570.3c2c: supR3HardenedWinVerifyCacheScheduleImports: Import todo: #14 'vboxrt.dll'.
4570.3c2c: supR3HardenedWinVerifyCacheScheduleImports: Import todo: #15 'vcruntime140.dll'.
4570.3c2c: supR3HardenedWinVerifyCacheScheduleImports: Import todo: #16 'vcruntime140_1.dll'.
4570.3c2c: supR3HardenedWinVerifyCacheScheduleImports: Import todo: #17 'msvcp140.dll'.
4570.3c2c: supR3HardenedWinVerifyCacheScheduleImports: Import todo: #18 'advapi32.dll'.
4570.3c2c: supR3HardenedWinVerifyCacheScheduleImports: Import todo: #19 'rpcrt4.dll'.
4570.3c2c: supHardenedWinVerifyImageByHandle: -> 0 (\Device\HarddiskVolume4\VBox\UICommon.dll) WinVerifyTrust
4570.3c2c: supR3HardenedWinVerifyCacheInsert: \Device\HarddiskVolume4\VBox\UICommon.dll
4570.3c2c: supR3HardenedWinVerifyCacheProcessImportTodos: Processing 'rpcrt4.dll'...
4570.3c2c: supR3HardenedWinVerifyCacheProcessImportTodos: 'rpcrt4.dll' -> '\Device\HarddiskVolume3\Windows\System32\rpcrt4.dll' [rcNtRedir=0xc0150008]
4570.3c2c: supR3HardenedWinVerifyCacheProcessImportTodos: Processing 'advapi32.dll'...
4570.3c2c: supR3HardenedWinVerifyCacheProcessImportTodos: 'advapi32.dll' -> '\Device\HarddiskVolume3\Windows\System32\advapi32.dll' [rcNtRedir=0xc0150008]
4570.3c2c: supR3HardenedScreenImage/Imports: cache hit (VINF_SUCCESS) on \Device\HarddiskVolume3\Windows\System32\advapi32.dll
4570.3c2c: supR3HardenedWinVerifyCacheProcessImportTodos: Processing 'msvcp140.dll'...
4570.3c2c: supR3HardenedWinVerifyCacheProcessImportTodos: 'msvcp140.dll' -> '\Device\HarddiskVolume3\Windows\System32\msvcp140.dll' [rcNtRedir=0xc0150008]
4570.3c2c: supR3HardenedWinVerifyCacheProcessImportTodos: Processing 'vcruntime140_1.dll'...
4570.3c2c: supR3HardenedWinVerifyCacheProcessImportTodos: 'vcruntime140_1.dll' -> '\Device\HarddiskVolume3\Windows\System32\vcruntime140_1.dll' [rcNtRedir=0xc0150008]
4570.3c2c: supR3HardenedWinVerifyCacheProcessImportTodos: Processing 'vcruntime140.dll'...
4570.3c2c: supR3HardenedWinVerifyCacheProcessImportTodos: 'vcruntime140.dll' -> '\Device\HarddiskVolume3\Windows\System32\vcruntime140.dll' [rcNtRedir=0xc0150008]
4570.3c2c: supR3HardenedWinVerifyCacheProcessImportTodos: Processing 'vboxrt.dll'...
4570.3c2c: supR3HardenedWinVerifyCacheProcessImportTodos: 'vboxrt.dll' -> '\Device\HarddiskVolume4\VBox\vboxrt.dll' [rcNtRedir=0xc0150008]
4570.3c2c: supR3HardenedWinVerifyCacheProcessImportTodos: Processing 'oleaut32.dll'...
4570.3c2c: supR3HardenedWinVerifyCacheProcessImportTodos: 'oleaut32.dll' -> '\Device\HarddiskVolume3\Windows\System32\oleaut32.dll' [rcNtRedir=0xc0150008]
4570.3c2c: supR3HardenedScreenImage/Imports: cache hit (VINF_SUCCESS) on \Device\HarddiskVolume3\Windows\System32\oleaut32.dll
4570.3c2c: supR3HardenedWinVerifyCacheProcessImportTodos: Processing 'ole32.dll'...
4570.3c2c: supR3HardenedWinVerifyCacheProcessImportTodos: 'ole32.dll' -> '\Device\HarddiskVolume3\Windows\System32\ole32.dll' [rcNtRedir=0xc0150008]
4570.3c2c: supR3HardenedScreenImage/Imports: cache hit (VINF_SUCCESS) on \Device\HarddiskVolume3\Windows\System32\ole32.dll
4570.3c2c: supR3HardenedWinVerifyCacheProcessImportTodos: Processing 'user32.dll'...
4570.3c2c: supR3HardenedWinVerifyCacheProcessImportTodos: 'user32.dll' -> '\Device\HarddiskVolume3\Windows\System32\user32.dll' [rcNtRedir=0xc0150008]
4570.3c2c: supR3HardenedScreenImage/Imports: cache hit (VINF_SUCCESS) on \Device\HarddiskVolume3\Windows\System32\user32.dll [redoing WinVerifyTrust]
4570.3c2c: supR3HardenedMonitor_LdrLoadDll: returns rcNt=0x0 hMod=00007fffbdab0000 'C:\Windows\system32\rsaenh.dll'
4570.3c2c: supR3HardenedMonitor_LdrLoadDll: returns rcNt=0x0 hMod=00007fffbf130000 'C:\Windows\System32\crypt32.dll'
4570.3c2c: supR3HardenedScreenImage/Imports: 0 (was 0) fWinVerifyTrust=1 for '\Device\HarddiskVolume3\Windows\System32\user32.dll'
4570.3c2c: supR3HardenedWinVerifyCacheProcessImportTodos: Processing 'qt6statemachinevbox.dll'...
4570.3c2c: supR3HardenedWinVerifyCacheProcessImportTodos: 'qt6statemachinevbox.dll' -> '\Device\HarddiskVolume4\VBox\qt6statemachinevbox.dll' [rcNtRedir=0xc0150008]
4570.3c2c: supR3HardenedMonitor_LdrLoadDll: returns rcNt=0x0 hMod=00007fffbdab0000 'C:\Windows\system32\rsaenh.dll'
4570.3c2c: supR3HardenedMonitor_LdrLoadDll: returns rcNt=0x0 hMod=00007fffbf130000 'C:\Windows\System32\crypt32.dll'
4570.3c2c: supR3HardenedWinVerifyCacheScheduleImports: Import todo: #0 'qt6guivbox.dll'.
4570.3c2c: supR3HardenedWinVerifyCacheScheduleImports: Import todo: #1 'qt6corevbox.dll'.
4570.3c2c: supR3HardenedWinVerifyCacheScheduleImports: Import todo: #2 'vcruntime140.dll'.
4570.3c2c: supHardenedWinVerifyImageByHandle: -> 0 (\Device\HarddiskVolume4\VBox\Qt6StateMachineVBox.dll) WinVerifyTrust
4570.3c2c: supR3HardenedWinVerifyCacheInsert: \Device\HarddiskVolume4\VBox\Qt6StateMachineVBox.dll
4570.3c2c: supR3HardenedWinVerifyCacheProcessImportTodos: Processing 'qt6helpvbox.dll'...
4570.3c2c: supR3HardenedWinVerifyCacheProcessImportTodos: 'qt6helpvbox.dll' -> '\Device\HarddiskVolume4\VBox\qt6helpvbox.dll' [rcNtRedir=0xc0150008]
4570.3c2c: supR3HardenedWinVerifyCacheProcessImportTodos: Processing 'vcruntime140.dll'...
4570.3c2c: supR3HardenedWinVerifyCacheProcessImportTodos: 'vcruntime140.dll' -> '\Device\HarddiskVolume3\Windows\System32\vcruntime140.dll' [rcNtRedir=0xc0150008]
4570.3c2c: supR3HardenedWinVerifyCacheProcessImportTodos: Processing 'qt6corevbox.dll'...
4570.3c2c: supR3HardenedWinVerifyCacheProcessImportTodos: 'qt6corevbox.dll' -> '\Device\HarddiskVolume4\VBox\qt6corevbox.dll' [rcNtRedir=0xc0150008]
4570.3c2c: supR3HardenedScreenImage/Imports: cache hit (VINF_SUCCESS) on \Device\HarddiskVolume4\VBox\Qt6CoreVBox.dll
4570.3c2c: supR3HardenedWinVerifyCacheProcessImportTodos: Processing 'qt6guivbox.dll'...
4570.3c2c: supR3HardenedWinVerifyCacheProcessImportTodos: 'qt6guivbox.dll' -> '\Device\HarddiskVolume4\VBox\qt6guivbox.dll' [rcNtRedir=0xc0150008]
4570.3c2c: supR3HardenedScreenImage/Imports: cache hit (VINF_SUCCESS) on \Device\HarddiskVolume4\VBox\Qt6GuiVBox.dll [lacks WinVerifyTrust]
4570.3c2c: supR3HardenedMonitor_LdrLoadDll: returns rcNt=0x0 hMod=00007fffbdab0000 'C:\Windows\system32\rsaenh.dll'
4570.3c2c: supR3HardenedMonitor_LdrLoadDll: returns rcNt=0x0 hMod=00007fffbf130000 'C:\Windows\System32\crypt32.dll'
4570.3c2c: supR3HardenedWinVerifyCacheScheduleImports: Import todo: #0 'qt6sqlvbox.dll'.
4570.3c2c: supR3HardenedWinVerifyCacheScheduleImports: Import todo: #1 'qt6widgetsvbox.dll'.
4570.3c2c: supR3HardenedWinVerifyCacheScheduleImports: Import todo: #2 'qt6guivbox.dll'.
4570.3c2c: supR3HardenedWinVerifyCacheScheduleImports: Import todo: #3 'qt6corevbox.dll'.
4570.3c2c: supR3HardenedWinVerifyCacheScheduleImports: Import todo: #4 'msvcp140.dll'.
4570.3c2c: supR3HardenedWinVerifyCacheScheduleImports: Import todo: #5 'vcruntime140.dll'.
4570.3c2c: supR3HardenedWinVerifyCacheScheduleImports: Import todo: #6 'vcruntime140_1.dll'.
4570.3c2c: supHardenedWinVerifyImageByHandle: -> 0 (\Device\HarddiskVolume4\VBox\Qt6HelpVBox.dll) WinVerifyTrust
4570.3c2c: supR3HardenedWinVerifyCacheInsert: \Device\HarddiskVolume4\VBox\Qt6HelpVBox.dll
4570.3c2c: supR3HardenedWinVerifyCacheProcessImportTodos: Processing 'qt6widgetsvbox.dll'...
4570.3c2c: supR3HardenedWinVerifyCacheProcessImportTodos: 'qt6widgetsvbox.dll' -> '\Device\HarddiskVolume4\VBox\qt6widgetsvbox.dll' [rcNtRedir=0xc0150008]
4570.3c2c: supR3HardenedScreenImage/Imports: cache hit (VINF_SUCCESS) on \Device\HarddiskVolume4\VBox\Qt6WidgetsVBox.dll
4570.3c2c: supR3HardenedWinVerifyCacheProcessImportTodos: Processing 'qt6guivbox.dll'...
4570.3c2c: supR3HardenedWinVerifyCacheProcessImportTodos: 'qt6guivbox.dll' -> '\Device\HarddiskVolume4\VBox\qt6guivbox.dll' [rcNtRedir=0xc0150008]
4570.3c2c: supR3HardenedScreenImage/Imports: cache hit (VINF_SUCCESS) on \Device\HarddiskVolume4\VBox\Qt6GuiVBox.dll [redoing WinVerifyTrust]
4570.3c2c: supR3HardenedWinVerifyCacheProcessImportTodos: Processing 'vcruntime140_1.dll'...
4570.3c2c: supR3HardenedWinVerifyCacheProcessImportTodos: 'vcruntime140_1.dll' -> '\Device\HarddiskVolume3\Windows\System32\vcruntime140_1.dll' [rcNtRedir=0xc0150008]
4570.3c2c: supR3HardenedWinVerifyCacheProcessImportTodos: Processing 'vcruntime140.dll'...
4570.3c2c: supR3HardenedWinVerifyCacheProcessImportTodos: 'vcruntime140.dll' -> '\Device\HarddiskVolume3\Windows\System32\vcruntime140.dll' [rcNtRedir=0xc0150008]
4570.3c2c: supR3HardenedWinVerifyCacheProcessImportTodos: Processing 'msvcp140.dll'...
4570.3c2c: supR3HardenedWinVerifyCacheProcessImportTodos: 'msvcp140.dll' -> '\Device\HarddiskVolume3\Windows\System32\msvcp140.dll' [rcNtRedir=0xc0150008]
4570.3c2c: supR3HardenedWinVerifyCacheProcessImportTodos: Processing 'qt6corevbox.dll'...
4570.3c2c: supR3HardenedWinVerifyCacheProcessImportTodos: 'qt6corevbox.dll' -> '\Device\HarddiskVolume4\VBox\qt6corevbox.dll' [rcNtRedir=0xc0150008]
4570.3c2c: supR3HardenedScreenImage/Imports: cache hit (VINF_SUCCESS) on \Device\HarddiskVolume4\VBox\Qt6CoreVBox.dll
4570.3c2c: supR3HardenedWinVerifyCacheProcessImportTodos: Processing 'qt6guivbox.dll'...
4570.3c2c: supR3HardenedWinVerifyCacheProcessImportTodos: 'qt6guivbox.dll' -> '\Device\HarddiskVolume4\VBox\qt6guivbox.dll' [rcNtRedir=0xc0150008]
4570.3c2c: supR3HardenedScreenImage/Imports: cache hit (VINF_SUCCESS) on \Device\HarddiskVolume4\VBox\Qt6GuiVBox.dll [lacks WinVerifyTrust]
4570.3c2c: supR3HardenedWinVerifyCacheProcessImportTodos: Processing 'qt6widgetsvbox.dll'...
4570.3c2c: supR3HardenedWinVerifyCacheProcessImportTodos: 'qt6widgetsvbox.dll' -> '\Device\HarddiskVolume4\VBox\qt6widgetsvbox.dll' [rcNtRedir=0xc0150008]
4570.3c2c: supR3HardenedScreenImage/Imports: cache hit (VINF_SUCCESS) on \Device\HarddiskVolume4\VBox\Qt6WidgetsVBox.dll
4570.3c2c: supR3HardenedWinVerifyCacheProcessImportTodos: Processing 'qt6sqlvbox.dll'...
4570.3c2c: supR3HardenedWinVerifyCacheProcessImportTodos: 'qt6sqlvbox.dll' -> '\Device\HarddiskVolume4\VBox\qt6sqlvbox.dll' [rcNtRedir=0xc0150008]
4570.3c2c: Detected WinVerifyTrust recursion: rc=VINF_SUCCESS '\Device\HarddiskVolume4\VBox\Qt6SqlVBox.dll'.
4570.3c2c: supR3HardenedWinVerifyCacheScheduleImports: Import todo: #0 'qt6corevbox.dll'.
4570.3c2c: supR3HardenedWinVerifyCacheScheduleImports: Import todo: #1 'msvcp140.dll'.
4570.3c2c: supR3HardenedWinVerifyCacheScheduleImports: Import todo: #2 'vcruntime140.dll'.
4570.3c2c: supR3HardenedWinVerifyCacheScheduleImports: Import todo: #3 'vcruntime140_1.dll'.
4570.3c2c: supHardenedWinVerifyImageByHandle: -> 0 (\Device\HarddiskVolume4\VBox\Qt6SqlVBox.dll)
4570.3c2c: supR3HardenedWinVerifyCacheInsert: \Device\HarddiskVolume4\VBox\Qt6SqlVBox.dll
4570.3c2c: supR3HardenedWinVerifyCacheProcessImportTodos: Processing 'vcruntime140_1.dll'...
4570.3c2c: supR3HardenedWinVerifyCacheProcessImportTodos: 'vcruntime140_1.dll' -> '\Device\HarddiskVolume3\Windows\System32\vcruntime140_1.dll' [rcNtRedir=0xc0150008]
4570.3c2c: supR3HardenedWinVerifyCacheProcessImportTodos: Processing 'vcruntime140.dll'...
4570.3c2c: supR3HardenedWinVerifyCacheProcessImportTodos: 'vcruntime140.dll' -> '\Device\HarddiskVolume3\Windows\System32\vcruntime140.dll' [rcNtRedir=0xc0150008]
4570.3c2c: supR3HardenedScreenImage/Imports: cache hit (VINF_SUCCESS) on \Device\HarddiskVolume3\Windows\System32\vcruntime140.dll
4570.3c2c: supR3HardenedWinVerifyCacheProcessImportTodos: Processing 'msvcp140.dll'...
4570.3c2c: supR3HardenedWinVerifyCacheProcessImportTodos: 'msvcp140.dll' -> '\Device\HarddiskVolume3\Windows\System32\msvcp140.dll' [rcNtRedir=0xc0150008]
4570.3c2c: supR3HardenedWinVerifyCacheProcessImportTodos: Processing 'qt6corevbox.dll'...
4570.3c2c: supR3HardenedWinVerifyCacheProcessImportTodos: 'qt6corevbox.dll' -> '\Device\HarddiskVolume4\VBox\qt6corevbox.dll' [rcNtRedir=0xc0150008]
4570.3c2c: supR3HardenedScreenImage/Imports: cache hit (VINF_SUCCESS) on \Device\HarddiskVolume4\VBox\Qt6CoreVBox.dll
4570.3c2c: supR3HardenedMonitor_LdrLoadDll: returns rcNt=0x0 hMod=00007fffbdab0000 'C:\Windows\system32\rsaenh.dll'
4570.3c2c: supR3HardenedMonitor_LdrLoadDll: returns rcNt=0x0 hMod=00007fffbf130000 'C:\Windows\System32\crypt32.dll'
4570.3c2c: supR3HardenedScreenImage/Imports: 0 (was 0) fWinVerifyTrust=1 for '\Device\HarddiskVolume4\VBox\Qt6GuiVBox.dll'
4570.3c2c: supR3HardenedWinVerifyCacheProcessImportTodos: Processing 'qt6corevbox.dll'...
4570.3c2c: supR3HardenedWinVerifyCacheProcessImportTodos: 'qt6corevbox.dll' -> '\Device\HarddiskVolume4\VBox\qt6corevbox.dll' [rcNtRedir=0xc0150008]
4570.3c2c: supR3HardenedScreenImage/Imports: cache hit (VINF_SUCCESS) on \Device\HarddiskVolume4\VBox\Qt6CoreVBox.dll
4570.3c2c: supR3HardenedMonitor_LdrLoadDll: pName=D:\VBox\VirtualBoxVM.dll (rcNtResolve=0xc0150008) *pfFlags=0x0 pwszSearchPath=0000000000000a01:<flags> [calling]
4570.3c2c: supR3HardenedScreenImage/NtCreateSection: cache hit (VINF_SUCCESS) on \Device\HarddiskVolume4\VBox\VirtualBoxVM.dll
4570.3c2c: supR3HardenedScreenImage/NtCreateSection: cache hit (VINF_SUCCESS) on \Device\HarddiskVolume4\VBox\UICommon.dll
4570.3c2c: supR3HardenedScreenImage/NtCreateSection: cache hit (VINF_SUCCESS) on \Device\HarddiskVolume4\VBox\Qt6CoreVBox.dll
4570.3c2c: supR3HardenedScreenImage/NtCreateSection: cache hit (VINF_SUCCESS) on \Device\HarddiskVolume4\VBox\Qt6GuiVBox.dll
4570.3c2c: supR3HardenedScreenImage/NtCreateSection: cache hit (VINF_SUCCESS) on \Device\HarddiskVolume4\VBox\Qt6WidgetsVBox.dll
4570.3c2c: supR3HardenedScreenImage/NtCreateSection: cache hit (VINF_SUCCESS) on \Device\HarddiskVolume3\Windows\System32\winmm.dll
4570.3c2c: supR3HardenedScreenImage/NtCreateSection: cache hit (VINF_SUCCESS) on \Device\HarddiskVolume4\VBox\Qt6HelpVBox.dll
4570.3c2c: supR3HardenedScreenImage/NtCreateSection: cache hit (VINF_SUCCESS) on \Device\HarddiskVolume4\VBox\Qt6StateMachineVBox.dll
4570.3c2c: supR3HardenedScreenImage/NtCreateSection: cache hit (VINF_SUCCESS) on \Device\HarddiskVolume3\Windows\System32\userenv.dll [avoiding WinVerifyTrust]
4570.3c2c: supR3HardenedScreenImage/NtCreateSection: cache hit (22900) on \Device\HarddiskVolume3\Windows\System32\authz.dll [avoiding WinVerifyTrust]
4570.3c2c: supR3HardenedScreenImage/NtCreateSection: cache hit (VINF_SUCCESS) on \Device\HarddiskVolume3\Windows\System32\netapi32.dll [avoiding WinVerifyTrust]
4570.3c2c: supR3HardenedScreenImage/NtCreateSection: cache hit (VINF_SUCCESS) on \Device\HarddiskVolume3\Windows\System32\version.dll [avoiding WinVerifyTrust]
4570.3c2c: supR3HardenedScreenImage/NtCreateSection: cache hit (VINF_SUCCESS) on \Device\HarddiskVolume3\Windows\System32\msvcp140_1.dll [avoiding WinVerifyTrust]
4570.3c2c: supR3HardenedScreenImage/NtCreateSection: cache hit (VINF_SUCCESS) on \Device\HarddiskVolume3\Windows\System32\d3d11.dll [avoiding WinVerifyTrust]
4570.3c2c: supR3HardenedScreenImage/NtCreateSection: cache hit (VINF_SUCCESS) on \Device\HarddiskVolume3\Windows\System32\dxgi.dll [avoiding WinVerifyTrust]
4570.3c2c: supR3HardenedScreenImage/NtCreateSection: cache hit (VINF_SUCCESS) on \Device\HarddiskVolume3\Windows\System32\D3D12.dll [avoiding WinVerifyTrust]
4570.3c2c: supR3HardenedScreenImage/NtCreateSection: cache hit (22900) on \Device\HarddiskVolume3\Windows\System32\uxtheme.dll [avoiding WinVerifyTrust]
4570.3c2c: supR3HardenedScreenImage/NtCreateSection: cache hit (22900) on \Device\HarddiskVolume3\Windows\System32\DWrite.dll [avoiding WinVerifyTrust]
4570.3c2c: supR3HardenedScreenImage/NtCreateSection: cache hit (VINF_SUCCESS) on \Device\HarddiskVolume3\Windows\System32\msvcp140_2.dll [avoiding WinVerifyTrust]
4570.3c2c: supR3HardenedScreenImage/NtCreateSection: cache hit (VINF_SUCCESS) on \Device\HarddiskVolume3\Windows\System32\dwmapi.dll [avoiding WinVerifyTrust]
4570.3c2c: supR3HardenedScreenImage/NtCreateSection: cache hit (VINF_SUCCESS) on \Device\HarddiskVolume4\VBox\Qt6SqlVBox.dll [avoiding WinVerifyTrust]
4570.3c2c: supR3HardenedWinVerifyCacheScheduleImports: Import todo: #12 'rpcrt4.dll'.
4570.3c2c: supHardenedWinVerifyImageByHandle: -> 0 (\Device\HarddiskVolume3\Windows\System32\powrprof.dll)
4570.3c2c: supR3HardenedWinVerifyCacheInsert: \Device\HarddiskVolume3\Windows\System32\powrprof.dll
4570.3c2c: supR3HardenedWinVerifyCacheScheduleImports: Import todo: #3 'rpcrt4.dll'.
4570.3c2c: supHardenedWinVerifyImageByHandle: -> 0 (\Device\HarddiskVolume3\Windows\System32\srvcli.dll)
4570.3c2c: supR3HardenedWinVerifyCacheInsert: \Device\HarddiskVolume3\Windows\System32\srvcli.dll
4570.3c2c: supHardenedWinVerifyImageByHandle: -> 0 (\Device\HarddiskVolume3\Windows\System32\netutils.dll)
4570.3c2c: supR3HardenedWinVerifyCacheInsert: \Device\HarddiskVolume3\Windows\System32\netutils.dll
4570.3c2c: supR3HardenedDllNotificationCallback: load   00007fffbe170000 LB 0x00032000 C:\Windows\SYSTEM32\USERENV.dll [fFlags=0x0]
4570.3c2c: supR3HardenedScreenImage/LdrLoadDll: cache hit (VINF_SUCCESS) on \Device\HarddiskVolume3\Windows\System32\userenv.dll [avoiding WinVerifyTrust]
4570.3c2c: supR3HardenedDllNotificationCallback: load   00007fffbd540000 LB 0x00050000 C:\Windows\SYSTEM32\AUTHZ.dll [fFlags=0x0]
4570.3c2c: supR3HardenedScreenImage/LdrLoadDll: cache hit (22900) on \Device\HarddiskVolume3\Windows\System32\authz.dll [avoiding WinVerifyTrust]
4570.3c2c: supR3HardenedDllNotificationCallback: load   00007fff95df0000 LB 0x0001a000 C:\Windows\SYSTEM32\NETAPI32.dll [fFlags=0x0]
4570.3c2c: supR3HardenedScreenImage/LdrLoadDll: cache hit (VINF_SUCCESS) on \Device\HarddiskVolume3\Windows\System32\netapi32.dll [avoiding WinVerifyTrust]
4570.3c2c: supR3HardenedDllNotificationCallback: load   00007fffc0250000 LB 0x00027000 C:\Windows\System32\win32u.dll [fFlags=0x0]
4570.3c2c: supR3HardenedScreenImage/LdrLoadDll: cache hit (VINF_SUCCESS) on \Device\HarddiskVolume3\Windows\System32\win32u.dll [avoiding WinVerifyTrust]
4570.3c2c: supR3HardenedDllNotificationCallback: load   00007fffc0a80000 LB 0x001c5000 C:\Windows\System32\USER32.dll [fFlags=0x0]
4570.3c2c: supR3HardenedDllNotificationCallback: load   00007fffbf8b0000 LB 0x0012b000 C:\Windows\System32\gdi32full.dll [fFlags=0x0]
4570.3c2c: supR3HardenedWinVerifyCacheScheduleImports: Import todo: #0 'msvcp_win.dll'.
4570.3c2c: supR3HardenedWinVerifyCacheScheduleImports: Import todo: #35 'gdi32.dll'.
4570.3c2c: supR3HardenedWinVerifyCacheScheduleImports: Import todo: #37 'user32.dll'.
4570.3c2c: supR3HardenedWinVerifyCacheScheduleImports: Import todo: #38 'win32u.dll'.
4570.3c2c: supHardenedWinVerifyImageByHandle: -> 0 (\Device\HarddiskVolume3\Windows\System32\gdi32full.dll)
4570.3c2c: supR3HardenedWinVerifyCacheInsert: \Device\HarddiskVolume3\Windows\System32\gdi32full.dll
4570.3c2c: supR3HardenedDllNotificationCallback: load   00007fffc0320000 LB 0x0002b000 C:\Windows\System32\GDI32.dll [fFlags=0x0]
4570.3c2c: supR3HardenedScreenImage/LdrLoadDll: cache hit (VINF_SUCCESS) on \Device\HarddiskVolume3\Windows\System32\gdi32.dll [avoiding WinVerifyTrust]
4570.3c2c: supR3HardenedDllNotificationCallback: load   00007fffc0350000 LB 0x00382000 C:\Windows\System32\combase.dll [fFlags=0x0]
4570.3c2c: supR3HardenedScreenImage/LdrLoadDll: cache hit (VINF_SUCCESS) on \Device\HarddiskVolume3\Windows\System32\combase.dll [avoiding WinVerifyTrust]
4570.3c2c: supR3HardenedDllNotificationCallback: load   00007fffc12d0000 LB 0x00195000 C:\Windows\System32\ole32.dll [fFlags=0x0]
4570.3c2c: supR3HardenedScreenImage/LdrLoadDll: cache hit (VINF_SUCCESS) on \Device\HarddiskVolume3\Windows\System32\ole32.dll
4570.3c2c: supR3HardenedDllNotificationCallback: load   00007fffbefc0000 LB 0x0016a000 C:\Windows\System32\wintypes.dll [fFlags=0x0]
4570.3c2c: supR3HardenedWinVerifyCacheScheduleImports: Import todo: #3 'combase.dll'.
4570.3c2c: supHardenedWinVerifyImageByHandle: -> 0 (\Device\HarddiskVolume3\Windows\System32\WinTypes.dll)
4570.3c2c: supR3HardenedWinVerifyCacheInsert: \Device\HarddiskVolume3\Windows\System32\WinTypes.dll
4570.3c2c: supR3HardenedDllNotificationCallback: load   00007fffc17e0000 LB 0x0075f000 C:\Windows\System32\SHELL32.dll [fFlags=0x0]
4570.3c2c: supR3HardenedScreenImage/LdrLoadDll: cache hit (VINF_SUCCESS) on \Device\HarddiskVolume3\Windows\System32\shell32.dll [avoiding WinVerifyTrust]
4570.3c2c: supR3HardenedDllNotificationCallback: load   00007fffb00f0000 LB 0x0000b000 C:\Windows\SYSTEM32\VERSION.dll [fFlags=0x0]
4570.3c2c: supR3HardenedScreenImage/LdrLoadDll: cache hit (VINF_SUCCESS) on \Device\HarddiskVolume3\Windows\System32\version.dll [avoiding WinVerifyTrust]
4570.3c2c: supR3HardenedDllNotificationCallback: load   00007fffb5280000 LB 0x00035000 C:\Windows\SYSTEM32\WINMM.dll [fFlags=0x0]
4570.3c2c: supR3HardenedScreenImage/LdrLoadDll: cache hit (VINF_SUCCESS) on \Device\HarddiskVolume3\Windows\System32\winmm.dll
4570.3c2c: supR3HardenedDllNotificationCallback: load   00007fffbc080000 LB 0x00009000 C:\Windows\SYSTEM32\MSVCP140_1.dll [fFlags=0x0]
4570.3c2c: supR3HardenedScreenImage/LdrLoadDll: cache hit (VINF_SUCCESS) on \Device\HarddiskVolume3\Windows\System32\msvcp140_1.dll [avoiding WinVerifyTrust]
4570.3c2c: supR3HardenedDllNotificationCallback: load   00007fff9b300000 LB 0x00029000 C:\Windows\SYSTEM32\SRVCLI.DLL [fFlags=0x0]
4570.3c2c: supR3HardenedScreenImage/LdrLoadDll: cache hit (VINF_SUCCESS) on \Device\HarddiskVolume3\Windows\System32\srvcli.dll [avoiding WinVerifyTrust]
4570.3c2c: supR3HardenedDllNotificationCallback: load   00007fffbd4f0000 LB 0x0000d000 C:\Windows\SYSTEM32\NETUTILS.DLL [fFlags=0x0]
4570.3c2c: supR3HardenedScreenImage/LdrLoadDll: cache hit (VINF_SUCCESS) on \Device\HarddiskVolume3\Windows\System32\netutils.dll [avoiding WinVerifyTrust]
4570.3c2c: supR3HardenedDllNotificationCallback: load   00007fff56dd0000 LB 0x005c3000 D:\VBox\Qt6CoreVBox.dll [fFlags=0x0]
4570.3c2c: supR3HardenedDllNotificationCallback: load   00007fffbec20000 LB 0x0005e000 C:\Windows\SYSTEM32\powrprof.dll [fFlags=0x0]
4570.3c2c: supR3HardenedScreenImage/LdrLoadDll: cache hit (VINF_SUCCESS) on \Device\HarddiskVolume3\Windows\System32\powrprof.dll [avoiding WinVerifyTrust]
4570.3c2c: supR3HardenedDllNotificationCallback: load   00007fffbc470000 LB 0x0013e000 C:\Windows\SYSTEM32\dxgi.dll [fFlags=0x0]
4570.3c2c: supR3HardenedScreenImage/LdrLoadDll: cache hit (VINF_SUCCESS) on \Device\HarddiskVolume3\Windows\System32\dxgi.dll [avoiding WinVerifyTrust]
4570.3c2c: supR3HardenedDllNotificationCallback: load   00007fffba9d0000 LB 0x00263000 C:\Windows\SYSTEM32\d3d11.dll [fFlags=0x0]
4570.3c2c: supR3HardenedScreenImage/LdrLoadDll: cache hit (VINF_SUCCESS) on \Device\HarddiskVolume3\Windows\System32\d3d11.dll [avoiding WinVerifyTrust]
4570.3c2c: supR3HardenedDllNotificationCallback: load   00007fff5d470000 LB 0x00023000 C:\Windows\SYSTEM32\d3d12.dll [fFlags=0x0]
4570.3c2c: supR3HardenedScreenImage/LdrLoadDll: cache hit (VINF_SUCCESS) on \Device\HarddiskVolume3\Windows\System32\D3D12.dll [avoiding WinVerifyTrust]
4570.3c2c: supR3HardenedDllNotificationCallback: load   00007fffbc390000 LB 0x000aa000 C:\Windows\SYSTEM32\UxTheme.dll [fFlags=0x0]
4570.3c2c: supR3HardenedScreenImage/LdrLoadDll: cache hit (22900) on \Device\HarddiskVolume3\Windows\System32\uxtheme.dll [avoiding WinVerifyTrust]
4570.3c2c: supR3HardenedDllNotificationCallback: load   00007fffba120000 LB 0x00267000 C:\Windows\SYSTEM32\DWrite.dll [fFlags=0x0]
4570.3c2c: supR3HardenedScreenImage/LdrLoadDll: cache hit (22900) on \Device\HarddiskVolume3\Windows\System32\DWrite.dll [avoiding WinVerifyTrust]
4570.3c2c: supR3HardenedDllNotificationCallback: load   00007fff98ac0000 LB 0x00044000 C:\Windows\SYSTEM32\MSVCP140_2.dll [fFlags=0x0]
4570.3c2c: supR3HardenedScreenImage/LdrLoadDll: cache hit (VINF_SUCCESS) on \Device\HarddiskVolume3\Windows\System32\msvcp140_2.dll [avoiding WinVerifyTrust]
4570.3c2c: supR3HardenedDllNotificationCallback: load   00007fff095c0000 LB 0x0088e000 D:\VBox\Qt6GuiVBox.dll [fFlags=0x0]
4570.3c2c: supR3HardenedScreenImage/LdrLoadDll: cache hit (VINF_SUCCESS) on \Device\HarddiskVolume4\VBox\Qt6GuiVBox.dll
4570.3c2c: supR3HardenedDllNotificationCallback: load   00007fffbc5e0000 LB 0x0002e000 C:\Windows\SYSTEM32\dwmapi.dll [fFlags=0x0]
4570.3c2c: supR3HardenedScreenImage/LdrLoadDll: cache hit (VINF_SUCCESS) on \Device\HarddiskVolume3\Windows\System32\dwmapi.dll [avoiding WinVerifyTrust]
4570.3c2c: supR3HardenedDllNotificationCallback: load   00007fff0ba80000 LB 0x0062a000 D:\VBox\Qt6WidgetsVBox.dll [fFlags=0x0]
4570.3c2c: supR3HardenedScreenImage/LdrLoadDll: cache hit (VINF_SUCCESS) on \Device\HarddiskVolume4\VBox\Qt6WidgetsVBox.dll
4570.3c2c: supR3HardenedDllNotificationCallback: load   00007fff92d10000 LB 0x0004d000 D:\VBox\Qt6SqlVBox.dll [fFlags=0x0]
4570.3c2c: supR3HardenedScreenImage/LdrLoadDll: cache hit (VINF_SUCCESS) on \Device\HarddiskVolume4\VBox\Qt6SqlVBox.dll [avoiding WinVerifyTrust]
4570.3c2c: supR3HardenedDllNotificationCallback: load   00007fff901a0000 LB 0x00092000 D:\VBox\Qt6HelpVBox.dll [fFlags=0x0]
4570.3c2c: supR3HardenedScreenImage/LdrLoadDll: cache hit (VINF_SUCCESS) on \Device\HarddiskVolume4\VBox\Qt6HelpVBox.dll
4570.3c2c: supR3HardenedDllNotificationCallback: load   00007fff92d60000 LB 0x00055000 D:\VBox\Qt6StateMachineVBox.dll [fFlags=0x0]
4570.3c2c: supR3HardenedScreenImage/LdrLoadDll: cache hit (VINF_SUCCESS) on \Device\HarddiskVolume4\VBox\Qt6StateMachineVBox.dll
4570.3c2c: supR3HardenedDllNotificationCallback: load   00007fffc1570000 LB 0x000d7000 C:\Windows\System32\OLEAUT32.dll [fFlags=0x0]
4570.3c2c: supR3HardenedScreenImage/LdrLoadDll: cache hit (VINF_SUCCESS) on \Device\HarddiskVolume3\Windows\System32\oleaut32.dll
4570.3c2c: supR3HardenedDllNotificationCallback: load   00007fff07310000 LB 0x01b58000 D:\VBox\UICommon.dll [fFlags=0x0]
4570.3c2c: supR3HardenedScreenImage/LdrLoadDll: cache hit (VINF_SUCCESS) on \Device\HarddiskVolume4\VBox\UICommon.dll
4570.3c2c: supR3HardenedDllNotificationCallback: load   00007fff2ab10000 LB 0x0014e000 D:\VBox\VirtualBoxVM.dll [fFlags=0x0]
4570.3c2c: supR3HardenedScreenImage/LdrLoadDll: cache hit (VINF_SUCCESS) on \Device\HarddiskVolume4\VBox\VirtualBoxVM.dll
4570.3c2c: supR3HardenedWinVerifyCacheScheduleImports: Import todo: #26 'win32u.dll'.
4570.3c2c: supHardenedWinVerifyImageByHandle: -> 0 (\Device\HarddiskVolume3\Windows\System32\imm32.dll)
4570.3c2c: supR3HardenedWinVerifyCacheInsert: \Device\HarddiskVolume3\Windows\System32\imm32.dll
4570.3c2c: supR3HardenedMonitor_NtCreateSection: NtMapViewOfSection failed on 00000000000005d0 (hFile=00000000000004f0) with 0xc0000022 -> STATUS_TRUST_FAILURE
4570.3c2c: Detected loader lock ownership: rc=VINF_SUCCESS '\Device\HarddiskVolume3\Windows\System32\imm32.dll'.
4570.3c2c: supR3HardenedWinVerifyCacheProcessWvtTodos: 0 (was 0) fWinVerifyTrust=0 for '\Device\HarddiskVolume3\Windows\System32\imm32.dll' [rescheduled]
4570.3c2c: Detected loader lock ownership: rc=VINF_SUCCESS '\Device\HarddiskVolume3\Windows\System32\WinTypes.dll'.
4570.3c2c: supR3HardenedWinVerifyCacheProcessWvtTodos: 0 (was 0) fWinVerifyTrust=0 for '\Device\HarddiskVolume3\Windows\System32\WinTypes.dll' [rescheduled]
4570.3c2c: Detected loader lock ownership: rc=VINF_SUCCESS '\Device\HarddiskVolume3\Windows\System32\gdi32full.dll'.
4570.3c2c: supR3HardenedWinVerifyCacheProcessWvtTodos: 0 (was 0) fWinVerifyTrust=0 for '\Device\HarddiskVolume3\Windows\System32\gdi32full.dll' [rescheduled]
4570.3c2c: Detected loader lock ownership: rc=VINF_SUCCESS '\Device\HarddiskVolume3\Windows\System32\netutils.dll'.
4570.3c2c: supR3HardenedWinVerifyCacheProcessWvtTodos: 0 (was 0) fWinVerifyTrust=0 for '\Device\HarddiskVolume3\Windows\System32\netutils.dll' [rescheduled]
4570.3c2c: Detected loader lock ownership: rc=VINF_SUCCESS '\Device\HarddiskVolume3\Windows\System32\srvcli.dll'.
4570.3c2c: supR3HardenedWinVerifyCacheProcessWvtTodos: 0 (was 0) fWinVerifyTrust=0 for '\Device\HarddiskVolume3\Windows\System32\srvcli.dll' [rescheduled]
4570.3c2c: Detected loader lock ownership: rc=VINF_SUCCESS '\Device\HarddiskVolume3\Windows\System32\powrprof.dll'.
4570.3c2c: supR3HardenedWinVerifyCacheProcessWvtTodos: 0 (was 0) fWinVerifyTrust=0 for '\Device\HarddiskVolume3\Windows\System32\powrprof.dll' [rescheduled]
4570.3c2c: Detected loader lock ownership: rc=VINF_SUCCESS '\Device\HarddiskVolume4\VBox\Qt6SqlVBox.dll'.
4570.3c2c: supR3HardenedWinVerifyCacheProcessWvtTodos: 0 (was 0) fWinVerifyTrust=0 for '\Device\HarddiskVolume4\VBox\Qt6SqlVBox.dll' [rescheduled]
4570.3c2c: Detected loader lock ownership: rc=VINF_SUCCESS '\Device\HarddiskVolume3\Windows\System32\userenv.dll'.
4570.3c2c: supR3HardenedWinVerifyCacheProcessWvtTodos: 0 (was 0) fWinVerifyTrust=0 for '\Device\HarddiskVolume3\Windows\System32\userenv.dll' [rescheduled]
4570.3c2c: Detected loader lock ownership: rc=22900 '\Device\HarddiskVolume3\Windows\System32\authz.dll'.
4570.3c2c: supR3HardenedWinVerifyCacheProcessWvtTodos: 22900 (was 22900) fWinVerifyTrust=0 for '\Device\HarddiskVolume3\Windows\System32\authz.dll' [rescheduled]
4570.3c2c: Detected loader lock ownership: rc=VINF_SUCCESS '\Device\HarddiskVolume3\Windows\System32\netapi32.dll'.
4570.3c2c: supR3HardenedWinVerifyCacheProcessWvtTodos: 0 (was 0) fWinVerifyTrust=0 for '\Device\HarddiskVolume3\Windows\System32\netapi32.dll' [rescheduled]
4570.3c2c: Detected loader lock ownership: rc=VINF_SUCCESS '\Device\HarddiskVolume3\Windows\System32\version.dll'.
4570.3c2c: supR3HardenedWinVerifyCacheProcessWvtTodos: 0 (was 0) fWinVerifyTrust=0 for '\Device\HarddiskVolume3\Windows\System32\version.dll' [rescheduled]
4570.3c2c: Detected loader lock ownership: rc=VINF_SUCCESS '\Device\HarddiskVolume3\Windows\System32\d3d11.dll'.
4570.3c2c: supR3HardenedWinVerifyCacheProcessWvtTodos: 0 (was 0) fWinVerifyTrust=0 for '\Device\HarddiskVolume3\Windows\System32\d3d11.dll' [rescheduled]
4570.3c2c: Detected loader lock ownership: rc=VINF_SUCCESS '\Device\HarddiskVolume3\Windows\System32\dxgi.dll'.
4570.3c2c: supR3HardenedWinVerifyCacheProcessWvtTodos: 0 (was 0) fWinVerifyTrust=0 for '\Device\HarddiskVolume3\Windows\System32\dxgi.dll' [rescheduled]
4570.3c2c: Detected loader lock ownership: rc=VINF_SUCCESS '\Device\HarddiskVolume3\Windows\System32\D3D12.dll'.
4570.3c2c: supR3HardenedWinVerifyCacheProcessWvtTodos: 0 (was 0) fWinVerifyTrust=0 for '\Device\HarddiskVolume3\Windows\System32\D3D12.dll' [rescheduled]
4570.3c2c: Detected loader lock ownership: rc=VINF_SUCCESS '\Device\HarddiskVolume3\Windows\System32\shell32.dll'.
4570.3c2c: supR3HardenedWinVerifyCacheProcessWvtTodos: 0 (was 0) fWinVerifyTrust=0 for '\Device\HarddiskVolume3\Windows\System32\shell32.dll' [rescheduled]
4570.3c2c: Detected loader lock ownership: rc=22900 '\Device\HarddiskVolume3\Windows\System32\DWrite.dll'.
4570.3c2c: supR3HardenedWinVerifyCacheProcessWvtTodos: 22900 (was 22900) fWinVerifyTrust=0 for '\Device\HarddiskVolume3\Windows\System32\DWrite.dll' [rescheduled]
4570.3c2c: Detected loader lock ownership: rc=VINF_SUCCESS '\Device\HarddiskVolume3\Windows\System32\msvcp140_2.dll'.
4570.3c2c: supR3HardenedWinVerifyCacheProcessWvtTodos: 0 (was 0) fWinVerifyTrust=0 for '\Device\HarddiskVolume3\Windows\System32\msvcp140_2.dll' [rescheduled]
4570.3c2c: Detected loader lock ownership: rc=VINF_SUCCESS '\Device\HarddiskVolume3\Windows\System32\dwmapi.dll'.
4570.3c2c: supR3HardenedWinVerifyCacheProcessWvtTodos: 0 (was 0) fWinVerifyTrust=0 for '\Device\HarddiskVolume3\Windows\System32\dwmapi.dll' [rescheduled]
4570.3c2c: Detected loader lock ownership: rc=22900 '\Device\HarddiskVolume3\Windows\System32\uxtheme.dll'.
4570.3c2c: supR3HardenedWinVerifyCacheProcessWvtTodos: 22900 (was 22900) fWinVerifyTrust=0 for '\Device\HarddiskVolume3\Windows\System32\uxtheme.dll' [rescheduled]
4570.3c2c: Detected loader lock ownership: rc=VINF_SUCCESS '\Device\HarddiskVolume3\Windows\System32\msvcp140_1.dll'.
4570.3c2c: supR3HardenedWinVerifyCacheProcessWvtTodos: 0 (was 0) fWinVerifyTrust=0 for '\Device\HarddiskVolume3\Windows\System32\msvcp140_1.dll' [rescheduled]
4570.3c2c: Detected loader lock ownership: rc=VINF_SUCCESS '\Device\HarddiskVolume3\Windows\System32\win32u.dll'.
4570.3c2c: supR3HardenedWinVerifyCacheProcessWvtTodos: 0 (was 0) fWinVerifyTrust=0 for '\Device\HarddiskVolume3\Windows\System32\win32u.dll' [rescheduled]
4570.3c2c: Detected loader lock ownership: rc=VINF_SUCCESS '\Device\HarddiskVolume3\Windows\System32\gdi32.dll'.
4570.3c2c: supR3HardenedWinVerifyCacheProcessWvtTodos: 0 (was 0) fWinVerifyTrust=0 for '\Device\HarddiskVolume3\Windows\System32\gdi32.dll' [rescheduled]
4570.3c2c: Detected loader lock ownership: rc=VINF_SUCCESS '\Device\HarddiskVolume3\Windows\System32\combase.dll'.
4570.3c2c: supR3HardenedWinVerifyCacheProcessWvtTodos: 0 (was 0) fWinVerifyTrust=0 for '\Device\HarddiskVolume3\Windows\System32\combase.dll' [rescheduled]
4570.3c2c: supR3HardenedScreenImage/LdrLoadDll: cache hit (VINF_SUCCESS) on \Device\HarddiskVolume3\Windows\System32\imm32.dll [redoing WinVerifyTrust]
4570.3c2c: Detected loader lock ownership: rc=VINF_SUCCESS '\Device\HarddiskVolume3\Windows\System32\imm32.dll'.
4570.3c2c: supR3HardenedScreenImage/LdrLoadDll: WinVerifyTrust not available, rescheduling \Device\HarddiskVolume3\Windows\System32\imm32.dll
4570.3c2c: supR3HardenedWinVerifyCacheProcessImportTodos: Processing 'win32u.dll'...
4570.3c2c: supR3HardenedWinVerifyCacheProcessImportTodos: 'win32u.dll' -> '\Device\HarddiskVolume3\Windows\System32\win32u.dll' [rcNtRedir=0xc0150008]
4570.3c2c: supR3HardenedScreenImage/Imports: cache hit (VINF_SUCCESS) on \Device\HarddiskVolume3\Windows\System32\win32u.dll [redoing WinVerifyTrust]
4570.3c2c: Detected loader lock ownership: rc=VINF_SUCCESS '\Device\HarddiskVolume3\Windows\System32\win32u.dll'.
4570.3c2c: supR3HardenedScreenImage/Imports: WinVerifyTrust not available, rescheduling \Device\HarddiskVolume3\Windows\System32\win32u.dll
4570.3c2c: supR3HardenedWinVerifyCacheProcessImportTodos: Processing 'combase.dll'...
4570.3c2c: supR3HardenedWinVerifyCacheProcessImportTodos: 'combase.dll' -> '\Device\HarddiskVolume3\Windows\System32\combase.dll' [rcNtRedir=0xc0150008]
4570.3c2c: supR3HardenedScreenImage/Imports: cache hit (VINF_SUCCESS) on \Device\HarddiskVolume3\Windows\System32\combase.dll [redoing WinVerifyTrust]
4570.3c2c: Detected loader lock ownership: rc=VINF_SUCCESS '\Device\HarddiskVolume3\Windows\System32\combase.dll'.
4570.3c2c: supR3HardenedScreenImage/Imports: WinVerifyTrust not available, rescheduling \Device\HarddiskVolume3\Windows\System32\combase.dll
4570.3c2c: supR3HardenedWinVerifyCacheProcessImportTodos: Processing 'win32u.dll'...
4570.3c2c: supR3HardenedWinVerifyCacheProcessImportTodos: 'win32u.dll' -> '\Device\HarddiskVolume3\Windows\System32\win32u.dll' [rcNtRedir=0xc0150008]
4570.3c2c: supR3HardenedScreenImage/Imports: cache hit (VINF_SUCCESS) on \Device\HarddiskVolume3\Windows\System32\win32u.dll [redoing WinVerifyTrust]
4570.3c2c: Detected loader lock ownership: rc=VINF_SUCCESS '\Device\HarddiskVolume3\Windows\System32\win32u.dll'.
4570.3c2c: supR3HardenedScreenImage/Imports: WinVerifyTrust not available, rescheduling \Device\HarddiskVolume3\Windows\System32\win32u.dll
4570.3c2c: supR3HardenedWinVerifyCacheProcessImportTodos: Processing 'user32.dll'...
4570.3c2c: supR3HardenedWinVerifyCacheProcessImportTodos: 'user32.dll' -> '\Device\HarddiskVolume3\Windows\System32\user32.dll' [rcNtRedir=0xc0150008]
4570.3c2c: supR3HardenedWinVerifyCacheProcessImportTodos: Processing 'gdi32.dll'...
4570.3c2c: supR3HardenedWinVerifyCacheProcessImportTodos: 'gdi32.dll' -> '\Device\HarddiskVolume3\Windows\System32\gdi32.dll' [rcNtRedir=0xc0150008]
4570.3c2c: supR3HardenedScreenImage/Imports: cache hit (VINF_SUCCESS) on \Device\HarddiskVolume3\Windows\System32\gdi32.dll [redoing WinVerifyTrust]
4570.3c2c: Detected loader lock ownership: rc=VINF_SUCCESS '\Device\HarddiskVolume3\Windows\System32\gdi32.dll'.
4570.3c2c: supR3HardenedScreenImage/Imports: WinVerifyTrust not available, rescheduling \Device\HarddiskVolume3\Windows\System32\gdi32.dll
4570.3c2c: supR3HardenedWinVerifyCacheProcessImportTodos: Processing 'msvcp_win.dll'...
4570.3c2c: supR3HardenedWinVerifyCacheProcessImportTodos: 'msvcp_win.dll' -> '\Device\HarddiskVolume3\Windows\System32\msvcp_win.dll' [rcNtRedir=0xc0150008]
4570.3c2c: supR3HardenedWinVerifyCacheProcessImportTodos: Processing 'rpcrt4.dll'...
4570.3c2c: supR3HardenedWinVerifyCacheProcessImportTodos: 'rpcrt4.dll' -> '\Device\HarddiskVolume3\Windows\System32\rpcrt4.dll' [rcNtRedir=0xc0150008]
4570.3c2c: supR3HardenedWinVerifyCacheProcessImportTodos: Processing 'rpcrt4.dll'...
4570.3c2c: supR3HardenedWinVerifyCacheProcessImportTodos: 'rpcrt4.dll' -> '\Device\HarddiskVolume3\Windows\System32\rpcrt4.dll' [rcNtRedir=0xc0150008]
4570.3c2c: supR3HardenedMonitor_LdrLoadDll: pName=C:\Windows\system32\IMM32.DLL (rcNtResolve=0xc0150008) *pfFlags=0x0 pwszSearchPath=0000000000000009:<flags> [calling]
4570.3c2c: supR3HardenedDllNotificationCallback: load   00007fffc08b0000 LB 0x00031000 C:\Windows\System32\IMM32.DLL [fFlags=0x0]
4570.3c2c: supR3HardenedScreenImage/LdrLoadDll: cache hit (VINF_SUCCESS) on \Device\HarddiskVolume3\Windows\System32\imm32.dll [avoiding WinVerifyTrust]
4570.3c2c: supR3HardenedMonitor_LdrLoadDll: returns rcNt=0x0 hMod=00007fffc08b0000 'C:\Windows\system32\IMM32.DLL'
4570.3c2c: Detected loader lock ownership: rc=VINF_SUCCESS '\Device\HarddiskVolume3\Windows\System32\imm32.dll'.
4570.3c2c: supR3HardenedWinVerifyCacheProcessWvtTodos: 0 (was 0) fWinVerifyTrust=0 for '\Device\HarddiskVolume3\Windows\System32\imm32.dll' [rescheduled]
4570.3c2c: Detected loader lock ownership: rc=VINF_SUCCESS '\Device\HarddiskVolume3\Windows\System32\WinTypes.dll'.
4570.3c2c: supR3HardenedWinVerifyCacheProcessWvtTodos: 0 (was 0) fWinVerifyTrust=0 for '\Device\HarddiskVolume3\Windows\System32\WinTypes.dll' [rescheduled]
4570.3c2c: Detected loader lock ownership: rc=VINF_SUCCESS '\Device\HarddiskVolume3\Windows\System32\gdi32full.dll'.
4570.3c2c: supR3HardenedWinVerifyCacheProcessWvtTodos: 0 (was 0) fWinVerifyTrust=0 for '\Device\HarddiskVolume3\Windows\System32\gdi32full.dll' [rescheduled]
4570.3c2c: Detected loader lock ownership: rc=VINF_SUCCESS '\Device\HarddiskVolume3\Windows\System32\netutils.dll'.
4570.3c2c: supR3HardenedWinVerifyCacheProcessWvtTodos: 0 (was 0) fWinVerifyTrust=0 for '\Device\HarddiskVolume3\Windows\System32\netutils.dll' [rescheduled]
4570.3c2c: Detected loader lock ownership: rc=VINF_SUCCESS '\Device\HarddiskVolume3\Windows\System32\srvcli.dll'.
4570.3c2c: supR3HardenedWinVerifyCacheProcessWvtTodos: 0 (was 0) fWinVerifyTrust=0 for '\Device\HarddiskVolume3\Windows\System32\srvcli.dll' [rescheduled]
4570.3c2c: Detected loader lock ownership: rc=VINF_SUCCESS '\Device\HarddiskVolume3\Windows\System32\powrprof.dll'.
4570.3c2c: supR3HardenedWinVerifyCacheProcessWvtTodos: 0 (was 0) fWinVerifyTrust=0 for '\Device\HarddiskVolume3\Windows\System32\powrprof.dll' [rescheduled]
4570.3c2c: Detected loader lock ownership: rc=VINF_SUCCESS '\Device\HarddiskVolume4\VBox\Qt6SqlVBox.dll'.
4570.3c2c: supR3HardenedWinVerifyCacheProcessWvtTodos: 0 (was 0) fWinVerifyTrust=0 for '\Device\HarddiskVolume4\VBox\Qt6SqlVBox.dll' [rescheduled]
4570.3c2c: Detected loader lock ownership: rc=VINF_SUCCESS '\Device\HarddiskVolume3\Windows\System32\userenv.dll'.
4570.3c2c: supR3HardenedWinVerifyCacheProcessWvtTodos: 0 (was 0) fWinVerifyTrust=0 for '\Device\HarddiskVolume3\Windows\System32\userenv.dll' [rescheduled]
4570.3c2c: Detected loader lock ownership: rc=22900 '\Device\HarddiskVolume3\Windows\System32\authz.dll'.
4570.3c2c: supR3HardenedWinVerifyCacheProcessWvtTodos: 22900 (was 22900) fWinVerifyTrust=0 for '\Device\HarddiskVolume3\Windows\System32\authz.dll' [rescheduled]
4570.3c2c: Detected loader lock ownership: rc=VINF_SUCCESS '\Device\HarddiskVolume3\Windows\System32\netapi32.dll'.
4570.3c2c: supR3HardenedWinVerifyCacheProcessWvtTodos: 0 (was 0) fWinVerifyTrust=0 for '\Device\HarddiskVolume3\Windows\System32\netapi32.dll' [rescheduled]
4570.3c2c: Detected loader lock ownership: rc=VINF_SUCCESS '\Device\HarddiskVolume3\Windows\System32\version.dll'.
4570.3c2c: supR3HardenedWinVerifyCacheProcessWvtTodos: 0 (was 0) fWinVerifyTrust=0 for '\Device\HarddiskVolume3\Windows\System32\version.dll' [rescheduled]
4570.3c2c: Detected loader lock ownership: rc=VINF_SUCCESS '\Device\HarddiskVolume3\Windows\System32\d3d11.dll'.
4570.3c2c: supR3HardenedWinVerifyCacheProcessWvtTodos: 0 (was 0) fWinVerifyTrust=0 for '\Device\HarddiskVolume3\Windows\System32\d3d11.dll' [rescheduled]
4570.3c2c: Detected loader lock ownership: rc=VINF_SUCCESS '\Device\HarddiskVolume3\Windows\System32\dxgi.dll'.
4570.3c2c: supR3HardenedWinVerifyCacheProcessWvtTodos: 0 (was 0) fWinVerifyTrust=0 for '\Device\HarddiskVolume3\Windows\System32\dxgi.dll' [rescheduled]
4570.3c2c: Detected loader lock ownership: rc=VINF_SUCCESS '\Device\HarddiskVolume3\Windows\System32\D3D12.dll'.
4570.3c2c: supR3HardenedWinVerifyCacheProcessWvtTodos: 0 (was 0) fWinVerifyTrust=0 for '\Device\HarddiskVolume3\Windows\System32\D3D12.dll' [rescheduled]
4570.3c2c: Detected loader lock ownership: rc=VINF_SUCCESS '\Device\HarddiskVolume3\Windows\System32\shell32.dll'.
4570.3c2c: supR3HardenedWinVerifyCacheProcessWvtTodos: 0 (was 0) fWinVerifyTrust=0 for '\Device\HarddiskVolume3\Windows\System32\shell32.dll' [rescheduled]
4570.3c2c: Detected loader lock ownership: rc=22900 '\Device\HarddiskVolume3\Windows\System32\DWrite.dll'.
4570.3c2c: supR3HardenedWinVerifyCacheProcessWvtTodos: 22900 (was 22900) fWinVerifyTrust=0 for '\Device\HarddiskVolume3\Windows\System32\DWrite.dll' [rescheduled]
4570.3c2c: Detected loader lock ownership: rc=VINF_SUCCESS '\Device\HarddiskVolume3\Windows\System32\msvcp140_2.dll'.
4570.3c2c: supR3HardenedWinVerifyCacheProcessWvtTodos: 0 (was 0) fWinVerifyTrust=0 for '\Device\HarddiskVolume3\Windows\System32\msvcp140_2.dll' [rescheduled]
4570.3c2c: Detected loader lock ownership: rc=VINF_SUCCESS '\Device\HarddiskVolume3\Windows\System32\dwmapi.dll'.
4570.3c2c: supR3HardenedWinVerifyCacheProcessWvtTodos: 0 (was 0) fWinVerifyTrust=0 for '\Device\HarddiskVolume3\Windows\System32\dwmapi.dll' [rescheduled]
4570.3c2c: Detected loader lock ownership: rc=22900 '\Device\HarddiskVolume3\Windows\System32\uxtheme.dll'.
4570.3c2c: supR3HardenedWinVerifyCacheProcessWvtTodos: 22900 (was 22900) fWinVerifyTrust=0 for '\Device\HarddiskVolume3\Windows\System32\uxtheme.dll' [rescheduled]
4570.3c2c: Detected loader lock ownership: rc=VINF_SUCCESS '\Device\HarddiskVolume3\Windows\System32\msvcp140_1.dll'.
4570.3c2c: supR3HardenedWinVerifyCacheProcessWvtTodos: 0 (was 0) fWinVerifyTrust=0 for '\Device\HarddiskVolume3\Windows\System32\msvcp140_1.dll' [rescheduled]
4570.3c2c: Detected loader lock ownership: rc=VINF_SUCCESS '\Device\HarddiskVolume3\Windows\System32\win32u.dll'.
4570.3c2c: supR3HardenedWinVerifyCacheProcessWvtTodos: 0 (was 0) fWinVerifyTrust=0 for '\Device\HarddiskVolume3\Windows\System32\win32u.dll' [rescheduled]
4570.3c2c: Detected loader lock ownership: rc=VINF_SUCCESS '\Device\HarddiskVolume3\Windows\System32\gdi32.dll'.
4570.3c2c: supR3HardenedWinVerifyCacheProcessWvtTodos: 0 (was 0) fWinVerifyTrust=0 for '\Device\HarddiskVolume3\Windows\System32\gdi32.dll' [rescheduled]
4570.3c2c: Detected loader lock ownership: rc=VINF_SUCCESS '\Device\HarddiskVolume3\Windows\System32\combase.dll'.
4570.3c2c: supR3HardenedWinVerifyCacheProcessWvtTodos: 0 (was 0) fWinVerifyTrust=0 for '\Device\HarddiskVolume3\Windows\System32\combase.dll' [rescheduled]
4570.3c2c: supHardenedWinVerifyImageByHandle: -> 0 (\Device\HarddiskVolume3\Windows\System32\umpdc.dll)
4570.3c2c: supR3HardenedWinVerifyCacheInsert: \Device\HarddiskVolume3\Windows\System32\umpdc.dll
4570.3c2c: supR3HardenedDllNotificationCallback: load   00007fffbec00000 LB 0x00014000 C:\Windows\SYSTEM32\UMPDC.dll [fFlags=0x0]
4570.3c2c: supR3HardenedScreenImage/LdrLoadDll: cache hit (VINF_SUCCESS) on \Device\HarddiskVolume3\Windows\System32\umpdc.dll [avoiding WinVerifyTrust]
4570.3c2c: Detected loader lock ownership: rc=VINF_SUCCESS '\Device\HarddiskVolume3\Windows\System32\umpdc.dll'.
4570.3c2c: supR3HardenedWinVerifyCacheProcessWvtTodos: 0 (was 0) fWinVerifyTrust=0 for '\Device\HarddiskVolume3\Windows\System32\umpdc.dll' [rescheduled]
4570.3c2c: Detected loader lock ownership: rc=VINF_SUCCESS '\Device\HarddiskVolume3\Windows\System32\imm32.dll'.
4570.3c2c: supR3HardenedWinVerifyCacheProcessWvtTodos: 0 (was 0) fWinVerifyTrust=0 for '\Device\HarddiskVolume3\Windows\System32\imm32.dll' [rescheduled]
4570.3c2c: Detected loader lock ownership: rc=VINF_SUCCESS '\Device\HarddiskVolume3\Windows\System32\WinTypes.dll'.
4570.3c2c: supR3HardenedWinVerifyCacheProcessWvtTodos: 0 (was 0) fWinVerifyTrust=0 for '\Device\HarddiskVolume3\Windows\System32\WinTypes.dll' [rescheduled]
4570.3c2c: Detected loader lock ownership: rc=VINF_SUCCESS '\Device\HarddiskVolume3\Windows\System32\gdi32full.dll'.
4570.3c2c: supR3HardenedWinVerifyCacheProcessWvtTodos: 0 (was 0) fWinVerifyTrust=0 for '\Device\HarddiskVolume3\Windows\System32\gdi32full.dll' [rescheduled]
4570.3c2c: Detected loader lock ownership: rc=VINF_SUCCESS '\Device\HarddiskVolume3\Windows\System32\netutils.dll'.
4570.3c2c: supR3HardenedWinVerifyCacheProcessWvtTodos: 0 (was 0) fWinVerifyTrust=0 for '\Device\HarddiskVolume3\Windows\System32\netutils.dll' [rescheduled]
4570.3c2c: Detected loader lock ownership: rc=VINF_SUCCESS '\Device\HarddiskVolume3\Windows\System32\srvcli.dll'.
4570.3c2c: supR3HardenedWinVerifyCacheProcessWvtTodos: 0 (was 0) fWinVerifyTrust=0 for '\Device\HarddiskVolume3\Windows\System32\srvcli.dll' [rescheduled]
4570.3c2c: Detected loader lock ownership: rc=VINF_SUCCESS '\Device\HarddiskVolume3\Windows\System32\powrprof.dll'.
4570.3c2c: supR3HardenedWinVerifyCacheProcessWvtTodos: 0 (was 0) fWinVerifyTrust=0 for '\Device\HarddiskVolume3\Windows\System32\powrprof.dll' [rescheduled]
4570.3c2c: Detected loader lock ownership: rc=VINF_SUCCESS '\Device\HarddiskVolume4\VBox\Qt6SqlVBox.dll'.
4570.3c2c: supR3HardenedWinVerifyCacheProcessWvtTodos: 0 (was 0) fWinVerifyTrust=0 for '\Device\HarddiskVolume4\VBox\Qt6SqlVBox.dll' [rescheduled]
4570.3c2c: Detected loader lock ownership: rc=VINF_SUCCESS '\Device\HarddiskVolume3\Windows\System32\userenv.dll'.
4570.3c2c: supR3HardenedWinVerifyCacheProcessWvtTodos: 0 (was 0) fWinVerifyTrust=0 for '\Device\HarddiskVolume3\Windows\System32\userenv.dll' [rescheduled]
4570.3c2c: Detected loader lock ownership: rc=22900 '\Device\HarddiskVolume3\Windows\System32\authz.dll'.
4570.3c2c: supR3HardenedWinVerifyCacheProcessWvtTodos: 22900 (was 22900) fWinVerifyTrust=0 for '\Device\HarddiskVolume3\Windows\System32\authz.dll' [rescheduled]
4570.3c2c: Detected loader lock ownership: rc=VINF_SUCCESS '\Device\HarddiskVolume3\Windows\System32\netapi32.dll'.
4570.3c2c: supR3HardenedWinVerifyCacheProcessWvtTodos: 0 (was 0) fWinVerifyTrust=0 for '\Device\HarddiskVolume3\Windows\System32\netapi32.dll' [rescheduled]
4570.3c2c: Detected loader lock ownership: rc=VINF_SUCCESS '\Device\HarddiskVolume3\Windows\System32\version.dll'.
4570.3c2c: supR3HardenedWinVerifyCacheProcessWvtTodos: 0 (was 0) fWinVerifyTrust=0 for '\Device\HarddiskVolume3\Windows\System32\version.dll' [rescheduled]
4570.3c2c: Detected loader lock ownership: rc=VINF_SUCCESS '\Device\HarddiskVolume3\Windows\System32\d3d11.dll'.
4570.3c2c: supR3HardenedWinVerifyCacheProcessWvtTodos: 0 (was 0) fWinVerifyTrust=0 for '\Device\HarddiskVolume3\Windows\System32\d3d11.dll' [rescheduled]
4570.3c2c: Detected loader lock ownership: rc=VINF_SUCCESS '\Device\HarddiskVolume3\Windows\System32\dxgi.dll'.
4570.3c2c: supR3HardenedWinVerifyCacheProcessWvtTodos: 0 (was 0) fWinVerifyTrust=0 for '\Device\HarddiskVolume3\Windows\System32\dxgi.dll' [rescheduled]
4570.3c2c: Detected loader lock ownership: rc=VINF_SUCCESS '\Device\HarddiskVolume3\Windows\System32\D3D12.dll'.
4570.3c2c: supR3HardenedWinVerifyCacheProcessWvtTodos: 0 (was 0) fWinVerifyTrust=0 for '\Device\HarddiskVolume3\Windows\System32\D3D12.dll' [rescheduled]
4570.3c2c: Detected loader lock ownership: rc=VINF_SUCCESS '\Device\HarddiskVolume3\Windows\System32\shell32.dll'.
4570.3c2c: supR3HardenedWinVerifyCacheProcessWvtTodos: 0 (was 0) fWinVerifyTrust=0 for '\Device\HarddiskVolume3\Windows\System32\shell32.dll' [rescheduled]
4570.3c2c: Detected loader lock ownership: rc=22900 '\Device\HarddiskVolume3\Windows\System32\DWrite.dll'.
4570.3c2c: supR3HardenedWinVerifyCacheProcessWvtTodos: 22900 (was 22900) fWinVerifyTrust=0 for '\Device\HarddiskVolume3\Windows\System32\DWrite.dll' [rescheduled]
4570.3c2c: Detected loader lock ownership: rc=VINF_SUCCESS '\Device\HarddiskVolume3\Windows\System32\msvcp140_2.dll'.
4570.3c2c: supR3HardenedWinVerifyCacheProcessWvtTodos: 0 (was 0) fWinVerifyTrust=0 for '\Device\HarddiskVolume3\Windows\System32\msvcp140_2.dll' [rescheduled]
4570.3c2c: Detected loader lock ownership: rc=VINF_SUCCESS '\Device\HarddiskVolume3\Windows\System32\dwmapi.dll'.
4570.3c2c: supR3HardenedWinVerifyCacheProcessWvtTodos: 0 (was 0) fWinVerifyTrust=0 for '\Device\HarddiskVolume3\Windows\System32\dwmapi.dll' [rescheduled]
4570.3c2c: Detected loader lock ownership: rc=22900 '\Device\HarddiskVolume3\Windows\System32\uxtheme.dll'.
4570.3c2c: supR3HardenedWinVerifyCacheProcessWvtTodos: 22900 (was 22900) fWinVerifyTrust=0 for '\Device\HarddiskVolume3\Windows\System32\uxtheme.dll' [rescheduled]
4570.3c2c: Detected loader lock ownership: rc=VINF_SUCCESS '\Device\HarddiskVolume3\Windows\System32\msvcp140_1.dll'.
4570.3c2c: supR3HardenedWinVerifyCacheProcessWvtTodos: 0 (was 0) fWinVerifyTrust=0 for '\Device\HarddiskVolume3\Windows\System32\msvcp140_1.dll' [rescheduled]
4570.3c2c: Detected loader lock ownership: rc=VINF_SUCCESS '\Device\HarddiskVolume3\Windows\System32\win32u.dll'.
4570.3c2c: supR3HardenedWinVerifyCacheProcessWvtTodos: 0 (was 0) fWinVerifyTrust=0 for '\Device\HarddiskVolume3\Windows\System32\win32u.dll' [rescheduled]
4570.3c2c: Detected loader lock ownership: rc=VINF_SUCCESS '\Device\HarddiskVolume3\Windows\System32\gdi32.dll'.
4570.3c2c: supR3HardenedWinVerifyCacheProcessWvtTodos: 0 (was 0) fWinVerifyTrust=0 for '\Device\HarddiskVolume3\Windows\System32\gdi32.dll' [rescheduled]
4570.3c2c: Detected loader lock ownership: rc=VINF_SUCCESS '\Device\HarddiskVolume3\Windows\System32\combase.dll'.
4570.3c2c: supR3HardenedWinVerifyCacheProcessWvtTodos: 0 (was 0) fWinVerifyTrust=0 for '\Device\HarddiskVolume3\Windows\System32\combase.dll' [rescheduled]
4570.3c2c: supR3HardenedScreenImage/LdrLoadDll: cache hit (VINF_SUCCESS) on \Device\HarddiskVolume3\Windows\System32\gdi32.dll [redoing WinVerifyTrust]
4570.3c2c: Detected loader lock ownership: rc=VINF_SUCCESS '\Device\HarddiskVolume3\Windows\System32\gdi32.dll'.
4570.3c2c: supR3HardenedScreenImage/LdrLoadDll: WinVerifyTrust not available, rescheduling \Device\HarddiskVolume3\Windows\System32\gdi32.dll
4570.3c2c: supR3HardenedMonitor_LdrLoadDll: returns rcNt=0x0 hMod=00007fffc0320000 'C:\Windows\System32\gdi32.dll'
4570.3c2c: Detected loader lock ownership: rc=VINF_SUCCESS '\Device\HarddiskVolume3\Windows\System32\umpdc.dll'.
4570.3c2c: supR3HardenedWinVerifyCacheProcessWvtTodos: 0 (was 0) fWinVerifyTrust=0 for '\Device\HarddiskVolume3\Windows\System32\umpdc.dll' [rescheduled]
4570.3c2c: Detected loader lock ownership: rc=VINF_SUCCESS '\Device\HarddiskVolume3\Windows\System32\imm32.dll'.
4570.3c2c: supR3HardenedWinVerifyCacheProcessWvtTodos: 0 (was 0) fWinVerifyTrust=0 for '\Device\HarddiskVolume3\Windows\System32\imm32.dll' [rescheduled]
4570.3c2c: Detected loader lock ownership: rc=VINF_SUCCESS '\Device\HarddiskVolume3\Windows\System32\WinTypes.dll'.
4570.3c2c: supR3HardenedWinVerifyCacheProcessWvtTodos: 0 (was 0) fWinVerifyTrust=0 for '\Device\HarddiskVolume3\Windows\System32\WinTypes.dll' [rescheduled]
4570.3c2c: Detected loader lock ownership: rc=VINF_SUCCESS '\Device\HarddiskVolume3\Windows\System32\gdi32full.dll'.
4570.3c2c: supR3HardenedWinVerifyCacheProcessWvtTodos: 0 (was 0) fWinVerifyTrust=0 for '\Device\HarddiskVolume3\Windows\System32\gdi32full.dll' [rescheduled]
4570.3c2c: Detected loader lock ownership: rc=VINF_SUCCESS '\Device\HarddiskVolume3\Windows\System32\netutils.dll'.
4570.3c2c: supR3HardenedWinVerifyCacheProcessWvtTodos: 0 (was 0) fWinVerifyTrust=0 for '\Device\HarddiskVolume3\Windows\System32\netutils.dll' [rescheduled]
4570.3c2c: Detected loader lock ownership: rc=VINF_SUCCESS '\Device\HarddiskVolume3\Windows\System32\srvcli.dll'.
4570.3c2c: supR3HardenedWinVerifyCacheProcessWvtTodos: 0 (was 0) fWinVerifyTrust=0 for '\Device\HarddiskVolume3\Windows\System32\srvcli.dll' [rescheduled]
4570.3c2c: Detected loader lock ownership: rc=VINF_SUCCESS '\Device\HarddiskVolume3\Windows\System32\powrprof.dll'.
4570.3c2c: supR3HardenedWinVerifyCacheProcessWvtTodos: 0 (was 0) fWinVerifyTrust=0 for '\Device\HarddiskVolume3\Windows\System32\powrprof.dll' [rescheduled]
4570.3c2c: Detected loader lock ownership: rc=VINF_SUCCESS '\Device\HarddiskVolume4\VBox\Qt6SqlVBox.dll'.
4570.3c2c: supR3HardenedWinVerifyCacheProcessWvtTodos: 0 (was 0) fWinVerifyTrust=0 for '\Device\HarddiskVolume4\VBox\Qt6SqlVBox.dll' [rescheduled]
4570.3c2c: Detected loader lock ownership: rc=VINF_SUCCESS '\Device\HarddiskVolume3\Windows\System32\userenv.dll'.
4570.3c2c: supR3HardenedWinVerifyCacheProcessWvtTodos: 0 (was 0) fWinVerifyTrust=0 for '\Device\HarddiskVolume3\Windows\System32\userenv.dll' [rescheduled]
4570.3c2c: Detected loader lock ownership: rc=22900 '\Device\HarddiskVolume3\Windows\System32\authz.dll'.
4570.3c2c: supR3HardenedWinVerifyCacheProcessWvtTodos: 22900 (was 22900) fWinVerifyTrust=0 for '\Device\HarddiskVolume3\Windows\System32\authz.dll' [rescheduled]
4570.3c2c: Detected loader lock ownership: rc=VINF_SUCCESS '\Device\HarddiskVolume3\Windows\System32\netapi32.dll'.
4570.3c2c: supR3HardenedWinVerifyCacheProcessWvtTodos: 0 (was 0) fWinVerifyTrust=0 for '\Device\HarddiskVolume3\Windows\System32\netapi32.dll' [rescheduled]
4570.3c2c: Detected loader lock ownership: rc=VINF_SUCCESS '\Device\HarddiskVolume3\Windows\System32\version.dll'.
4570.3c2c: supR3HardenedWinVerifyCacheProcessWvtTodos: 0 (was 0) fWinVerifyTrust=0 for '\Device\HarddiskVolume3\Windows\System32\version.dll' [rescheduled]
4570.3c2c: Detected loader lock ownership: rc=VINF_SUCCESS '\Device\HarddiskVolume3\Windows\System32\d3d11.dll'.
4570.3c2c: supR3HardenedWinVerifyCacheProcessWvtTodos: 0 (was 0) fWinVerifyTrust=0 for '\Device\HarddiskVolume3\Windows\System32\d3d11.dll' [rescheduled]
4570.3c2c: Detected loader lock ownership: rc=VINF_SUCCESS '\Device\HarddiskVolume3\Windows\System32\dxgi.dll'.
4570.3c2c: supR3HardenedWinVerifyCacheProcessWvtTodos: 0 (was 0) fWinVerifyTrust=0 for '\Device\HarddiskVolume3\Windows\System32\dxgi.dll' [rescheduled]
4570.3c2c: Detected loader lock ownership: rc=VINF_SUCCESS '\Device\HarddiskVolume3\Windows\System32\D3D12.dll'.
4570.3c2c: supR3HardenedWinVerifyCacheProcessWvtTodos: 0 (was 0) fWinVerifyTrust=0 for '\Device\HarddiskVolume3\Windows\System32\D3D12.dll' [rescheduled]
4570.3c2c: Detected loader lock ownership: rc=VINF_SUCCESS '\Device\HarddiskVolume3\Windows\System32\shell32.dll'.
4570.3c2c: supR3HardenedWinVerifyCacheProcessWvtTodos: 0 (was 0) fWinVerifyTrust=0 for '\Device\HarddiskVolume3\Windows\System32\shell32.dll' [rescheduled]
4570.3c2c: Detected loader lock ownership: rc=22900 '\Device\HarddiskVolume3\Windows\System32\DWrite.dll'.
4570.3c2c: supR3HardenedWinVerifyCacheProcessWvtTodos: 22900 (was 22900) fWinVerifyTrust=0 for '\Device\HarddiskVolume3\Windows\System32\DWrite.dll' [rescheduled]
4570.3c2c: Detected loader lock ownership: rc=VINF_SUCCESS '\Device\HarddiskVolume3\Windows\System32\msvcp140_2.dll'.
4570.3c2c: supR3HardenedWinVerifyCacheProcessWvtTodos: 0 (was 0) fWinVerifyTrust=0 for '\Device\HarddiskVolume3\Windows\System32\msvcp140_2.dll' [rescheduled]
4570.3c2c: Detected loader lock ownership: rc=VINF_SUCCESS '\Device\HarddiskVolume3\Windows\System32\dwmapi.dll'.
4570.3c2c: supR3HardenedWinVerifyCacheProcessWvtTodos: 0 (was 0) fWinVerifyTrust=0 for '\Device\HarddiskVolume3\Windows\System32\dwmapi.dll' [rescheduled]
4570.3c2c: Detected loader lock ownership: rc=22900 '\Device\HarddiskVolume3\Windows\System32\uxtheme.dll'.
4570.3c2c: supR3HardenedWinVerifyCacheProcessWvtTodos: 22900 (was 22900) fWinVerifyTrust=0 for '\Device\HarddiskVolume3\Windows\System32\uxtheme.dll' [rescheduled]
4570.3c2c: Detected loader lock ownership: rc=VINF_SUCCESS '\Device\HarddiskVolume3\Windows\System32\msvcp140_1.dll'.
4570.3c2c: supR3HardenedWinVerifyCacheProcessWvtTodos: 0 (was 0) fWinVerifyTrust=0 for '\Device\HarddiskVolume3\Windows\System32\msvcp140_1.dll' [rescheduled]
4570.3c2c: Detected loader lock ownership: rc=VINF_SUCCESS '\Device\HarddiskVolume3\Windows\System32\win32u.dll'.
4570.3c2c: supR3HardenedWinVerifyCacheProcessWvtTodos: 0 (was 0) fWinVerifyTrust=0 for '\Device\HarddiskVolume3\Windows\System32\win32u.dll' [rescheduled]
4570.3c2c: Detected loader lock ownership: rc=VINF_SUCCESS '\Device\HarddiskVolume3\Windows\System32\gdi32.dll'.
4570.3c2c: supR3HardenedWinVerifyCacheProcessWvtTodos: 0 (was 0) fWinVerifyTrust=0 for '\Device\HarddiskVolume3\Windows\System32\gdi32.dll' [rescheduled]
4570.3c2c: Detected loader lock ownership: rc=VINF_SUCCESS '\Device\HarddiskVolume3\Windows\System32\combase.dll'.
4570.3c2c: supR3HardenedWinVerifyCacheProcessWvtTodos: 0 (was 0) fWinVerifyTrust=0 for '\Device\HarddiskVolume3\Windows\System32\combase.dll' [rescheduled]
4570.3c2c: supR3HardenedMonitor_LdrLoadDll: returns rcNt=0x0 hMod=00007fff2ab10000 'D:\VBox\VirtualBoxVM.dll'
4570.3c2c: supR3HardenedMonitor_LdrLoadDll: returns rcNt=0x0 hMod=00007fffbdab0000 'C:\Windows\system32\rsaenh.dll'
4570.3c2c: supR3HardenedMonitor_LdrLoadDll: returns rcNt=0x0 hMod=00007fffbf130000 'C:\Windows\System32\crypt32.dll'
4570.3c2c: supR3HardenedWinVerifyCacheProcessWvtTodos: 0 (was 0) fWinVerifyTrust=1 for '\Device\HarddiskVolume3\Windows\System32\umpdc.dll'
4570.3c2c: supR3HardenedMonitor_LdrLoadDll: returns rcNt=0x0 hMod=00007fffbdab0000 'C:\Windows\system32\rsaenh.dll'
4570.3c2c: supR3HardenedMonitor_LdrLoadDll: returns rcNt=0x0 hMod=00007fffbf130000 'C:\Windows\System32\crypt32.dll'
4570.3c2c: supR3HardenedWinVerifyCacheProcessWvtTodos: 0 (was 0) fWinVerifyTrust=1 for '\Device\HarddiskVolume3\Windows\System32\imm32.dll'
4570.3c2c: supR3HardenedMonitor_LdrLoadDll: returns rcNt=0x0 hMod=00007fffbdab0000 'C:\Windows\system32\rsaenh.dll'
4570.3c2c: supR3HardenedMonitor_LdrLoadDll: returns rcNt=0x0 hMod=00007fffbf130000 'C:\Windows\System32\crypt32.dll'
4570.3c2c: supR3HardenedWinVerifyCacheProcessWvtTodos: 0 (was 0) fWinVerifyTrust=1 for '\Device\HarddiskVolume3\Windows\System32\WinTypes.dll'
4570.3c2c: supR3HardenedMonitor_LdrLoadDll: returns rcNt=0x0 hMod=00007fffbdab0000 'C:\Windows\system32\rsaenh.dll'
4570.3c2c: supR3HardenedMonitor_LdrLoadDll: returns rcNt=0x0 hMod=00007fffbf130000 'C:\Windows\System32\crypt32.dll'
4570.3c2c: supR3HardenedWinVerifyCacheProcessWvtTodos: 0 (was 0) fWinVerifyTrust=1 for '\Device\HarddiskVolume3\Windows\System32\gdi32full.dll'
4570.3c2c: supR3HardenedMonitor_LdrLoadDll: returns rcNt=0x0 hMod=00007fffbdab0000 'C:\Windows\system32\rsaenh.dll'
4570.3c2c: supR3HardenedMonitor_LdrLoadDll: returns rcNt=0x0 hMod=00007fffbf130000 'C:\Windows\System32\crypt32.dll'
4570.3c2c: supR3HardenedWinVerifyCacheProcessWvtTodos: 0 (was 0) fWinVerifyTrust=1 for '\Device\HarddiskVolume3\Windows\System32\netutils.dll'
4570.3c2c: supR3HardenedMonitor_LdrLoadDll: returns rcNt=0x0 hMod=00007fffbdab0000 'C:\Windows\system32\rsaenh.dll'
4570.3c2c: supR3HardenedMonitor_LdrLoadDll: returns rcNt=0x0 hMod=00007fffbf130000 'C:\Windows\System32\crypt32.dll'
4570.3c2c: supR3HardenedWinVerifyCacheProcessWvtTodos: 0 (was 0) fWinVerifyTrust=1 for '\Device\HarddiskVolume3\Windows\System32\srvcli.dll'
4570.3c2c: supR3HardenedMonitor_LdrLoadDll: returns rcNt=0x0 hMod=00007fffbdab0000 'C:\Windows\system32\rsaenh.dll'
4570.3c2c: supR3HardenedMonitor_LdrLoadDll: returns rcNt=0x0 hMod=00007fffbf130000 'C:\Windows\System32\crypt32.dll'
4570.3c2c: supR3HardenedWinVerifyCacheProcessWvtTodos: 0 (was 0) fWinVerifyTrust=1 for '\Device\HarddiskVolume3\Windows\System32\powrprof.dll'
4570.3c2c: supR3HardenedMonitor_LdrLoadDll: returns rcNt=0x0 hMod=00007fffbdab0000 'C:\Windows\system32\rsaenh.dll'
4570.3c2c: supR3HardenedMonitor_LdrLoadDll: returns rcNt=0x0 hMod=00007fffbf130000 'C:\Windows\System32\crypt32.dll'
4570.3c2c: supR3HardenedWinVerifyCacheProcessWvtTodos: 0 (was 0) fWinVerifyTrust=1 for '\Device\HarddiskVolume4\VBox\Qt6SqlVBox.dll'
4570.3c2c: supR3HardenedMonitor_LdrLoadDll: returns rcNt=0x0 hMod=00007fffbdab0000 'C:\Windows\system32\rsaenh.dll'
4570.3c2c: supR3HardenedMonitor_LdrLoadDll: returns rcNt=0x0 hMod=00007fffbf130000 'C:\Windows\System32\crypt32.dll'
4570.3c2c: supR3HardenedWinVerifyCacheProcessWvtTodos: 0 (was 0) fWinVerifyTrust=1 for '\Device\HarddiskVolume3\Windows\System32\userenv.dll'
4570.3c2c: supR3HardNtViCallWinVerifyTrustCatFile: hFile=000000000000055c pwszName=\Device\HarddiskVolume3\Windows\System32\authz.dll
4570.3c2c: supR3HardNtViCallWinVerifyTrustCatFile: Cached context 0000025ade19b7a0
4570.3c2c: supR3HardNtViCallWinVerifyTrustCatFile: hCatAdmin=0000025ade19b7a0
4570.3c2c: supR3HardNtViCallWinVerifyTrustCatFile: cbHash=20 wszDigest=10A53C266477BFC04271044CAF74A44CB8C9B48C
4570.3c2c: supR3HardenedMonitor_LdrLoadDll: returns rcNt=0x0 hMod=00007fffbdab0000 'C:\Windows\system32\rsaenh.dll'
4570.3c2c: supR3HardenedScreenImage/LdrLoadDll: cache hit (VINF_SUCCESS) on \Device\HarddiskVolume3\Windows\System32\crypt32.dll
4570.3c2c: supR3HardenedMonitor_LdrLoadDll: pName=C:\Windows\System32\crypt32.dll (Input=crypt32.dll, rcNtResolve=0xc0150008) *pfFlags=0x0 pwszSearchPath=0000000000000001:<flags> [calling]
4570.3c2c: supR3HardenedMonitor_LdrLoadDll: returns rcNt=0x0 hMod=00007fffbf130000 'C:\Windows\System32\crypt32.dll'
4570.3c2c: supR3HardNtViCallWinVerifyTrustCatFile: WinVerifyTrust => 0x0; cat='C:\Windows\system32\CatRoot\{F750E6C3-38EE-11D1-85E5-00C04FC295EE}\Microsoft-OneCore-CoreSystem-Core-merged-Package~31bf3856ad364e35~amd64~~10.0.26100.8037.cat'; file='\Device\HarddiskVolume3\Windows\System32\authz.dll'
4570.3c2c: supR3HardNtViCallWinVerifyTrustCatFile -> 0 (org 22900)
4570.3c2c: supR3HardenedWinVerifyCacheProcessWvtTodos: 0 (was 22900) fWinVerifyTrust=1 for '\Device\HarddiskVolume3\Windows\System32\authz.dll'
4570.3c2c: supR3HardenedMonitor_LdrLoadDll: returns rcNt=0x0 hMod=00007fffbdab0000 'C:\Windows\system32\rsaenh.dll'
4570.3c2c: supR3HardenedMonitor_LdrLoadDll: returns rcNt=0x0 hMod=00007fffbf130000 'C:\Windows\System32\crypt32.dll'
4570.3c2c: supR3HardenedWinVerifyCacheProcessWvtTodos: 0 (was 0) fWinVerifyTrust=1 for '\Device\HarddiskVolume3\Windows\System32\netapi32.dll'
4570.3c2c: supR3HardenedMonitor_LdrLoadDll: returns rcNt=0x0 hMod=00007fffbdab0000 'C:\Windows\system32\rsaenh.dll'
4570.3c2c: supR3HardenedMonitor_LdrLoadDll: returns rcNt=0x0 hMod=00007fffbf130000 'C:\Windows\System32\crypt32.dll'
4570.3c2c: supR3HardenedWinVerifyCacheProcessWvtTodos: 0 (was 0) fWinVerifyTrust=1 for '\Device\HarddiskVolume3\Windows\System32\version.dll'
4570.3c2c: supR3HardenedScreenImage/LdrLoadDll: cache hit (VINF_SUCCESS) on \Device\HarddiskVolume3\Windows\System32\rsaenh.dll
4570.3c2c: supR3HardenedMonitor_LdrLoadDll: pName=C:\Windows\system32\rsaenh.dll (rcNtResolve=0xc0150008) *pfFlags=0x0 pwszSearchPath=0000000000000001:<flags> [calling]
4570.3c2c: supR3HardenedMonitor_LdrLoadDll: returns rcNt=0x0 hMod=00007fffbdab0000 'C:\Windows\system32\rsaenh.dll'
4570.3c2c: supR3HardenedMonitor_LdrLoadDll: returns rcNt=0x0 hMod=00007fffbf130000 'C:\Windows\System32\crypt32.dll'
4570.3c2c: supR3HardenedWinVerifyCacheProcessWvtTodos: 0 (was 0) fWinVerifyTrust=1 for '\Device\HarddiskVolume3\Windows\System32\d3d11.dll'
4570.3c2c: supR3HardenedMonitor_LdrLoadDll: returns rcNt=0x0 hMod=00007fffbdab0000 'C:\Windows\system32\rsaenh.dll'
4570.3c2c: supR3HardenedMonitor_LdrLoadDll: returns rcNt=0x0 hMod=00007fffbf130000 'C:\Windows\System32\crypt32.dll'
4570.3c2c: supR3HardenedWinVerifyCacheProcessWvtTodos: 0 (was 0) fWinVerifyTrust=1 for '\Device\HarddiskVolume3\Windows\System32\dxgi.dll'
4570.3c2c: supR3HardenedMonitor_LdrLoadDll: returns rcNt=0x0 hMod=00007fffbdab0000 'C:\Windows\system32\rsaenh.dll'
4570.3c2c: supR3HardenedMonitor_LdrLoadDll: returns rcNt=0x0 hMod=00007fffbf130000 'C:\Windows\System32\crypt32.dll'
4570.3c2c: supR3HardenedWinVerifyCacheProcessWvtTodos: 0 (was 0) fWinVerifyTrust=1 for '\Device\HarddiskVolume3\Windows\System32\D3D12.dll'
4570.3c2c: supR3HardenedMonitor_LdrLoadDll: returns rcNt=0x0 hMod=00007fffbdab0000 'C:\Windows\system32\rsaenh.dll'
4570.3c2c: supR3HardenedMonitor_LdrLoadDll: returns rcNt=0x0 hMod=00007fffbf130000 'C:\Windows\System32\crypt32.dll'
4570.3c2c: supR3HardenedWinVerifyCacheProcessWvtTodos: 0 (was 0) fWinVerifyTrust=1 for '\Device\HarddiskVolume3\Windows\System32\shell32.dll'
4570.3c2c: supR3HardNtViCallWinVerifyTrustCatFile: hFile=000000000000050c pwszName=\Device\HarddiskVolume3\Windows\System32\DWrite.dll
4570.3c2c: supR3HardNtViCallWinVerifyTrustCatFile: Cached context 0000025ade19b7a0
4570.3c2c: supR3HardNtViCallWinVerifyTrustCatFile: hCatAdmin=0000025ade19b7a0
4570.3c2c: supR3HardNtViCallWinVerifyTrustCatFile: cbHash=20 wszDigest=5C0E712072A1D72FDACB46D0D62B7244B5A26888
4570.3c2c: supR3HardenedMonitor_LdrLoadDll: returns rcNt=0x0 hMod=00007fffbdab0000 'C:\Windows\system32\rsaenh.dll'
4570.3c2c: supR3HardenedMonitor_LdrLoadDll: returns rcNt=0x0 hMod=00007fffbf130000 'C:\Windows\System32\crypt32.dll'
4570.3c2c: supR3HardNtViCallWinVerifyTrustCatFile: WinVerifyTrust => 0x0; cat='C:\Windows\system32\CatRoot\{F750E6C3-38EE-11D1-85E5-00C04FC295EE}\Microsoft-OneCore-Graphics-DirectX-Package~31bf3856ad364e35~amd64~~10.0.26100.8036.cat'; file='\Device\HarddiskVolume3\Windows\System32\DWrite.dll'
4570.3c2c: supR3HardNtViCallWinVerifyTrustCatFile -> 0 (org 22900)
4570.3c2c: supR3HardenedWinVerifyCacheProcessWvtTodos: 0 (was 22900) fWinVerifyTrust=1 for '\Device\HarddiskVolume3\Windows\System32\DWrite.dll'
4570.3c2c: supR3HardenedMonitor_LdrLoadDll: returns rcNt=0x0 hMod=00007fffbdab0000 'C:\Windows\system32\rsaenh.dll'
4570.3c2c: supR3HardenedMonitor_LdrLoadDll: returns rcNt=0x0 hMod=00007fffbf130000 'C:\Windows\System32\crypt32.dll'
4570.3c2c: supR3HardenedWinVerifyCacheProcessWvtTodos: 0 (was 0) fWinVerifyTrust=1 for '\Device\HarddiskVolume3\Windows\System32\msvcp140_2.dll'
4570.3c2c: supR3HardenedMonitor_LdrLoadDll: returns rcNt=0x0 hMod=00007fffbdab0000 'C:\Windows\system32\rsaenh.dll'
4570.3c2c: supR3HardenedMonitor_LdrLoadDll: returns rcNt=0x0 hMod=00007fffbf130000 'C:\Windows\System32\crypt32.dll'
4570.3c2c: supR3HardenedWinVerifyCacheProcessWvtTodos: 0 (was 0) fWinVerifyTrust=1 for '\Device\HarddiskVolume3\Windows\System32\dwmapi.dll'
4570.3c2c: supR3HardNtViCallWinVerifyTrustCatFile: hFile=00000000000004d4 pwszName=\Device\HarddiskVolume3\Windows\System32\uxtheme.dll
4570.3c2c: supR3HardNtViCallWinVerifyTrustCatFile: Cached context 0000025ade19b7a0
4570.3c2c: supR3HardNtViCallWinVerifyTrustCatFile: hCatAdmin=0000025ade19b7a0
4570.3c2c: supR3HardNtViCallWinVerifyTrustCatFile: cbHash=20 wszDigest=0BAC17C4F9448C947DCDFDD04C9C6B20BB717FF0
4570.3c2c: supR3HardenedMonitor_LdrLoadDll: returns rcNt=0x0 hMod=00007fffbdab0000 'C:\Windows\system32\rsaenh.dll'
4570.3c2c: supR3HardenedMonitor_LdrLoadDll: returns rcNt=0x0 hMod=00007fffbf130000 'C:\Windows\System32\crypt32.dll'
4570.3c2c: supR3HardNtViCallWinVerifyTrustCatFile: WinVerifyTrust => 0x0; cat='C:\Windows\system32\CatRoot\{F750E6C3-38EE-11D1-85E5-00C04FC295EE}\Microsoft-Windows-Client-Desktop-Required-Package05112~31bf3856ad364e35~amd64~~10.0.26100.8037.cat'; file='\Device\HarddiskVolume3\Windows\System32\uxtheme.dll'
4570.3c2c: supR3HardNtViCallWinVerifyTrustCatFile -> 0 (org 22900)
4570.3c2c: supR3HardenedWinVerifyCacheProcessWvtTodos: 0 (was 22900) fWinVerifyTrust=1 for '\Device\HarddiskVolume3\Windows\System32\uxtheme.dll'
4570.3c2c: supR3HardenedMonitor_LdrLoadDll: returns rcNt=0x0 hMod=00007fffbdab0000 'C:\Windows\system32\rsaenh.dll'
4570.3c2c: supR3HardenedMonitor_LdrLoadDll: returns rcNt=0x0 hMod=00007fffbf130000 'C:\Windows\System32\crypt32.dll'
4570.3c2c: supR3HardenedWinVerifyCacheProcessWvtTodos: 0 (was 0) fWinVerifyTrust=1 for '\Device\HarddiskVolume3\Windows\System32\msvcp140_1.dll'
4570.3c2c: supR3HardenedMonitor_LdrLoadDll: returns rcNt=0x0 hMod=00007fffbdab0000 'C:\Windows\system32\rsaenh.dll'
4570.3c2c: supR3HardenedMonitor_LdrLoadDll: returns rcNt=0x0 hMod=00007fffbf130000 'C:\Windows\System32\crypt32.dll'
4570.3c2c: supR3HardenedWinVerifyCacheProcessWvtTodos: 0 (was 0) fWinVerifyTrust=1 for '\Device\HarddiskVolume3\Windows\System32\win32u.dll'
4570.3c2c: supR3HardenedMonitor_LdrLoadDll: returns rcNt=0x0 hMod=00007fffbdab0000 'C:\Windows\system32\rsaenh.dll'
4570.3c2c: supR3HardenedMonitor_LdrLoadDll: returns rcNt=0x0 hMod=00007fffbf130000 'C:\Windows\System32\crypt32.dll'
4570.3c2c: supR3HardenedWinVerifyCacheProcessWvtTodos: 0 (was 0) fWinVerifyTrust=1 for '\Device\HarddiskVolume3\Windows\System32\gdi32.dll'
4570.3c2c: supR3HardenedMonitor_LdrLoadDll: returns rcNt=0x0 hMod=00007fffbdab0000 'C:\Windows\system32\rsaenh.dll'
4570.3c2c: supR3HardenedMonitor_LdrLoadDll: returns rcNt=0x0 hMod=00007fffbf130000 'C:\Windows\System32\crypt32.dll'
4570.3c2c: supR3HardenedWinVerifyCacheProcessWvtTodos: 0 (was 0) fWinVerifyTrust=1 for '\Device\HarddiskVolume3\Windows\System32\combase.dll'
4570.3c2c: SUPR3HardenedMain: Calling TrustedMain (00007fff2ab119c0)...
4570.3c2c: supR3HardenedDllNotificationCallback: load   00007fffbf9e0000 LB 0x00864000 C:\Windows\System32\windows.storage.dll [fFlags=0x0]
4570.3c2c: supR3HardenedWinVerifyCacheScheduleImports: Import todo: #31 'combase.dll'.
4570.3c2c: supR3HardenedWinVerifyCacheScheduleImports: Import todo: #32 'msvcp_win.dll'.
4570.3c2c: supHardenedWinVerifyImageByHandle: -> 0 (\Device\HarddiskVolume3\Windows\System32\windows.storage.dll)
4570.3c2c: supR3HardenedWinVerifyCacheInsert: \Device\HarddiskVolume3\Windows\System32\windows.storage.dll
4570.3c2c: supR3HardenedDllNotificationCallback: load   00007fffc0d10000 LB 0x00067000 C:\Windows\System32\shlwapi.dll [fFlags=0x0]
4570.3c2c: supR3HardenedWinVerifyCacheScheduleImports: Import todo: #4 'windows.storage.dll'.
4570.3c2c: supHardenedWinVerifyImageByHandle: -> 0 (\Device\HarddiskVolume3\Windows\System32\shlwapi.dll)
4570.3c2c: supR3HardenedWinVerifyCacheInsert: \Device\HarddiskVolume3\Windows\System32\shlwapi.dll
4570.3c2c: supR3HardenedWinVerifyCacheProcessImportTodos: Processing 'windows.storage.dll'...
4570.3c2c: supR3HardenedWinVerifyCacheProcessImportTodos: 'windows.storage.dll' -> '\Device\HarddiskVolume3\Windows\System32\windows.storage.dll' [rcNtRedir=0xc0150008]
4570.3c2c: supR3HardenedScreenImage/Imports: cache hit (VINF_SUCCESS) on \Device\HarddiskVolume3\Windows\System32\windows.storage.dll [lacks WinVerifyTrust]
4570.3c2c: supR3HardenedWinVerifyCacheProcessImportTodos: Processing 'msvcp_win.dll'...
4570.3c2c: supR3HardenedWinVerifyCacheProcessImportTodos: 'msvcp_win.dll' -> '\Device\HarddiskVolume3\Windows\System32\msvcp_win.dll' [rcNtRedir=0xc0150008]
4570.3c2c: supR3HardenedWinVerifyCacheProcessImportTodos: Processing 'combase.dll'...
4570.3c2c: supR3HardenedWinVerifyCacheProcessImportTodos: 'combase.dll' -> '\Device\HarddiskVolume3\Windows\System32\combase.dll' [rcNtRedir=0xc0150008]
4570.3c2c: supR3HardenedScreenImage/Imports: cache hit (VINF_SUCCESS) on \Device\HarddiskVolume3\Windows\System32\combase.dll
4570.3c2c: supR3HardenedMonitor_LdrLoadDll: returns rcNt=0x0 hMod=00007fffbdab0000 'C:\Windows\system32\rsaenh.dll'
4570.3c2c: supR3HardenedMonitor_LdrLoadDll: returns rcNt=0x0 hMod=00007fffbf130000 'C:\Windows\System32\crypt32.dll'
4570.3c2c: supR3HardenedWinVerifyCacheProcessWvtTodos: 0 (was 0) fWinVerifyTrust=1 for '\Device\HarddiskVolume3\Windows\System32\shlwapi.dll'
4570.3c2c: supR3HardenedMonitor_LdrLoadDll: returns rcNt=0x0 hMod=00007fffbdab0000 'C:\Windows\system32\rsaenh.dll'
4570.3c2c: supR3HardenedMonitor_LdrLoadDll: returns rcNt=0x0 hMod=00007fffbf130000 'C:\Windows\System32\crypt32.dll'
4570.3c2c: supR3HardenedWinVerifyCacheProcessWvtTodos: 0 (was 0) fWinVerifyTrust=1 for '\Device\HarddiskVolume3\Windows\System32\windows.storage.dll'
4570.3c2c: supR3HardenedMonitor_LdrLoadDll: returns rcNt=0x0 hMod=00007fffbdab0000 'C:\Windows\system32\rsaenh.dll'
4570.3c2c: supR3HardenedMonitor_LdrLoadDll: returns rcNt=0x0 hMod=00007fffbf130000 'C:\Windows\System32\crypt32.dll'
4570.3c2c: supR3HardenedWinVerifyCacheScheduleImports: Import todo: #0 'advapi32.dll'.
4570.3c2c: supR3HardenedWinVerifyCacheScheduleImports: Import todo: #1 'dwmapi.dll'.
4570.3c2c: supR3HardenedWinVerifyCacheScheduleImports: Import todo: #2 'gdi32.dll'.
4570.3c2c: supR3HardenedWinVerifyCacheScheduleImports: Import todo: #3 'imm32.dll'.
4570.3c2c: supR3HardenedWinVerifyCacheScheduleImports: Import todo: #4 'ole32.dll'.
4570.3c2c: supR3HardenedWinVerifyCacheScheduleImports: Import todo: #5 'oleaut32.dll'.
4570.3c2c: supR3HardenedWinVerifyCacheScheduleImports: Import todo: #6 'setupapi.dll'.
4570.3c2c: supR3HardenedWinVerifyCacheScheduleImports: Import todo: #7 'shell32.dll'.
4570.3c2c: supR3HardenedWinVerifyCacheScheduleImports: Import todo: #8 'shlwapi.dll'.
4570.3c2c: supR3HardenedWinVerifyCacheScheduleImports: Import todo: #9 'user32.dll'.
4570.3c2c: supR3HardenedWinVerifyCacheScheduleImports: Import todo: #10 'winmm.dll'.
4570.3c2c: supR3HardenedWinVerifyCacheScheduleImports: Import todo: #11 'wtsapi32.dll'.
4570.3c2c: supR3HardenedWinVerifyCacheScheduleImports: Import todo: #13 'comdlg32.dll'.
4570.3c2c: supR3HardenedWinVerifyCacheScheduleImports: Import todo: #14 'd3d9.dll'.
4570.3c2c: supR3HardenedWinVerifyCacheScheduleImports: Import todo: #17 'uiautomationcore.dll'.
4570.3c2c: supR3HardenedWinVerifyCacheScheduleImports: Import todo: #18 'qt6guivbox.dll'.
4570.3c2c: supR3HardenedWinVerifyCacheScheduleImports: Import todo: #19 'qt6corevbox.dll'.
4570.3c2c: supR3HardenedWinVerifyCacheScheduleImports: Import todo: #21 'msvcp140.dll'.
4570.3c2c: supR3HardenedWinVerifyCacheScheduleImports: Import todo: #22 'vcruntime140.dll'.
4570.3c2c: supR3HardenedWinVerifyCacheScheduleImports: Import todo: #23 'vcruntime140_1.dll'.
4570.3c2c: supHardenedWinVerifyImageByHandle: -> 0 (\Device\HarddiskVolume4\VBox\platforms\qwindowsVBox.dll) WinVerifyTrust
4570.3c2c: supR3HardenedWinVerifyCacheInsert: \Device\HarddiskVolume4\VBox\platforms\qwindowsVBox.dll
4570.3c2c: supR3HardenedWinVerifyCacheProcessImportTodos: Processing 'vcruntime140_1.dll'...
4570.3c2c: supR3HardenedWinVerifyCacheProcessImportTodos: 'vcruntime140_1.dll' -> '\Device\HarddiskVolume3\Windows\System32\vcruntime140_1.dll' [rcNtRedir=0xc0150008]
4570.3c2c: supR3HardenedWinVerifyCacheProcessImportTodos: Processing 'vcruntime140.dll'...
4570.3c2c: supR3HardenedWinVerifyCacheProcessImportTodos: 'vcruntime140.dll' -> '\Device\HarddiskVolume3\Windows\System32\vcruntime140.dll' [rcNtRedir=0xc0150008]
4570.3c2c: supR3HardenedWinVerifyCacheProcessImportTodos: Processing 'msvcp140.dll'...
4570.3c2c: supR3HardenedWinVerifyCacheProcessImportTodos: 'msvcp140.dll' -> '\Device\HarddiskVolume3\Windows\System32\msvcp140.dll' [rcNtRedir=0xc0150008]
4570.3c2c: supR3HardenedWinVerifyCacheProcessImportTodos: Processing 'qt6corevbox.dll'...
4570.3c2c: supR3HardenedWinVerifyCacheProcessImportTodos: 'qt6corevbox.dll' -> '\Device\HarddiskVolume4\VBox\qt6corevbox.dll' [rcNtRedir=0xc0150008]
4570.3c2c: supR3HardenedWinVerifyCacheProcessImportTodos: Processing 'qt6guivbox.dll'...
4570.3c2c: supR3HardenedWinVerifyCacheProcessImportTodos: 'qt6guivbox.dll' -> '\Device\HarddiskVolume4\VBox\qt6guivbox.dll' [rcNtRedir=0xc0150008]
4570.3c2c: supR3HardenedScreenImage/Imports: cache hit (VINF_SUCCESS) on \Device\HarddiskVolume4\VBox\Qt6GuiVBox.dll
4570.3c2c: supR3HardenedWinVerifyCacheProcessImportTodos: Processing 'uiautomationcore.dll'...
4570.3c2c: supR3HardenedWinVerifyCacheProcessImportTodos: 'uiautomationcore.dll' -> '\Device\HarddiskVolume3\Windows\System32\uiautomationcore.dll' [rcNtRedir=0xc0150008]
4570.3c2c: supR3HardNtViCallWinVerifyTrustCatFile: hFile=000000000000052c pwszName=\Device\HarddiskVolume3\Windows\System32\UIAutomationCore.dll
4570.3c2c: supR3HardNtViCallWinVerifyTrustCatFile: Cached context 0000025ade19b7a0
4570.3c2c: supR3HardNtViCallWinVerifyTrustCatFile: hCatAdmin=0000025ade19b7a0
4570.3c2c: supR3HardNtViCallWinVerifyTrustCatFile: cbHash=20 wszDigest=DE7FCA7A43E184652892B6E628D19D13E5BABA8F
4570.3c2c: supR3HardenedMonitor_LdrLoadDll: returns rcNt=0x0 hMod=00007fffbdab0000 'C:\Windows\system32\rsaenh.dll'
4570.3c2c: supR3HardenedMonitor_LdrLoadDll: returns rcNt=0x0 hMod=00007fffbf130000 'C:\Windows\System32\crypt32.dll'
4570.3c2c: supR3HardNtViCallWinVerifyTrustCatFile: WinVerifyTrust => 0x0; cat='C:\Windows\system32\CatRoot\{F750E6C3-38EE-11D1-85E5-00C04FC295EE}\Runlevel-Win4-merged-Package~31bf3856ad364e35~amd64~~10.0.26100.8036.cat'; file='\Device\HarddiskVolume3\Windows\System32\UIAutomationCore.dll'
4570.3c2c: supR3HardNtViCallWinVerifyTrustCatFile -> 0 (org 22900)
4570.3c2c: supR3HardenedWinVerifyCacheScheduleImports: Import todo: #0 'msvcp_win.dll'.
4570.3c2c: supHardenedWinVerifyImageByHandle: -> 0 (\Device\HarddiskVolume3\Windows\System32\UIAutomationCore.dll) WinVerifyTrust
4570.3c2c: supR3HardenedWinVerifyCacheInsert: \Device\HarddiskVolume3\Windows\System32\UIAutomationCore.dll
4570.3c2c: supR3HardenedWinVerifyCacheProcessImportTodos: Processing 'd3d9.dll'...
4570.3c2c: supR3HardenedWinVerifyCacheProcessImportTodos: 'd3d9.dll' -> '\Device\HarddiskVolume3\Windows\System32\d3d9.dll' [rcNtRedir=0xc0150008]
4570.3c2c: supR3HardenedWinVerifyCacheProcessImportTodos: Processing 'msvcp_win.dll'...
4570.3c2c: supR3HardenedWinVerifyCacheProcessImportTodos: 'msvcp_win.dll' -> '\Device\HarddiskVolume3\Windows\System32\msvcp_win.dll' [rcNtRedir=0xc0150008]
4570.3c2c: supR3HardenedMonitor_LdrLoadDll: returns rcNt=0x0 hMod=00007fffbdab0000 'C:\Windows\system32\rsaenh.dll'
4570.3c2c: supR3HardenedMonitor_LdrLoadDll: returns rcNt=0x0 hMod=00007fffbf130000 'C:\Windows\System32\crypt32.dll'
4570.3c2c: supR3HardenedWinVerifyCacheScheduleImports: Import todo: #0 'msvcrt.dll'.
4570.3c2c: supR3HardenedWinVerifyCacheScheduleImports: Import todo: #6 'user32.dll'.
4570.3c2c: supR3HardenedWinVerifyCacheScheduleImports: Import todo: #9 'win32u.dll'.
4570.3c2c: supR3HardenedWinVerifyCacheScheduleImports: Import todo: #10 'gdi32.dll'.
4570.3c2c: supR3HardenedWinVerifyCacheScheduleImports: Import todo: #12 'dwmapi.dll'.
4570.3c2c: supR3HardenedWinVerifyCacheScheduleImports: Import todo: #15 'version.dll'.
4570.3c2c: supHardenedWinVerifyImageByHandle: -> 0 (\Device\HarddiskVolume3\Windows\System32\d3d9.dll) WinVerifyTrust
4570.3c2c: supR3HardenedWinVerifyCacheInsert: \Device\HarddiskVolume3\Windows\System32\d3d9.dll
4570.3c2c: supR3HardenedWinVerifyCacheProcessImportTodos: Processing 'comdlg32.dll'...
4570.3c2c: supR3HardenedWinVerifyCacheProcessImportTodos: 'comdlg32.dll' -> '\Device\HarddiskVolume3\Windows\System32\comdlg32.dll' [rcNtRedir=0xc0150008]
4570.3c2c: supR3HardNtViCallWinVerifyTrustCatFile: hFile=0000000000000550 pwszName=\Device\HarddiskVolume3\Windows\System32\comdlg32.dll
4570.3c2c: supR3HardNtViCallWinVerifyTrustCatFile: Cached context 0000025ade19b7a0
4570.3c2c: supR3HardNtViCallWinVerifyTrustCatFile: hCatAdmin=0000025ade19b7a0
4570.3c2c: supR3HardNtViCallWinVerifyTrustCatFile: cbHash=20 wszDigest=C9D1122B301BDF571125D7E3BD5237247E415EB8
4570.3c2c: supR3HardenedWinVerifyCacheProcessImportTodos: Processing 'version.dll'...
4570.3c2c: supR3HardenedWinVerifyCacheProcessImportTodos: 'version.dll' -> '\Device\HarddiskVolume3\Windows\System32\version.dll' [rcNtRedir=0xc0150008]
4570.3c2c: supR3HardenedScreenImage/Imports: cache hit (VINF_SUCCESS) on \Device\HarddiskVolume3\Windows\System32\version.dll
4570.3c2c: supR3HardenedWinVerifyCacheProcessImportTodos: Processing 'dwmapi.dll'...
4570.3c2c: supR3HardenedWinVerifyCacheProcessImportTodos: 'dwmapi.dll' -> '\Device\HarddiskVolume3\Windows\System32\dwmapi.dll' [rcNtRedir=0xc0150008]
4570.3c2c: supR3HardenedScreenImage/Imports: cache hit (VINF_SUCCESS) on \Device\HarddiskVolume3\Windows\System32\dwmapi.dll
4570.3c2c: supR3HardenedWinVerifyCacheProcessImportTodos: Processing 'gdi32.dll'...
4570.3c2c: supR3HardenedWinVerifyCacheProcessImportTodos: 'gdi32.dll' -> '\Device\HarddiskVolume3\Windows\System32\gdi32.dll' [rcNtRedir=0xc0150008]
4570.3c2c: supR3HardenedWinVerifyCacheProcessImportTodos: Processing 'win32u.dll'...
4570.3c2c: supR3HardenedWinVerifyCacheProcessImportTodos: 'win32u.dll' -> '\Device\HarddiskVolume3\Windows\System32\win32u.dll' [rcNtRedir=0xc0150008]
4570.3c2c: supR3HardenedWinVerifyCacheProcessImportTodos: Processing 'user32.dll'...
4570.3c2c: supR3HardenedWinVerifyCacheProcessImportTodos: 'user32.dll' -> '\Device\HarddiskVolume3\Windows\System32\user32.dll' [rcNtRedir=0xc0150008]
4570.3c2c: supR3HardenedWinVerifyCacheProcessImportTodos: Processing 'msvcrt.dll'...
4570.3c2c: supR3HardenedWinVerifyCacheProcessImportTodos: 'msvcrt.dll' -> '\Device\HarddiskVolume3\Windows\System32\msvcrt.dll' [rcNtRedir=0xc0150008]
4570.3c2c: supR3HardenedScreenImage/Imports: cache hit (VINF_SUCCESS) on \Device\HarddiskVolume3\Windows\System32\msvcrt.dll
4570.3c2c: supR3HardenedMonitor_LdrLoadDll: returns rcNt=0x0 hMod=00007fffbdab0000 'C:\Windows\system32\rsaenh.dll'
4570.3c2c: supR3HardenedMonitor_LdrLoadDll: returns rcNt=0x0 hMod=00007fffbf130000 'C:\Windows\System32\crypt32.dll'
4570.3c2c: supR3HardNtViCallWinVerifyTrustCatFile: WinVerifyTrust => 0x0; cat='C:\Windows\system32\CatRoot\{F750E6C3-38EE-11D1-85E5-00C04FC295EE}\Microsoft-Windows-Client-Desktop-Required-Package05~31bf3856ad364e35~amd64~~10.0.26100.8037.cat'; file='\Device\HarddiskVolume3\Windows\System32\comdlg32.dll'
4570.3c2c: supR3HardNtViCallWinVerifyTrustCatFile -> 0 (org 22900)
4570.3c2c: supR3HardenedWinVerifyCacheScheduleImports: Import todo: #0 'msvcp_win.dll'.
4570.3c2c: supR3HardenedWinVerifyCacheScheduleImports: Import todo: #26 'rpcrt4.dll'.
4570.3c2c: supR3HardenedWinVerifyCacheScheduleImports: Import todo: #43 'user32.dll'.
4570.3c2c: supR3HardenedWinVerifyCacheScheduleImports: Import todo: #61 'shlwapi.dll'.
4570.3c2c: supR3HardenedWinVerifyCacheScheduleImports: Import todo: #62 'gdi32.dll'.
4570.3c2c: supR3HardenedWinVerifyCacheScheduleImports: Import todo: #63 'comctl32.dll'.
4570.3c2c: supR3HardenedWinVerifyCacheScheduleImports: Import todo: #64 'shell32.dll'.
4570.3c2c: supHardenedWinVerifyImageByHandle: -> 0 (\Device\HarddiskVolume3\Windows\System32\comdlg32.dll) WinVerifyTrust
4570.3c2c: supR3HardenedWinVerifyCacheInsert: \Device\HarddiskVolume3\Windows\System32\comdlg32.dll
4570.3c2c: supR3HardenedWinVerifyCacheProcessImportTodos: Processing 'wtsapi32.dll'...
4570.3c2c: supR3HardenedWinVerifyCacheProcessImportTodos: 'wtsapi32.dll' -> '\Device\HarddiskVolume3\Windows\System32\wtsapi32.dll' [rcNtRedir=0xc0150008]
4570.3c2c: supR3HardenedWinVerifyCacheProcessImportTodos: Processing 'shell32.dll'...
4570.3c2c: supR3HardenedWinVerifyCacheProcessImportTodos: 'shell32.dll' -> '\Device\HarddiskVolume3\Windows\System32\shell32.dll' [rcNtRedir=0xc0150008]
4570.3c2c: supR3HardenedScreenImage/Imports: cache hit (VINF_SUCCESS) on \Device\HarddiskVolume3\Windows\System32\shell32.dll
4570.3c2c: supR3HardenedWinVerifyCacheProcessImportTodos: Processing 'comctl32.dll'...
4570.3c2c: supR3HardenedWinVerifyCacheProcessImportTodos: 'comctl32.dll' -> '\Device\HarddiskVolume3\Windows\System32\comctl32.dll' [rcNtRedir=0x0]
4570.3c2c: Detected WinVerifyTrust recursion: rc=VINF_SUCCESS '\Device\HarddiskVolume3\Windows\System32\comctl32.dll'.
4570.3c2c: supR3HardenedWinVerifyCacheScheduleImports: Import todo: #1 'advapi32.dll'.
4570.3c2c: supR3HardenedWinVerifyCacheScheduleImports: Import todo: #2 'gdi32.dll'.
4570.3c2c: supR3HardenedWinVerifyCacheScheduleImports: Import todo: #4 'user32.dll'.
4570.3c2c: supHardenedWinVerifyImageByHandle: -> 0 (\Device\HarddiskVolume3\Windows\System32\comctl32.dll)
4570.3c2c: supR3HardenedWinVerifyCacheInsert: \Device\HarddiskVolume3\Windows\System32\comctl32.dll
4570.3c2c: supR3HardenedWinVerifyCacheProcessImportTodos: Processing 'gdi32.dll'...
4570.3c2c: supR3HardenedWinVerifyCacheProcessImportTodos: 'gdi32.dll' -> '\Device\HarddiskVolume3\Windows\System32\gdi32.dll' [rcNtRedir=0xc0150008]
4570.3c2c: supR3HardenedWinVerifyCacheProcessImportTodos: Processing 'shlwapi.dll'...
4570.3c2c: supR3HardenedWinVerifyCacheProcessImportTodos: 'shlwapi.dll' -> '\Device\HarddiskVolume3\Windows\System32\shlwapi.dll' [rcNtRedir=0xc0150008]
4570.3c2c: supR3HardenedScreenImage/Imports: cache hit (VINF_SUCCESS) on \Device\HarddiskVolume3\Windows\System32\shlwapi.dll
4570.3c2c: supR3HardenedWinVerifyCacheProcessImportTodos: Processing 'user32.dll'...
4570.3c2c: supR3HardenedWinVerifyCacheProcessImportTodos: 'user32.dll' -> '\Device\HarddiskVolume3\Windows\System32\user32.dll' [rcNtRedir=0xc0150008]
4570.3c2c: supR3HardenedWinVerifyCacheProcessImportTodos: Processing 'rpcrt4.dll'...
4570.3c2c: supR3HardenedWinVerifyCacheProcessImportTodos: 'rpcrt4.dll' -> '\Device\HarddiskVolume3\Windows\System32\rpcrt4.dll' [rcNtRedir=0xc0150008]
4570.3c2c: supR3HardenedWinVerifyCacheProcessImportTodos: Processing 'msvcp_win.dll'...
4570.3c2c: supR3HardenedWinVerifyCacheProcessImportTodos: 'msvcp_win.dll' -> '\Device\HarddiskVolume3\Windows\System32\msvcp_win.dll' [rcNtRedir=0xc0150008]
4570.3c2c: supR3HardenedWinVerifyCacheProcessImportTodos: Processing 'user32.dll'...
4570.3c2c: supR3HardenedWinVerifyCacheProcessImportTodos: 'user32.dll' -> '\Device\HarddiskVolume3\Windows\System32\user32.dll' [rcNtRedir=0xc0150008]
4570.3c2c: supR3HardenedWinVerifyCacheProcessImportTodos: Processing 'gdi32.dll'...
4570.3c2c: supR3HardenedWinVerifyCacheProcessImportTodos: 'gdi32.dll' -> '\Device\HarddiskVolume3\Windows\System32\gdi32.dll' [rcNtRedir=0xc0150008]
4570.3c2c: supR3HardenedWinVerifyCacheProcessImportTodos: Processing 'advapi32.dll'...
4570.3c2c: supR3HardenedWinVerifyCacheProcessImportTodos: 'advapi32.dll' -> '\Device\HarddiskVolume3\Windows\System32\advapi32.dll' [rcNtRedir=0xc0150008]
4570.3c2c: supR3HardenedScreenImage/Imports: cache hit (VINF_SUCCESS) on \Device\HarddiskVolume3\Windows\System32\advapi32.dll
4570.3c2c: supR3HardenedMonitor_LdrLoadDll: returns rcNt=0x0 hMod=00007fffbdab0000 'C:\Windows\system32\rsaenh.dll'
4570.3c2c: supR3HardenedMonitor_LdrLoadDll: returns rcNt=0x0 hMod=00007fffbf130000 'C:\Windows\System32\crypt32.dll'
4570.3c2c: supR3HardenedWinVerifyCacheScheduleImports: Import todo: #0 'msvcrt.dll'.
4570.3c2c: supR3HardenedWinVerifyCacheScheduleImports: Import todo: #23 'sspicli.dll'.
4570.3c2c: supR3HardenedWinVerifyCacheScheduleImports: Import todo: #28 'crypt32.dll'.
4570.3c2c: supHardenedWinVerifyImageByHandle: -> 0 (\Device\HarddiskVolume3\Windows\System32\wtsapi32.dll) WinVerifyTrust
4570.3c2c: supR3HardenedWinVerifyCacheInsert: \Device\HarddiskVolume3\Windows\System32\wtsapi32.dll
4570.3c2c: supR3HardenedWinVerifyCacheProcessImportTodos: Processing 'winmm.dll'...
4570.3c2c: supR3HardenedWinVerifyCacheProcessImportTodos: 'winmm.dll' -> '\Device\HarddiskVolume3\Windows\System32\winmm.dll' [rcNtRedir=0xc0150008]
4570.3c2c: supR3HardenedScreenImage/Imports: cache hit (VINF_SUCCESS) on \Device\HarddiskVolume3\Windows\System32\winmm.dll
4570.3c2c: supR3HardenedWinVerifyCacheProcessImportTodos: Processing 'user32.dll'...
4570.3c2c: supR3HardenedWinVerifyCacheProcessImportTodos: 'user32.dll' -> '\Device\HarddiskVolume3\Windows\System32\user32.dll' [rcNtRedir=0xc0150008]
4570.3c2c: supR3HardenedWinVerifyCacheProcessImportTodos: Processing 'shlwapi.dll'...
4570.3c2c: supR3HardenedWinVerifyCacheProcessImportTodos: 'shlwapi.dll' -> '\Device\HarddiskVolume3\Windows\System32\shlwapi.dll' [rcNtRedir=0xc0150008]
4570.3c2c: supR3HardenedScreenImage/Imports: cache hit (VINF_SUCCESS) on \Device\HarddiskVolume3\Windows\System32\shlwapi.dll
4570.3c2c: supR3HardenedWinVerifyCacheProcessImportTodos: Processing 'shell32.dll'...
4570.3c2c: supR3HardenedWinVerifyCacheProcessImportTodos: 'shell32.dll' -> '\Device\HarddiskVolume3\Windows\System32\shell32.dll' [rcNtRedir=0xc0150008]
4570.3c2c: supR3HardenedScreenImage/Imports: cache hit (VINF_SUCCESS) on \Device\HarddiskVolume3\Windows\System32\shell32.dll
4570.3c2c: supR3HardenedWinVerifyCacheProcessImportTodos: Processing 'setupapi.dll'...
4570.3c2c: supR3HardenedWinVerifyCacheProcessImportTodos: 'setupapi.dll' -> '\Device\HarddiskVolume3\Windows\System32\setupapi.dll' [rcNtRedir=0xc0150008]
4570.3c2c: supR3HardenedWinVerifyCacheProcessImportTodos: Processing 'crypt32.dll'...
4570.3c2c: supR3HardenedWinVerifyCacheProcessImportTodos: 'crypt32.dll' -> '\Device\HarddiskVolume3\Windows\System32\crypt32.dll' [rcNtRedir=0xc0150008]
4570.3c2c: supR3HardenedWinVerifyCacheProcessImportTodos: Processing 'sspicli.dll'...
4570.3c2c: supR3HardenedWinVerifyCacheProcessImportTodos: 'sspicli.dll' -> '\Device\HarddiskVolume3\Windows\System32\sspicli.dll' [rcNtRedir=0xc0150008]
4570.3c2c: Detected WinVerifyTrust recursion: rc=VINF_SUCCESS '\Device\HarddiskVolume3\Windows\System32\sspicli.dll'.
4570.3c2c: supR3HardenedWinVerifyCacheScheduleImports: Import todo: #3 'rpcrt4.dll'.
4570.3c2c: supHardenedWinVerifyImageByHandle: -> 0 (\Device\HarddiskVolume3\Windows\System32\sspicli.dll)
4570.3c2c: supR3HardenedWinVerifyCacheInsert: \Device\HarddiskVolume3\Windows\System32\sspicli.dll
4570.3c2c: supR3HardenedWinVerifyCacheProcessImportTodos: Processing 'msvcrt.dll'...
4570.3c2c: supR3HardenedWinVerifyCacheProcessImportTodos: 'msvcrt.dll' -> '\Device\HarddiskVolume3\Windows\System32\msvcrt.dll' [rcNtRedir=0xc0150008]
4570.3c2c: supR3HardenedScreenImage/Imports: cache hit (VINF_SUCCESS) on \Device\HarddiskVolume3\Windows\System32\msvcrt.dll
4570.3c2c: supR3HardenedWinVerifyCacheProcessImportTodos: Processing 'rpcrt4.dll'...
4570.3c2c: supR3HardenedWinVerifyCacheProcessImportTodos: 'rpcrt4.dll' -> '\Device\HarddiskVolume3\Windows\System32\rpcrt4.dll' [rcNtRedir=0xc0150008]
4570.3c2c: supR3HardenedMonitor_LdrLoadDll: returns rcNt=0x0 hMod=00007fffbdab0000 'C:\Windows\system32\rsaenh.dll'
4570.3c2c: supR3HardenedMonitor_LdrLoadDll: returns rcNt=0x0 hMod=00007fffbf130000 'C:\Windows\System32\crypt32.dll'
4570.3c2c: supR3HardenedWinVerifyCacheScheduleImports: Import todo: #0 'msvcrt.dll'.
4570.3c2c: supHardenedWinVerifyImageByHandle: -> 0 (\Device\HarddiskVolume3\Windows\System32\setupapi.dll) WinVerifyTrust
4570.3c2c: supR3HardenedWinVerifyCacheInsert: \Device\HarddiskVolume3\Windows\System32\setupapi.dll
4570.3c2c: supR3HardenedWinVerifyCacheProcessImportTodos: Processing 'oleaut32.dll'...
4570.3c2c: supR3HardenedWinVerifyCacheProcessImportTodos: 'oleaut32.dll' -> '\Device\HarddiskVolume3\Windows\System32\oleaut32.dll' [rcNtRedir=0xc0150008]
4570.3c2c: supR3HardenedScreenImage/Imports: cache hit (VINF_SUCCESS) on \Device\HarddiskVolume3\Windows\System32\oleaut32.dll
4570.3c2c: supR3HardenedWinVerifyCacheProcessImportTodos: Processing 'ole32.dll'...
4570.3c2c: supR3HardenedWinVerifyCacheProcessImportTodos: 'ole32.dll' -> '\Device\HarddiskVolume3\Windows\System32\ole32.dll' [rcNtRedir=0xc0150008]
4570.3c2c: supR3HardenedScreenImage/Imports: cache hit (VINF_SUCCESS) on \Device\HarddiskVolume3\Windows\System32\ole32.dll
4570.3c2c: supR3HardenedWinVerifyCacheProcessImportTodos: Processing 'imm32.dll'...
4570.3c2c: supR3HardenedWinVerifyCacheProcessImportTodos: 'imm32.dll' -> '\Device\HarddiskVolume3\Windows\System32\imm32.dll' [rcNtRedir=0xc0150008]
4570.3c2c: supR3HardenedScreenImage/Imports: cache hit (VINF_SUCCESS) on \Device\HarddiskVolume3\Windows\System32\imm32.dll
4570.3c2c: supR3HardenedWinVerifyCacheProcessImportTodos: Processing 'gdi32.dll'...
4570.3c2c: supR3HardenedWinVerifyCacheProcessImportTodos: 'gdi32.dll' -> '\Device\HarddiskVolume3\Windows\System32\gdi32.dll' [rcNtRedir=0xc0150008]
4570.3c2c: supR3HardenedWinVerifyCacheProcessImportTodos: Processing 'dwmapi.dll'...
4570.3c2c: supR3HardenedWinVerifyCacheProcessImportTodos: 'dwmapi.dll' -> '\Device\HarddiskVolume3\Windows\System32\dwmapi.dll' [rcNtRedir=0xc0150008]
4570.3c2c: supR3HardenedScreenImage/Imports: cache hit (VINF_SUCCESS) on \Device\HarddiskVolume3\Windows\System32\dwmapi.dll
4570.3c2c: supR3HardenedWinVerifyCacheProcessImportTodos: Processing 'advapi32.dll'...
4570.3c2c: supR3HardenedWinVerifyCacheProcessImportTodos: 'advapi32.dll' -> '\Device\HarddiskVolume3\Windows\System32\advapi32.dll' [rcNtRedir=0xc0150008]
4570.3c2c: supR3HardenedScreenImage/Imports: cache hit (VINF_SUCCESS) on \Device\HarddiskVolume3\Windows\System32\advapi32.dll
4570.3c2c: supR3HardenedWinVerifyCacheProcessImportTodos: Processing 'msvcrt.dll'...
4570.3c2c: supR3HardenedWinVerifyCacheProcessImportTodos: 'msvcrt.dll' -> '\Device\HarddiskVolume3\Windows\System32\msvcrt.dll' [rcNtRedir=0xc0150008]
4570.3c2c: supR3HardenedMonitor_LdrLoadDll: pName=D:\VBox\platforms\qwindowsVBox.dll (rcNtResolve=0xc0150008) *pfFlags=0x0 pwszSearchPath=0000000000000001:<flags> [calling]
4570.3c2c: supR3HardenedScreenImage/NtCreateSection: cache hit (VINF_SUCCESS) on \Device\HarddiskVolume4\VBox\platforms\qwindowsVBox.dll
4570.3c2c: supR3HardenedScreenImage/NtCreateSection: cache hit (VINF_SUCCESS) on \Device\HarddiskVolume3\Windows\System32\wtsapi32.dll
4570.3c2c: supR3HardenedWinVerifyCacheScheduleImports: Import todo: #1 'advapi32.dll'.
4570.3c2c: supR3HardenedWinVerifyCacheScheduleImports: Import todo: #2 'gdi32.dll'.
4570.3c2c: supR3HardenedWinVerifyCacheScheduleImports: Import todo: #4 'user32.dll'.
4570.3c2c: supHardenedWinVerifyImageByHandle: -> 0 (\Device\HarddiskVolume3\Windows\WinSxS\amd64_microsoft.windows.common-controls_6595b64144ccf1df_5.82.26100.8037_none_87ebc5097a2f9e52\comctl32.dll)
4570.3c2c: supR3HardenedWinVerifyCacheInsert: \Device\HarddiskVolume3\Windows\WinSxS\amd64_microsoft.windows.common-controls_6595b64144ccf1df_5.82.26100.8037_none_87ebc5097a2f9e52\comctl32.dll
4570.3c2c: supR3HardenedScreenImage/NtCreateSection: cache hit (VINF_SUCCESS) on \Device\HarddiskVolume3\Windows\System32\d3d9.dll
4570.3c2c: supR3HardenedScreenImage/NtCreateSection: cache hit (VINF_SUCCESS) on \Device\HarddiskVolume3\Windows\System32\UIAutomationCore.dll
4570.3c2c: supR3HardenedScreenImage/NtCreateSection: cache hit (VINF_SUCCESS) on \Device\HarddiskVolume3\Windows\System32\sspicli.dll [avoiding WinVerifyTrust]
4570.3c2c: supR3HardenedWinVerifyCacheScheduleImports: Import todo: #0 'msvcp_win.dll'.
4570.3c2c: supR3HardenedWinVerifyCacheScheduleImports: Import todo: #27 'win32u.dll'.
4570.3c2c: supHardenedWinVerifyImageByHandle: -> 0 (\Device\HarddiskVolume3\Windows\System32\DXCore.dll)
4570.3c2c: supR3HardenedWinVerifyCacheInsert: \Device\HarddiskVolume3\Windows\System32\DXCore.dll
4570.3c2c: supR3HardenedDllNotificationCallback: load   00007fffc2010000 LB 0x00487000 C:\Windows\System32\SETUPAPI.dll [fFlags=0x0]
4570.3c2c: supR3HardenedScreenImage/LdrLoadDll: cache hit (VINF_SUCCESS) on \Device\HarddiskVolume3\Windows\System32\setupapi.dll
4570.3c2c: supR3HardenedDllNotificationCallback: load   00007fffbddf0000 LB 0x00049000 C:\Windows\SYSTEM32\SspiCli.dll [fFlags=0x0]
4570.3c2c: supR3HardenedScreenImage/LdrLoadDll: cache hit (VINF_SUCCESS) on \Device\HarddiskVolume3\Windows\System32\sspicli.dll [avoiding WinVerifyTrust]
4570.3c2c: supR3HardenedDllNotificationCallback: load   00007fffbc200000 LB 0x00029000 C:\Windows\SYSTEM32\WTSAPI32.dll [fFlags=0x0]
4570.3c2c: supR3HardenedScreenImage/LdrLoadDll: cache hit (VINF_SUCCESS) on \Device\HarddiskVolume3\Windows\System32\wtsapi32.dll
4570.3c2c: supR3HardenedDllNotificationCallback: load   00007fff6f2e0000 LB 0x000b4000 C:\Windows\WinSxS\amd64_microsoft.windows.common-controls_6595b64144ccf1df_5.82.26100.8037_none_87ebc5097a2f9e52\COMCTL32.dll [fFlags=0x0]
4570.3c2c: supR3HardenedScreenImage/LdrLoadDll: cache hit (VINF_SUCCESS) on \Device\HarddiskVolume3\Windows\WinSxS\amd64_microsoft.windows.common-controls_6595b64144ccf1df_5.82.26100.8037_none_87ebc5097a2f9e52\comctl32.dll [avoiding WinVerifyTrust]
4570.3c2c: supR3HardenedDllNotificationCallback: load   00007fffc0e10000 LB 0x000ee000 C:\Windows\System32\COMDLG32.dll [fFlags=0x0]
4570.3c2c: supR3HardenedScreenImage/LdrLoadDll: cache hit (VINF_SUCCESS) on \Device\HarddiskVolume3\Windows\System32\comdlg32.dll
4570.3c2c: supR3HardenedDllNotificationCallback: load   00007fffbc640000 LB 0x00043000 C:\Windows\SYSTEM32\dxcore.dll [fFlags=0x0]
4570.3c2c: supR3HardenedScreenImage/LdrLoadDll: cache hit (VINF_SUCCESS) on \Device\HarddiskVolume3\Windows\System32\DXCore.dll [avoiding WinVerifyTrust]
4570.3c2c: supR3HardenedDllNotificationCallback: load   00007fff2b910000 LB 0x001b2000 C:\Windows\SYSTEM32\d3d9.dll [fFlags=0x0]
4570.3c2c: supR3HardenedScreenImage/LdrLoadDll: cache hit (VINF_SUCCESS) on \Device\HarddiskVolume3\Windows\System32\d3d9.dll
4570.3c2c: supR3HardenedDllNotificationCallback: load   00007fff8f250000 LB 0x00420000 C:\Windows\SYSTEM32\UIAutomationCore.DLL [fFlags=0x0]
4570.3c2c: supR3HardenedScreenImage/LdrLoadDll: cache hit (VINF_SUCCESS) on \Device\HarddiskVolume3\Windows\System32\UIAutomationCore.dll
4570.3c2c: supR3HardenedDllNotificationCallback: load   00007fff900c0000 LB 0x000db000 D:\VBox\platforms\qwindowsVBox.dll [fFlags=0x0]
4570.3c2c: supR3HardenedScreenImage/LdrLoadDll: cache hit (VINF_SUCCESS) on \Device\HarddiskVolume4\VBox\platforms\qwindowsVBox.dll
4570.3c2c: Detected loader lock ownership: rc=VINF_SUCCESS '\Device\HarddiskVolume3\Windows\System32\DXCore.dll'.
4570.3c2c: supR3HardenedWinVerifyCacheProcessWvtTodos: 0 (was 0) fWinVerifyTrust=0 for '\Device\HarddiskVolume3\Windows\System32\DXCore.dll' [rescheduled]
4570.3c2c: Detected loader lock ownership: rc=VINF_SUCCESS '\Device\HarddiskVolume3\Windows\WinSxS\amd64_microsoft.windows.common-controls_6595b64144ccf1df_5.82.26100.8037_none_87ebc5097a2f9e52\comctl32.dll'.
4570.3c2c: supR3HardenedWinVerifyCacheProcessWvtTodos: 0 (was 0) fWinVerifyTrust=0 for '\Device\HarddiskVolume3\Windows\WinSxS\amd64_microsoft.windows.common-controls_6595b64144ccf1df_5.82.26100.8037_none_87ebc5097a2f9e52\comctl32.dll' [rescheduled]
4570.3c2c: Detected loader lock ownership: rc=VINF_SUCCESS '\Device\HarddiskVolume3\Windows\System32\sspicli.dll'.
4570.3c2c: supR3HardenedWinVerifyCacheProcessWvtTodos: 0 (was 0) fWinVerifyTrust=0 for '\Device\HarddiskVolume3\Windows\System32\sspicli.dll' [rescheduled]
4570.3c2c: Detected loader lock ownership: rc=VINF_SUCCESS '\Device\HarddiskVolume3\Windows\System32\comctl32.dll'.
4570.3c2c: supR3HardenedWinVerifyCacheProcessWvtTodos: 0 (was 0) fWinVerifyTrust=0 for '\Device\HarddiskVolume3\Windows\System32\comctl32.dll' [rescheduled]
4570.3c2c: supR3HardenedScreenImage/LdrLoadDll: cache hit (VINF_SUCCESS) on \Device\HarddiskVolume3\Windows\System32\imm32.dll
4570.3c2c: supR3HardenedWinVerifyCacheProcessImportTodos: Processing 'win32u.dll'...
4570.3c2c: supR3HardenedWinVerifyCacheProcessImportTodos: 'win32u.dll' -> '\Device\HarddiskVolume3\Windows\System32\win32u.dll' [rcNtRedir=0xc0150008]
4570.3c2c: supR3HardenedWinVerifyCacheProcessImportTodos: Processing 'msvcp_win.dll'...
4570.3c2c: supR3HardenedWinVerifyCacheProcessImportTodos: 'msvcp_win.dll' -> '\Device\HarddiskVolume3\Windows\System32\msvcp_win.dll' [rcNtRedir=0xc0150008]
4570.3c2c: supR3HardenedWinVerifyCacheProcessImportTodos: Processing 'user32.dll'...
4570.3c2c: supR3HardenedWinVerifyCacheProcessImportTodos: 'user32.dll' -> '\Device\HarddiskVolume3\Windows\System32\user32.dll' [rcNtRedir=0xc0150008]
4570.3c2c: supR3HardenedWinVerifyCacheProcessImportTodos: Processing 'gdi32.dll'...
4570.3c2c: supR3HardenedWinVerifyCacheProcessImportTodos: 'gdi32.dll' -> '\Device\HarddiskVolume3\Windows\System32\gdi32.dll' [rcNtRedir=0xc0150008]
4570.3c2c: supR3HardenedScreenImage/Imports: cache hit (VINF_SUCCESS) on \Device\HarddiskVolume3\Windows\System32\gdi32.dll
4570.3c2c: supR3HardenedWinVerifyCacheProcessImportTodos: Processing 'advapi32.dll'...
4570.3c2c: supR3HardenedWinVerifyCacheProcessImportTodos: 'advapi32.dll' -> '\Device\HarddiskVolume3\Windows\System32\advapi32.dll' [rcNtRedir=0xc0150008]
4570.3c2c: supR3HardenedScreenImage/Imports: cache hit (VINF_SUCCESS) on \Device\HarddiskVolume3\Windows\System32\advapi32.dll
4570.3c2c: supR3HardenedMonitor_LdrLoadDll: pName=C:\Windows\System32\imm32.dll (Input=imm32.dll, rcNtResolve=0xc0150008) *pfFlags=0x0 pwszSearchPath=0000000000000001:<flags> [calling]
4570.3c2c: supR3HardenedMonitor_LdrLoadDll: returns rcNt=0x0 hMod=00007fffc08b0000 'C:\Windows\System32\imm32.dll'
4570.3c2c: Detected loader lock ownership: rc=VINF_SUCCESS '\Device\HarddiskVolume3\Windows\System32\DXCore.dll'.
4570.3c2c: supR3HardenedWinVerifyCacheProcessWvtTodos: 0 (was 0) fWinVerifyTrust=0 for '\Device\HarddiskVolume3\Windows\System32\DXCore.dll' [rescheduled]
4570.3c2c: Detected loader lock ownership: rc=VINF_SUCCESS '\Device\HarddiskVolume3\Windows\WinSxS\amd64_microsoft.windows.common-controls_6595b64144ccf1df_5.82.26100.8037_none_87ebc5097a2f9e52\comctl32.dll'.
4570.3c2c: supR3HardenedWinVerifyCacheProcessWvtTodos: 0 (was 0) fWinVerifyTrust=0 for '\Device\HarddiskVolume3\Windows\WinSxS\amd64_microsoft.windows.common-controls_6595b64144ccf1df_5.82.26100.8037_none_87ebc5097a2f9e52\comctl32.dll' [rescheduled]
4570.3c2c: Detected loader lock ownership: rc=VINF_SUCCESS '\Device\HarddiskVolume3\Windows\System32\sspicli.dll'.
4570.3c2c: supR3HardenedWinVerifyCacheProcessWvtTodos: 0 (was 0) fWinVerifyTrust=0 for '\Device\HarddiskVolume3\Windows\System32\sspicli.dll' [rescheduled]
4570.3c2c: Detected loader lock ownership: rc=VINF_SUCCESS '\Device\HarddiskVolume3\Windows\System32\comctl32.dll'.
4570.3c2c: supR3HardenedWinVerifyCacheProcessWvtTodos: 0 (was 0) fWinVerifyTrust=0 for '\Device\HarddiskVolume3\Windows\System32\comctl32.dll' [rescheduled]
4570.3c2c: supR3HardenedMonitor_LdrLoadDll: returns rcNt=0x0 hMod=00007fff900c0000 'D:\VBox\platforms\qwindowsVBox.dll'
4570.3c2c: supR3HardenedMonitor_LdrLoadDll: returns rcNt=0x0 hMod=00007fffbdab0000 'C:\Windows\system32\rsaenh.dll'
4570.3c2c: supR3HardenedMonitor_LdrLoadDll: returns rcNt=0x0 hMod=00007fffbf130000 'C:\Windows\System32\crypt32.dll'
4570.3c2c: supR3HardenedWinVerifyCacheProcessWvtTodos: 0 (was 0) fWinVerifyTrust=1 for '\Device\HarddiskVolume3\Windows\System32\DXCore.dll'
4570.3c2c: supR3HardenedMonitor_LdrLoadDll: returns rcNt=0x0 hMod=00007fffbdab0000 'C:\Windows\system32\rsaenh.dll'
4570.3c2c: supR3HardenedMonitor_LdrLoadDll: returns rcNt=0x0 hMod=00007fffbf130000 'C:\Windows\System32\crypt32.dll'
4570.3c2c: supR3HardenedWinVerifyCacheProcessWvtTodos: 0 (was 0) fWinVerifyTrust=1 for '\Device\HarddiskVolume3\Windows\WinSxS\amd64_microsoft.windows.common-controls_6595b64144ccf1df_5.82.26100.8037_none_87ebc5097a2f9e52\comctl32.dll'
4570.3c2c: supR3HardenedMonitor_LdrLoadDll: returns rcNt=0x0 hMod=00007fffbdab0000 'C:\Windows\system32\rsaenh.dll'
4570.3c2c: supR3HardenedMonitor_LdrLoadDll: returns rcNt=0x0 hMod=00007fffbf130000 'C:\Windows\System32\crypt32.dll'
4570.3c2c: supR3HardenedWinVerifyCacheProcessWvtTodos: 0 (was 0) fWinVerifyTrust=1 for '\Device\HarddiskVolume3\Windows\System32\sspicli.dll'
4570.3c2c: supR3HardenedMonitor_LdrLoadDll: returns rcNt=0x0 hMod=00007fffbdab0000 'C:\Windows\system32\rsaenh.dll'
4570.3c2c: supR3HardenedMonitor_LdrLoadDll: returns rcNt=0x0 hMod=00007fffbf130000 'C:\Windows\System32\crypt32.dll'
4570.3c2c: supR3HardenedWinVerifyCacheProcessWvtTodos: 0 (was 0) fWinVerifyTrust=1 for '\Device\HarddiskVolume3\Windows\System32\comctl32.dll'
4570.3c2c: supR3HardenedWinVerifyCacheScheduleImports: Import todo: #4 'rpcrt4.dll'.
4570.3c2c: supR3HardenedWinVerifyCacheScheduleImports: Import todo: #39 'bcryptprimitives.dll'.
4570.3c2c: supR3HardenedWinVerifyCacheScheduleImports: Import todo: #53 'combase.dll'.
4570.3c2c: supR3HardenedWinVerifyCacheScheduleImports: Import todo: #54 'msvcp_win.dll'.
4570.3c2c: supHardenedWinVerifyImageByHandle: -> 22900 (\Device\HarddiskVolume3\Windows\System32\rpcss.dll)
4570.3c2c: supR3HardenedWinVerifyCacheInsert: \Device\HarddiskVolume3\Windows\System32\rpcss.dll
4570.3c2c: supR3HardenedMonitor_NtCreateSection: NtMapViewOfSection failed on 00000000000004fc (hFile=0000000000000738) with 0xc0000022 -> STATUS_TRUST_FAILURE
4570.3c2c: supR3HardNtViCallWinVerifyTrustCatFile: hFile=0000000000000700 pwszName=\Device\HarddiskVolume3\Windows\System32\rpcss.dll
4570.3c2c: supR3HardNtViCallWinVerifyTrustCatFile: Cached context 0000025ade19b7a0
4570.3c2c: supR3HardNtViCallWinVerifyTrustCatFile: hCatAdmin=0000025ade19b7a0
4570.3c2c: supR3HardNtViCallWinVerifyTrustCatFile: cbHash=20 wszDigest=70C544D96EF0A362FBA544D9FF282D1ACC82F3EF
4570.3c2c: supR3HardenedWinVerifyCacheProcessImportTodos: Processing 'msvcp_win.dll'...
4570.3c2c: supR3HardenedWinVerifyCacheProcessImportTodos: 'msvcp_win.dll' -> '\Device\HarddiskVolume3\Windows\System32\msvcp_win.dll' [rcNtRedir=0xc0150008]
4570.3c2c: supR3HardenedWinVerifyCacheProcessImportTodos: Processing 'combase.dll'...
4570.3c2c: supR3HardenedWinVerifyCacheProcessImportTodos: 'combase.dll' -> '\Device\HarddiskVolume3\Windows\System32\combase.dll' [rcNtRedir=0xc0150008]
4570.3c2c: supR3HardenedScreenImage/Imports: cache hit (VINF_SUCCESS) on \Device\HarddiskVolume3\Windows\System32\combase.dll
4570.3c2c: supR3HardenedWinVerifyCacheProcessImportTodos: Processing 'bcryptprimitives.dll'...
4570.3c2c: supR3HardenedWinVerifyCacheProcessImportTodos: 'bcryptprimitives.dll' -> '\Device\HarddiskVolume3\Windows\System32\bcryptprimitives.dll' [rcNtRedir=0xc0150008]
4570.3c2c: supR3HardenedScreenImage/Imports: cache hit (VINF_SUCCESS) on \Device\HarddiskVolume3\Windows\System32\bcryptprimitives.dll
4570.3c2c: supR3HardenedWinVerifyCacheProcessImportTodos: Processing 'rpcrt4.dll'...
4570.3c2c: supR3HardenedWinVerifyCacheProcessImportTodos: 'rpcrt4.dll' -> '\Device\HarddiskVolume3\Windows\System32\rpcrt4.dll' [rcNtRedir=0xc0150008]
4570.3c2c: supR3HardenedScreenImage/Imports: cache hit (VINF_SUCCESS) on \Device\HarddiskVolume3\Windows\System32\rpcrt4.dll
4570.3c2c: supR3HardenedMonitor_LdrLoadDll: returns rcNt=0x0 hMod=00007fffbdab0000 'C:\Windows\system32\rsaenh.dll'
4570.3c2c: supR3HardenedMonitor_LdrLoadDll: returns rcNt=0x0 hMod=00007fffbf130000 'C:\Windows\System32\crypt32.dll'
4570.3c2c: supR3HardNtViCallWinVerifyTrustCatFile: WinVerifyTrust => 0x0; cat='C:\Windows\system32\CatRoot\{F750E6C3-38EE-11D1-85E5-00C04FC295EE}\Microsoft-OneCore-CoreSystem-Core-merged-Package~31bf3856ad364e35~amd64~~10.0.26100.8037.cat'; file='\Device\HarddiskVolume3\Windows\System32\rpcss.dll'
4570.3c2c: supR3HardNtViCallWinVerifyTrustCatFile -> 0 (org 22900)
4570.3c2c: supR3HardenedWinVerifyCacheProcessWvtTodos: 0 (was 22900) fWinVerifyTrust=1 for '\Device\HarddiskVolume3\Windows\System32\rpcss.dll'
4570.3c2c: supR3HardenedScreenImage/LdrLoadDll: cache hit (VINF_SUCCESS) on \Device\HarddiskVolume3\Windows\System32\uxtheme.dll
4570.3c2c: supR3HardenedMonitor_LdrLoadDll: pName=C:\Windows\system32\uxtheme.dll (rcNtResolve=0xc0150008) *pfFlags=0x0 pwszSearchPath=0000000000000009:<flags> [calling]
4570.3c2c: supR3HardenedMonitor_LdrLoadDll: returns rcNt=0x0 hMod=00007fffbc390000 'C:\Windows\system32\uxtheme.dll'
4570.3c2c: supR3HardenedDllNotificationCallback: load   00007fffc0750000 LB 0x0015d000 C:\Windows\System32\MSCTF.dll [fFlags=0x0]
4570.3c2c: supR3HardenedWinVerifyCacheScheduleImports: Import todo: #0 'msvcrt.dll'.
4570.3c2c: supR3HardenedWinVerifyCacheScheduleImports: Import todo: #37 'user32.dll'.
4570.3c2c: supHardenedWinVerifyImageByHandle: -> 0 (\Device\HarddiskVolume3\Windows\System32\msctf.dll)
4570.3c2c: supR3HardenedWinVerifyCacheInsert: \Device\HarddiskVolume3\Windows\System32\msctf.dll
4570.3c2c: supR3HardenedWinVerifyCacheProcessImportTodos: Processing 'user32.dll'...
4570.3c2c: supR3HardenedWinVerifyCacheProcessImportTodos: 'user32.dll' -> '\Device\HarddiskVolume3\Windows\System32\user32.dll' [rcNtRedir=0xc0150008]
4570.3c2c: supR3HardenedScreenImage/Imports: cache hit (VINF_SUCCESS) on \Device\HarddiskVolume3\Windows\System32\user32.dll
4570.3c2c: supR3HardenedWinVerifyCacheProcessImportTodos: Processing 'msvcrt.dll'...
4570.3c2c: supR3HardenedWinVerifyCacheProcessImportTodos: 'msvcrt.dll' -> '\Device\HarddiskVolume3\Windows\System32\msvcrt.dll' [rcNtRedir=0xc0150008]
4570.3c2c: supR3HardenedMonitor_LdrLoadDll: returns rcNt=0x0 hMod=00007fffbdab0000 'C:\Windows\system32\rsaenh.dll'
4570.3c2c: supR3HardenedMonitor_LdrLoadDll: returns rcNt=0x0 hMod=00007fffbf130000 'C:\Windows\System32\crypt32.dll'
4570.3c2c: supR3HardenedWinVerifyCacheProcessWvtTodos: 0 (was 0) fWinVerifyTrust=1 for '\Device\HarddiskVolume3\Windows\System32\msctf.dll'
4570.3c2c: supR3HardenedMonitor_LdrLoadDll: returns rcNt=0x0 hMod=00007fffc0a80000 'C:\Windows\System32\USER32.dll'
4570.3c2c: supR3HardenedMonitor_LdrLoadDll: returns rcNt=0x0 hMod=00007fffbdab0000 'C:\Windows\system32\rsaenh.dll'
4570.3c2c: supR3HardenedMonitor_LdrLoadDll: returns rcNt=0x0 hMod=00007fffbf130000 'C:\Windows\System32\crypt32.dll'
4570.3c2c: supR3HardenedWinVerifyCacheScheduleImports: Import todo: #19 'cfgmgr32.dll'.
4570.3c2c: supHardenedWinVerifyImageByHandle: -> 0 (\Device\HarddiskVolume3\Windows\System32\devobj.dll) WinVerifyTrust
4570.3c2c: supR3HardenedWinVerifyCacheInsert: \Device\HarddiskVolume3\Windows\System32\devobj.dll
4570.3c2c: supR3HardenedWinVerifyCacheProcessImportTodos: Processing 'cfgmgr32.dll'...
4570.3c2c: supR3HardenedWinVerifyCacheProcessImportTodos: 'cfgmgr32.dll' -> '\Device\HarddiskVolume3\Windows\System32\cfgmgr32.dll' [rcNtRedir=0xc0150008]
4570.3c2c: supR3HardenedMonitor_LdrLoadDll: returns rcNt=0x0 hMod=00007fffbdab0000 'C:\Windows\system32\rsaenh.dll'
4570.3c2c: supR3HardenedMonitor_LdrLoadDll: returns rcNt=0x0 hMod=00007fffbf130000 'C:\Windows\System32\crypt32.dll'
4570.3c2c: supHardenedWinVerifyImageByHandle: -> 0 (\Device\HarddiskVolume3\Windows\System32\cfgmgr32.dll) WinVerifyTrust
4570.3c2c: supR3HardenedWinVerifyCacheInsert: \Device\HarddiskVolume3\Windows\System32\cfgmgr32.dll
4570.3c2c: supR3HardenedMonitor_LdrLoadDll: pName=C:\Windows\System32\DEVOBJ.dll (Input=DEVOBJ.dll, rcNtResolve=0xc0150008) *pfFlags=0x0 pwszSearchPath=0000000000000001:<flags> [calling]
4570.3c2c: supR3HardenedScreenImage/NtCreateSection: cache hit (VINF_SUCCESS) on \Device\HarddiskVolume3\Windows\System32\devobj.dll
4570.3c2c: supR3HardenedScreenImage/NtCreateSection: cache hit (VINF_SUCCESS) on \Device\HarddiskVolume3\Windows\System32\cfgmgr32.dll
4570.3c2c: supR3HardenedDllNotificationCallback: load   00007fffbe900000 LB 0x00057000 C:\Windows\SYSTEM32\cfgmgr32.dll [fFlags=0x0]
4570.3c2c: supR3HardenedScreenImage/LdrLoadDll: cache hit (VINF_SUCCESS) on \Device\HarddiskVolume3\Windows\System32\cfgmgr32.dll
4570.3c2c: supR3HardenedDllNotificationCallback: load   00007fffbe960000 LB 0x0002d000 C:\Windows\System32\DEVOBJ.dll [fFlags=0x0]
4570.3c2c: supR3HardenedScreenImage/LdrLoadDll: cache hit (VINF_SUCCESS) on \Device\HarddiskVolume3\Windows\System32\devobj.dll
4570.3c2c: supR3HardenedMonitor_LdrLoadDll: returns rcNt=0x0 hMod=00007fffbe960000 'C:\Windows\System32\DEVOBJ.dll'
4570.3c2c: supR3HardenedIsApiSetDll: ApiSetQueryApiSetPresence(api-ms-win-core-registry-l1-1-0.dll) -> 0x0, fPresent=1
4570.3c2c: supR3HardenedMonitor_LdrLoadDll: pName=api-ms-win-core-registry-l1-1-0.dll (rcNtResolve=0x0) *pfFlags=0x0 pwszSearchPath=0000000000000001:<flags> [calling]
4570.3c2c: supR3HardenedMonitor_LdrLoadDll: returns rcNt=0x0 hMod=00007fffbf400000 'api-ms-win-core-registry-l1-1-0.dll'
4570.3c2c: supR3HardenedScreenImage/LdrLoadDll: cache hit (VINF_SUCCESS) on \Device\HarddiskVolume3\Windows\System32\wintrust.dll
4570.3c2c: supR3HardenedMonitor_LdrLoadDll: pName=C:\Windows\System32\WINTRUST.dll (Input=WINTRUST.dll, rcNtResolve=0xc0150008) *pfFlags=0x0 pwszSearchPath=0000000000000001:<flags> [calling]
4570.3c2c: supR3HardenedMonitor_LdrLoadDll: returns rcNt=0x0 hMod=00007fffbf2b0000 'C:\Windows\System32\WINTRUST.dll'
4570.3c2c: supR3HardenedMonitor_LdrLoadDll: returns rcNt=0x0 hMod=00007fffbdab0000 'C:\Windows\system32\rsaenh.dll'
4570.3c2c: supR3HardenedMonitor_LdrLoadDll: returns rcNt=0x0 hMod=00007fffbf130000 'C:\Windows\System32\crypt32.dll'
4570.3c2c: supR3HardenedWinVerifyCacheScheduleImports: Import todo: #0 'gdi32.dll'.
4570.3c2c: supR3HardenedWinVerifyCacheScheduleImports: Import todo: #1 'user32.dll'.
4570.3c2c: supR3HardenedWinVerifyCacheScheduleImports: Import todo: #2 'uxtheme.dll'.
4570.3c2c: supR3HardenedWinVerifyCacheScheduleImports: Import todo: #3 'qt6widgetsvbox.dll'.
4570.3c2c: supR3HardenedWinVerifyCacheScheduleImports: Import todo: #4 'qt6guivbox.dll'.
4570.3c2c: supR3HardenedWinVerifyCacheScheduleImports: Import todo: #5 'qt6corevbox.dll'.
4570.3c2c: supR3HardenedWinVerifyCacheScheduleImports: Import todo: #7 'msvcp140.dll'.
4570.3c2c: supR3HardenedWinVerifyCacheScheduleImports: Import todo: #8 'vcruntime140.dll'.
4570.3c2c: supHardenedWinVerifyImageByHandle: -> 0 (\Device\HarddiskVolume4\VBox\styles\qmodernwindowsstyleVBox.dll) WinVerifyTrust
4570.3c2c: supR3HardenedWinVerifyCacheInsert: \Device\HarddiskVolume4\VBox\styles\qmodernwindowsstyleVBox.dll
4570.3c2c: supR3HardenedWinVerifyCacheProcessImportTodos: Processing 'vcruntime140.dll'...
4570.3c2c: supR3HardenedWinVerifyCacheProcessImportTodos: 'vcruntime140.dll' -> '\Device\HarddiskVolume3\Windows\System32\vcruntime140.dll' [rcNtRedir=0xc0150008]
4570.3c2c: supR3HardenedWinVerifyCacheProcessImportTodos: Processing 'msvcp140.dll'...
4570.3c2c: supR3HardenedWinVerifyCacheProcessImportTodos: 'msvcp140.dll' -> '\Device\HarddiskVolume3\Windows\System32\msvcp140.dll' [rcNtRedir=0xc0150008]
4570.3c2c: supR3HardenedWinVerifyCacheProcessImportTodos: Processing 'qt6corevbox.dll'...
4570.3c2c: supR3HardenedWinVerifyCacheProcessImportTodos: 'qt6corevbox.dll' -> '\Device\HarddiskVolume4\VBox\qt6corevbox.dll' [rcNtRedir=0xc0150008]
4570.3c2c: supR3HardenedWinVerifyCacheProcessImportTodos: Processing 'qt6guivbox.dll'...
4570.3c2c: supR3HardenedWinVerifyCacheProcessImportTodos: 'qt6guivbox.dll' -> '\Device\HarddiskVolume4\VBox\qt6guivbox.dll' [rcNtRedir=0xc0150008]
4570.3c2c: supR3HardenedScreenImage/Imports: cache hit (VINF_SUCCESS) on \Device\HarddiskVolume4\VBox\Qt6GuiVBox.dll
4570.3c2c: supR3HardenedWinVerifyCacheProcessImportTodos: Processing 'qt6widgetsvbox.dll'...
4570.3c2c: supR3HardenedWinVerifyCacheProcessImportTodos: 'qt6widgetsvbox.dll' -> '\Device\HarddiskVolume4\VBox\qt6widgetsvbox.dll' [rcNtRedir=0xc0150008]
4570.3c2c: supR3HardenedScreenImage/Imports: cache hit (VINF_SUCCESS) on \Device\HarddiskVolume4\VBox\Qt6WidgetsVBox.dll
4570.3c2c: supR3HardenedWinVerifyCacheProcessImportTodos: Processing 'uxtheme.dll'...
4570.3c2c: supR3HardenedWinVerifyCacheProcessImportTodos: 'uxtheme.dll' -> '\Device\HarddiskVolume3\Windows\System32\uxtheme.dll' [rcNtRedir=0xc0150008]
4570.3c2c: supR3HardenedScreenImage/Imports: cache hit (VINF_SUCCESS) on \Device\HarddiskVolume3\Windows\System32\uxtheme.dll
4570.3c2c: supR3HardenedWinVerifyCacheProcessImportTodos: Processing 'user32.dll'...
4570.3c2c: supR3HardenedWinVerifyCacheProcessImportTodos: 'user32.dll' -> '\Device\HarddiskVolume3\Windows\System32\user32.dll' [rcNtRedir=0xc0150008]
4570.3c2c: supR3HardenedWinVerifyCacheProcessImportTodos: Processing 'gdi32.dll'...
4570.3c2c: supR3HardenedWinVerifyCacheProcessImportTodos: 'gdi32.dll' -> '\Device\HarddiskVolume3\Windows\System32\gdi32.dll' [rcNtRedir=0xc0150008]
4570.3c2c: supR3HardenedMonitor_LdrLoadDll: pName=D:\VBox\styles\qmodernwindowsstyleVBox.dll (rcNtResolve=0xc0150008) *pfFlags=0x0 pwszSearchPath=0000000000000001:<flags> [calling]
4570.3c2c: supR3HardenedScreenImage/NtCreateSection: cache hit (VINF_SUCCESS) on \Device\HarddiskVolume4\VBox\styles\qmodernwindowsstyleVBox.dll
4570.3c2c: supR3HardenedDllNotificationCallback: load   00007fff932b0000 LB 0x00036000 D:\VBox\styles\qmodernwindowsstyleVBox.dll [fFlags=0x0]
4570.3c2c: supR3HardenedScreenImage/LdrLoadDll: cache hit (VINF_SUCCESS) on \Device\HarddiskVolume4\VBox\styles\qmodernwindowsstyleVBox.dll
4570.3c2c: supR3HardenedMonitor_LdrLoadDll: returns rcNt=0x0 hMod=00007fff932b0000 'D:\VBox\styles\qmodernwindowsstyleVBox.dll'
4570.3c2c: '\Device\HarddiskVolume3\Windows\System32\imageres.dll' has no imports
4570.3c2c: supHardenedWinVerifyImageByHandle: -> 22900 (\Device\HarddiskVolume3\Windows\System32\imageres.dll)
4570.3c2c: supR3HardenedWinVerifyCacheInsert: \Device\HarddiskVolume3\Windows\System32\imageres.dll
4570.3c2c: supR3HardenedMonitor_NtCreateSection: NtMapViewOfSection failed on 00000000000007fc (hFile=00000000000004b4) with 0xc0000022 -> STATUS_TRUST_FAILURE
4570.3c2c: supR3HardenedScreenImage/NtCreateSection: cache hit (22900) on \Device\HarddiskVolume3\Windows\System32\imageres.dll [avoiding WinVerifyTrust]
4570.3c2c: supR3HardenedMonitor_NtCreateSection: NtMapViewOfSection failed on 00000000000004b4 (hFile=00000000000007fc) with 0xc0000022 -> STATUS_TRUST_FAILURE
4570.3c2c: supR3HardenedScreenImage/NtCreateSection: cache hit (22900) on \Device\HarddiskVolume3\Windows\System32\imageres.dll [avoiding WinVerifyTrust]
4570.3c2c: supR3HardenedMonitor_NtCreateSection: NtMapViewOfSection failed on 00000000000007fc (hFile=00000000000004b4) with 0xc0000022 -> STATUS_TRUST_FAILURE
4570.3c2c: supR3HardenedScreenImage/NtCreateSection: cache hit (22900) on \Device\HarddiskVolume3\Windows\System32\imageres.dll [avoiding WinVerifyTrust]
4570.3c2c: supR3HardenedMonitor_NtCreateSection: NtMapViewOfSection failed on 00000000000004b4 (hFile=00000000000007fc) with 0xc0000022 -> STATUS_TRUST_FAILURE
4570.3c2c: supR3HardNtViCallWinVerifyTrustCatFile: hFile=0000000000000760 pwszName=\Device\HarddiskVolume3\Windows\System32\imageres.dll
4570.3c2c: supR3HardNtViCallWinVerifyTrustCatFile: Cached context 0000025ade19b7a0
4570.3c2c: supR3HardNtViCallWinVerifyTrustCatFile: hCatAdmin=0000025ade19b7a0
4570.3c2c: supR3HardNtViCallWinVerifyTrustCatFile: cbHash=20 wszDigest=0EE2082FDAB9E64FDEB5A51961DE49D30EFA3625
4570.3c2c: supR3HardenedMonitor_LdrLoadDll: returns rcNt=0x0 hMod=00007fffbdab0000 'C:\Windows\system32\rsaenh.dll'
4570.3c2c: supR3HardenedMonitor_LdrLoadDll: returns rcNt=0x0 hMod=00007fffbf130000 'C:\Windows\System32\crypt32.dll'
4570.3c2c: supR3HardNtViCallWinVerifyTrustCatFile: WinVerifyTrust => 0x0; cat='C:\Windows\system32\CatRoot\{F750E6C3-38EE-11D1-85E5-00C04FC295EE}\Microsoft-Windows-Client-Desktop-Required-Package03~31bf3856ad364e35~amd64~~10.0.26100.8037.cat'; file='\Device\HarddiskVolume3\Windows\System32\imageres.dll'
4570.3c2c: supR3HardNtViCallWinVerifyTrustCatFile -> 0 (org 22900)
4570.3c2c: supR3HardenedWinVerifyCacheProcessWvtTodos: 0 (was 22900) fWinVerifyTrust=1 for '\Device\HarddiskVolume3\Windows\System32\imageres.dll'
4570.3c2c: supR3HardNtViCallWinVerifyTrustCatFile: hFile=0000000000000834 pwszName=\Device\HarddiskVolume3\Windows\System32\IconCodecService.dll
4570.3c2c: supR3HardNtViCallWinVerifyTrustCatFile: Cached context 0000025ade19b7a0
4570.3c2c: supR3HardNtViCallWinVerifyTrustCatFile: hCatAdmin=0000025ade19b7a0
4570.3c2c: supR3HardNtViCallWinVerifyTrustCatFile: cbHash=20 wszDigest=6A94C939C9629E54D59EAB8EB41ACFCDF775AA8B
4570.3c2c: supR3HardenedMonitor_LdrLoadDll: returns rcNt=0x0 hMod=00007fffbdab0000 'C:\Windows\system32\rsaenh.dll'
4570.3c2c: supR3HardenedMonitor_LdrLoadDll: returns rcNt=0x0 hMod=00007fffbf130000 'C:\Windows\System32\crypt32.dll'
4570.3c2c: supR3HardNtViCallWinVerifyTrustCatFile: WinVerifyTrust => 0x0; cat='C:\Windows\system32\CatRoot\{F750E6C3-38EE-11D1-85E5-00C04FC295EE}\Microsoft-Windows-Client-Desktop-Required-Package0518~31bf3856ad364e35~amd64~~10.0.26100.8036.cat'; file='\Device\HarddiskVolume3\Windows\System32\IconCodecService.dll'
4570.3c2c: supR3HardNtViCallWinVerifyTrustCatFile -> 0 (org 22900)
4570.3c2c: supR3HardenedWinVerifyCacheScheduleImports: Import todo: #0 'msvcrt.dll'.
4570.3c2c: supR3HardenedWinVerifyCacheScheduleImports: Import todo: #2 'user32.dll'.
4570.3c2c: supHardenedWinVerifyImageByHandle: -> 0 (\Device\HarddiskVolume3\Windows\System32\IconCodecService.dll) WinVerifyTrust
4570.3c2c: supR3HardenedWinVerifyCacheInsert: \Device\HarddiskVolume3\Windows\System32\IconCodecService.dll
4570.3c2c: supR3HardenedWinVerifyCacheProcessImportTodos: Processing 'user32.dll'...
4570.3c2c: supR3HardenedWinVerifyCacheProcessImportTodos: 'user32.dll' -> '\Device\HarddiskVolume3\Windows\System32\user32.dll' [rcNtRedir=0xc0150008]
4570.3c2c: supR3HardenedWinVerifyCacheProcessImportTodos: Processing 'msvcrt.dll'...
4570.3c2c: supR3HardenedWinVerifyCacheProcessImportTodos: 'msvcrt.dll' -> '\Device\HarddiskVolume3\Windows\System32\msvcrt.dll' [rcNtRedir=0xc0150008]
4570.3c2c: supR3HardenedMonitor_LdrLoadDll: pName=C:\Windows\system32\IconCodecService.dll (rcNtResolve=0xc0150008) *pfFlags=0x0 pwszSearchPath=0000000000000001:<flags> [calling]
4570.3c2c: supR3HardenedScreenImage/NtCreateSection: cache hit (VINF_SUCCESS) on \Device\HarddiskVolume3\Windows\System32\IconCodecService.dll
4570.3c2c: supR3HardenedDllNotificationCallback: load   00007fff89a90000 LB 0x0000b000 C:\Windows\system32\IconCodecService.dll [fFlags=0x0]
4570.3c2c: supR3HardenedScreenImage/LdrLoadDll: cache hit (VINF_SUCCESS) on \Device\HarddiskVolume3\Windows\System32\IconCodecService.dll
4570.3c2c: supR3HardenedMonitor_LdrLoadDll: returns rcNt=0x0 hMod=00007fff89a90000 'C:\Windows\system32\IconCodecService.dll'
4570.3c2c: supHardenedWinVerifyImageByHandle: -> 0 (\Device\HarddiskVolume3\Windows\System32\WindowsCodecs.dll)
4570.3c2c: supR3HardenedWinVerifyCacheInsert: \Device\HarddiskVolume3\Windows\System32\WindowsCodecs.dll
4570.3c2c: supR3HardenedDllNotificationCallback: load   00007fffb9ef0000 LB 0x0022d000 C:\Windows\SYSTEM32\WindowsCodecs.dll [fFlags=0x0]
4570.3c2c: supR3HardenedScreenImage/LdrLoadDll: cache hit (VINF_SUCCESS) on \Device\HarddiskVolume3\Windows\System32\WindowsCodecs.dll [avoiding WinVerifyTrust]
4570.3c2c: supR3HardenedMonitor_LdrLoadDll: returns rcNt=0x0 hMod=00007fffbdab0000 'C:\Windows\system32\rsaenh.dll'
4570.3c2c: supR3HardenedMonitor_LdrLoadDll: returns rcNt=0x0 hMod=00007fffbf130000 'C:\Windows\System32\crypt32.dll'
4570.3c2c: supR3HardenedWinVerifyCacheProcessWvtTodos: 0 (was 0) fWinVerifyTrust=1 for '\Device\HarddiskVolume3\Windows\System32\WindowsCodecs.dll'
4570.3c2c: supR3HardenedMonitor_LdrLoadDll: returns rcNt=0x0 hMod=00007fffbdab0000 'C:\Windows\system32\rsaenh.dll'
4570.3c2c: supR3HardenedMonitor_LdrLoadDll: returns rcNt=0x0 hMod=00007fffbf130000 'C:\Windows\System32\crypt32.dll'
4570.3c2c: supR3HardenedWinVerifyCacheScheduleImports: Import todo: #0 'msvcrt.dll'.
4570.3c2c: supR3HardenedWinVerifyCacheScheduleImports: Import todo: #39 'gdi32.dll'.
4570.3c2c: supR3HardenedWinVerifyCacheScheduleImports: Import todo: #40 'user32.dll'.
4570.3c2c: supHardenedWinVerifyImageByHandle: -> 0 (\Device\HarddiskVolume3\Windows\WinSxS\amd64_microsoft.windows.common-controls_6595b64144ccf1df_6.0.26100.8037_none_3e092faae333b53b\comctl32.dll) WinVerifyTrust
4570.3c2c: supR3HardenedWinVerifyCacheInsert: \Device\HarddiskVolume3\Windows\WinSxS\amd64_microsoft.windows.common-controls_6595b64144ccf1df_6.0.26100.8037_none_3e092faae333b53b\comctl32.dll
4570.3c2c: supR3HardenedWinVerifyCacheProcessImportTodos: Processing 'user32.dll'...
4570.3c2c: supR3HardenedWinVerifyCacheProcessImportTodos: 'user32.dll' -> '\Device\HarddiskVolume3\Windows\System32\user32.dll' [rcNtRedir=0xc0150008]
4570.3c2c: supR3HardenedWinVerifyCacheProcessImportTodos: Processing 'gdi32.dll'...
4570.3c2c: supR3HardenedWinVerifyCacheProcessImportTodos: 'gdi32.dll' -> '\Device\HarddiskVolume3\Windows\System32\gdi32.dll' [rcNtRedir=0xc0150008]
4570.3c2c: supR3HardenedWinVerifyCacheProcessImportTodos: Processing 'msvcrt.dll'...
4570.3c2c: supR3HardenedWinVerifyCacheProcessImportTodos: 'msvcrt.dll' -> '\Device\HarddiskVolume3\Windows\System32\msvcrt.dll' [rcNtRedir=0xc0150008]
4570.3c2c: supR3HardenedMonitor_LdrLoadDll: pName=C:\Windows\WinSxS\amd64_microsoft.windows.common-controls_6595b64144ccf1df_6.0.26100.8037_none_3e092faae333b53b\comctl32.dll (Input=comctl32.dll, rcNtResolve=0x0) *pfFlags=0x0 pwszSearchPath=0000000000004001:<flags> [calling]
4570.3c2c: supR3HardenedScreenImage/NtCreateSection: cache hit (VINF_SUCCESS) on \Device\HarddiskVolume3\Windows\WinSxS\amd64_microsoft.windows.common-controls_6595b64144ccf1df_6.0.26100.8037_none_3e092faae333b53b\comctl32.dll
4570.3c2c: supR3HardenedDllNotificationCallback: load   00007fffa1540000 LB 0x00293000 C:\Windows\WinSxS\amd64_microsoft.windows.common-controls_6595b64144ccf1df_6.0.26100.8037_none_3e092faae333b53b\comctl32.dll [fFlags=0x0]
4570.3c2c: supR3HardenedScreenImage/LdrLoadDll: cache hit (VINF_SUCCESS) on \Device\HarddiskVolume3\Windows\WinSxS\amd64_microsoft.windows.common-controls_6595b64144ccf1df_6.0.26100.8037_none_3e092faae333b53b\comctl32.dll
4570.3c2c: supR3HardenedMonitor_LdrLoadDll: returns rcNt=0x0 hMod=00007fffa1540000 'C:\Windows\WinSxS\amd64_microsoft.windows.common-controls_6595b64144ccf1df_6.0.26100.8037_none_3e092faae333b53b\comctl32.dll'
4570.3c2c: supR3HardenedScreenImage/LdrLoadDll: cache hit (VINF_SUCCESS) on \Device\HarddiskVolume3\Windows\WinSxS\amd64_microsoft.windows.common-controls_6595b64144ccf1df_6.0.26100.8037_none_3e092faae333b53b\comctl32.dll
4570.3c2c: supR3HardenedMonitor_LdrLoadDll: pName=C:\Windows\WinSxS\amd64_microsoft.windows.common-controls_6595b64144ccf1df_6.0.26100.8037_none_3e092faae333b53b\comctl32.dll (Input=comctl32.dll, rcNtResolve=0x0) *pfFlags=0x0 pwszSearchPath=0000000000004001:<flags> [calling]
4570.3c2c: supR3HardenedMonitor_LdrLoadDll: returns rcNt=0x0 hMod=00007fffa1540000 'C:\Windows\WinSxS\amd64_microsoft.windows.common-controls_6595b64144ccf1df_6.0.26100.8037_none_3e092faae333b53b\comctl32.dll'
4570.3c2c: supR3HardenedScreenImage/NtCreateSection: cache hit (VINF_SUCCESS) on \Device\HarddiskVolume3\Windows\System32\imageres.dll
4570.3c2c: supR3HardenedMonitor_NtCreateSection: NtMapViewOfSection failed on 000000000000081c (hFile=0000000000000810) with 0xc0000022 -> STATUS_TRUST_FAILURE
4570.3c2c: supR3HardenedScreenImage/NtCreateSection: cache hit (VINF_SUCCESS) on \Device\HarddiskVolume3\Windows\System32\imageres.dll
4570.3c2c: supR3HardenedMonitor_NtCreateSection: NtMapViewOfSection failed on 0000000000000810 (hFile=000000000000081c) with 0xc0000022 -> STATUS_TRUST_FAILURE
4570.3c2c: supR3HardenedScreenImage/NtCreateSection: cache hit (VINF_SUCCESS) on \Device\HarddiskVolume3\Windows\System32\imageres.dll
4570.3c2c: supR3HardenedMonitor_NtCreateSection: NtMapViewOfSection failed on 000000000000081c (hFile=0000000000000810) with 0xc0000022 -> STATUS_TRUST_FAILURE
4570.3c2c: supR3HardenedScreenImage/NtCreateSection: cache hit (VINF_SUCCESS) on \Device\HarddiskVolume3\Windows\System32\imageres.dll
4570.3c2c: supR3HardenedMonitor_NtCreateSection: NtMapViewOfSection failed on 0000000000000810 (hFile=000000000000081c) with 0xc0000022 -> STATUS_TRUST_FAILURE
4570.3c2c: supR3HardenedScreenImage/NtCreateSection: cache hit (VINF_SUCCESS) on \Device\HarddiskVolume3\Windows\System32\imageres.dll
4570.3c2c: supR3HardenedMonitor_NtCreateSection: NtMapViewOfSection failed on 000000000000081c (hFile=0000000000000810) with 0xc0000022 -> STATUS_TRUST_FAILURE
4570.3c2c: supR3HardenedMonitor_NtCreateSection: NtMapViewOfSection failed on 00000000000008a8 (hFile=00000000000008a4) with 0xc0000022 -> STATUS_TRUST_FAILURE
4570.3c2c: supR3HardenedDllNotificationCallback: load   00007fffc0c50000 LB 0x000ae000 C:\Windows\System32\clbcatq.dll [fFlags=0x0]
4570.3c2c: supR3HardenedWinVerifyCacheScheduleImports: Import todo: #0 'msvcrt.dll'.
4570.3c2c: supR3HardenedWinVerifyCacheScheduleImports: Import todo: #31 'rpcrt4.dll'.
4570.3c2c: supHardenedWinVerifyImageByHandle: -> 0 (\Device\HarddiskVolume3\Windows\System32\clbcatq.dll)
4570.3c2c: supR3HardenedWinVerifyCacheInsert: \Device\HarddiskVolume3\Windows\System32\clbcatq.dll
4570.3c2c: supR3HardenedScreenImage/NtCreateSection: cache hit (VINF_SUCCESS) on \Device\HarddiskVolume3\Windows\System32\rpcss.dll
4570.3c2c: supR3HardenedMonitor_NtCreateSection: NtMapViewOfSection failed on 00000000000008c0 (hFile=00000000000008b4) with 0xc0000022 -> STATUS_TRUST_FAILURE
4570.6360: supR3HardenedWinVerifyCacheProcessImportTodos: Processing 'rpcrt4.dll'...
4570.6360: supR3HardenedWinVerifyCacheProcessImportTodos: 'rpcrt4.dll' -> '\Device\HarddiskVolume3\Windows\System32\rpcrt4.dll' [rcNtRedir=0xc0150008]
4570.6360: supR3HardenedWinVerifyCacheProcessImportTodos: Processing 'msvcrt.dll'...
4570.6360: supR3HardenedWinVerifyCacheProcessImportTodos: 'msvcrt.dll' -> '\Device\HarddiskVolume3\Windows\System32\msvcrt.dll' [rcNtRedir=0xc0150008]
4570.6360: supR3HardenedMonitor_LdrLoadDll: returns rcNt=0x0 hMod=00007fffbdab0000 'C:\Windows\system32\rsaenh.dll'
4570.6360: supR3HardenedMonitor_LdrLoadDll: returns rcNt=0x0 hMod=00007fffbf130000 'C:\Windows\System32\crypt32.dll'
4570.6360: supR3HardenedWinVerifyCacheProcessWvtTodos: 0 (was 0) fWinVerifyTrust=1 for '\Device\HarddiskVolume3\Windows\System32\clbcatq.dll'
4570.6360: supR3HardenedMonitor_LdrLoadDll: returns rcNt=0x0 hMod=00007fffbdab0000 'C:\Windows\system32\rsaenh.dll'
4570.6360: supR3HardenedMonitor_LdrLoadDll: returns rcNt=0x0 hMod=00007fffbf130000 'C:\Windows\System32\crypt32.dll'
4570.6360: supR3HardenedWinVerifyCacheScheduleImports: Import todo: #9 'advapi32.dll'.
4570.6360: supR3HardenedWinVerifyCacheScheduleImports: Import todo: #10 'ole32.dll'.
4570.6360: supR3HardenedWinVerifyCacheScheduleImports: Import todo: #11 'oleaut32.dll'.
4570.6360: supR3HardenedWinVerifyCacheScheduleImports: Import todo: #12 'vcruntime140.dll'.
4570.6360: supR3HardenedWinVerifyCacheScheduleImports: Import todo: #13 'vcruntime140_1.dll'.
4570.6360: supR3HardenedWinVerifyCacheScheduleImports: Import todo: #14 'msvcp140.dll'.
4570.6360: supR3HardenedWinVerifyCacheScheduleImports: Import todo: #15 'vboxrt.dll'.
4570.6360: supHardenedWinVerifyImageByHandle: -> 0 (\Device\HarddiskVolume4\VBox\VBoxC.dll) WinVerifyTrust
4570.6360: supR3HardenedWinVerifyCacheInsert: \Device\HarddiskVolume4\VBox\VBoxC.dll
4570.6360: supR3HardenedWinVerifyCacheProcessImportTodos: Processing 'vboxrt.dll'...
4570.6360: supR3HardenedWinVerifyCacheProcessImportTodos: 'vboxrt.dll' -> '\Device\HarddiskVolume4\VBox\vboxrt.dll' [rcNtRedir=0xc0150008]
4570.6360: supR3HardenedWinVerifyCacheProcessImportTodos: Processing 'msvcp140.dll'...
4570.6360: supR3HardenedWinVerifyCacheProcessImportTodos: 'msvcp140.dll' -> '\Device\HarddiskVolume3\Windows\System32\msvcp140.dll' [rcNtRedir=0xc0150008]
4570.6360: supR3HardenedWinVerifyCacheProcessImportTodos: Processing 'vcruntime140_1.dll'...
4570.6360: supR3HardenedWinVerifyCacheProcessImportTodos: 'vcruntime140_1.dll' -> '\Device\HarddiskVolume3\Windows\System32\vcruntime140_1.dll' [rcNtRedir=0xc0150008]
4570.6360: supR3HardenedWinVerifyCacheProcessImportTodos: Processing 'vcruntime140.dll'...
4570.6360: supR3HardenedWinVerifyCacheProcessImportTodos: 'vcruntime140.dll' -> '\Device\HarddiskVolume3\Windows\System32\vcruntime140.dll' [rcNtRedir=0xc0150008]
4570.6360: supR3HardenedWinVerifyCacheProcessImportTodos: Processing 'oleaut32.dll'...
4570.6360: supR3HardenedWinVerifyCacheProcessImportTodos: 'oleaut32.dll' -> '\Device\HarddiskVolume3\Windows\System32\oleaut32.dll' [rcNtRedir=0xc0150008]
4570.6360: supR3HardenedScreenImage/Imports: cache hit (VINF_SUCCESS) on \Device\HarddiskVolume3\Windows\System32\oleaut32.dll
4570.6360: supR3HardenedWinVerifyCacheProcessImportTodos: Processing 'ole32.dll'...
4570.6360: supR3HardenedWinVerifyCacheProcessImportTodos: 'ole32.dll' -> '\Device\HarddiskVolume3\Windows\System32\ole32.dll' [rcNtRedir=0xc0150008]
4570.6360: supR3HardenedScreenImage/Imports: cache hit (VINF_SUCCESS) on \Device\HarddiskVolume3\Windows\System32\ole32.dll
4570.6360: supR3HardenedWinVerifyCacheProcessImportTodos: Processing 'advapi32.dll'...
4570.6360: supR3HardenedWinVerifyCacheProcessImportTodos: 'advapi32.dll' -> '\Device\HarddiskVolume3\Windows\System32\advapi32.dll' [rcNtRedir=0xc0150008]
4570.6360: supR3HardenedScreenImage/Imports: cache hit (VINF_SUCCESS) on \Device\HarddiskVolume3\Windows\System32\advapi32.dll
4570.6360: supR3HardenedMonitor_LdrLoadDll: pName=D:\VBox\VBoxC.dll (rcNtResolve=0xc0150008) *pfFlags=0x0 pwszSearchPath=0000000000002009:<flags> [calling]
4570.6360: supR3HardenedScreenImage/NtCreateSection: cache hit (VINF_SUCCESS) on \Device\HarddiskVolume4\VBox\VBoxC.dll
4570.6360: supR3HardenedDllNotificationCallback: load   00007fff0aad0000 LB 0x0041b000 D:\VBox\VBoxC.dll [fFlags=0x0]
4570.6360: supR3HardenedScreenImage/LdrLoadDll: cache hit (VINF_SUCCESS) on \Device\HarddiskVolume4\VBox\VBoxC.dll
4570.6360: supR3HardenedMonitor_LdrLoadDll: returns rcNt=0x0 hMod=00007fff0aad0000 'D:\VBox\VBoxC.dll'
4570.6360: supR3HardenedMonitor_LdrLoadDll: returns rcNt=0x0 hMod=00007fffbdab0000 'C:\Windows\system32\rsaenh.dll'
4570.6360: supR3HardenedMonitor_LdrLoadDll: returns rcNt=0x0 hMod=00007fffbf130000 'C:\Windows\System32\crypt32.dll'
4570.6360: supR3HardenedWinVerifyCacheScheduleImports: Import todo: #4 'advapi32.dll'.
4570.6360: supR3HardenedWinVerifyCacheScheduleImports: Import todo: #5 'shlwapi.dll'.
4570.6360: supR3HardenedWinVerifyCacheScheduleImports: Import todo: #6 'ole32.dll'.
4570.6360: supR3HardenedWinVerifyCacheScheduleImports: Import todo: #7 'oleaut32.dll'.
4570.6360: supR3HardenedWinVerifyCacheScheduleImports: Import todo: #8 'rpcrt4.dll'.
4570.6360: supR3HardenedWinVerifyCacheScheduleImports: Import todo: #9 'vcruntime140.dll'.
4570.6360: supR3HardenedWinVerifyCacheScheduleImports: Import todo: #10 'vboxrt.dll'.
4570.6360: supHardenedWinVerifyImageByHandle: -> 0 (\Device\HarddiskVolume4\VBox\VBoxProxyStub.dll) WinVerifyTrust
4570.6360: supR3HardenedWinVerifyCacheInsert: \Device\HarddiskVolume4\VBox\VBoxProxyStub.dll
4570.6360: supR3HardenedWinVerifyCacheProcessImportTodos: Processing 'vboxrt.dll'...
4570.6360: supR3HardenedWinVerifyCacheProcessImportTodos: 'vboxrt.dll' -> '\Device\HarddiskVolume4\VBox\vboxrt.dll' [rcNtRedir=0xc0150008]
4570.6360: supR3HardenedWinVerifyCacheProcessImportTodos: Processing 'vcruntime140.dll'...
4570.6360: supR3HardenedWinVerifyCacheProcessImportTodos: 'vcruntime140.dll' -> '\Device\HarddiskVolume3\Windows\System32\vcruntime140.dll' [rcNtRedir=0xc0150008]
4570.6360: supR3HardenedWinVerifyCacheProcessImportTodos: Processing 'rpcrt4.dll'...
4570.6360: supR3HardenedWinVerifyCacheProcessImportTodos: 'rpcrt4.dll' -> '\Device\HarddiskVolume3\Windows\System32\rpcrt4.dll' [rcNtRedir=0xc0150008]
4570.6360: supR3HardenedWinVerifyCacheProcessImportTodos: Processing 'oleaut32.dll'...
4570.6360: supR3HardenedWinVerifyCacheProcessImportTodos: 'oleaut32.dll' -> '\Device\HarddiskVolume3\Windows\System32\oleaut32.dll' [rcNtRedir=0xc0150008]
4570.6360: supR3HardenedScreenImage/Imports: cache hit (VINF_SUCCESS) on \Device\HarddiskVolume3\Windows\System32\oleaut32.dll
4570.6360: supR3HardenedWinVerifyCacheProcessImportTodos: Processing 'ole32.dll'...
4570.6360: supR3HardenedWinVerifyCacheProcessImportTodos: 'ole32.dll' -> '\Device\HarddiskVolume3\Windows\System32\ole32.dll' [rcNtRedir=0xc0150008]
4570.6360: supR3HardenedScreenImage/Imports: cache hit (VINF_SUCCESS) on \Device\HarddiskVolume3\Windows\System32\ole32.dll
4570.6360: supR3HardenedWinVerifyCacheProcessImportTodos: Processing 'shlwapi.dll'...
4570.6360: supR3HardenedWinVerifyCacheProcessImportTodos: 'shlwapi.dll' -> '\Device\HarddiskVolume3\Windows\System32\shlwapi.dll' [rcNtRedir=0xc0150008]
4570.6360: supR3HardenedScreenImage/Imports: cache hit (VINF_SUCCESS) on \Device\HarddiskVolume3\Windows\System32\shlwapi.dll
4570.6360: supR3HardenedWinVerifyCacheProcessImportTodos: Processing 'advapi32.dll'...
4570.6360: supR3HardenedWinVerifyCacheProcessImportTodos: 'advapi32.dll' -> '\Device\HarddiskVolume3\Windows\System32\advapi32.dll' [rcNtRedir=0xc0150008]
4570.6360: supR3HardenedScreenImage/Imports: cache hit (VINF_SUCCESS) on \Device\HarddiskVolume3\Windows\System32\advapi32.dll
4570.6360: supR3HardenedMonitor_LdrLoadDll: pName=D:\VBox\VBoxProxyStub.dll (rcNtResolve=0xc0150008) *pfFlags=0x0 pwszSearchPath=0000000000002009:<flags> [calling]
4570.6360: supR3HardenedScreenImage/NtCreateSection: cache hit (VINF_SUCCESS) on \Device\HarddiskVolume4\VBox\VBoxProxyStub.dll
4570.6360: supR3HardenedDllNotificationCallback: load   00007fff86140000 LB 0x000e7000 D:\VBox\VBoxProxyStub.dll [fFlags=0x0]
4570.6360: supR3HardenedScreenImage/LdrLoadDll: cache hit (VINF_SUCCESS) on \Device\HarddiskVolume4\VBox\VBoxProxyStub.dll
4570.6360: supR3HardenedMonitor_LdrLoadDll: returns rcNt=0x0 hMod=00007fff86140000 'D:\VBox\VBoxProxyStub.dll'
4570.6360: supR3HardenedScreenImage/LdrLoadDll: cache hit (VINF_SUCCESS) on \Device\HarddiskVolume3\Windows\System32\oleaut32.dll
4570.6360: supR3HardenedMonitor_LdrLoadDll: pName=C:\Windows\System32\oleaut32.dll (rcNtResolve=0xc0150008) *pfFlags=0x0 pwszSearchPath=0000000000002009:<flags> [calling]
4570.6360: supR3HardenedMonitor_LdrLoadDll: returns rcNt=0x0 hMod=00007fffc1570000 'C:\Windows\System32\oleaut32.dll'
4570.2a90: supR3HardenedMonitor_LdrLoadDll: returns rcNt=0x0 hMod=00007fffbdab0000 'C:\Windows\system32\rsaenh.dll'
4570.2a90: supR3HardenedMonitor_LdrLoadDll: returns rcNt=0x0 hMod=00007fffbf130000 'C:\Windows\System32\crypt32.dll'
4570.2a90: supR3HardenedWinVerifyCacheScheduleImports: Import todo: #0 'vboxrt.dll'.
4570.2a90: supR3HardenedWinVerifyCacheScheduleImports: Import todo: #5 'vcruntime140.dll'.
4570.2a90: supR3HardenedWinVerifyCacheScheduleImports: Import todo: #6 'vcruntime140_1.dll'.
4570.2a90: supHardenedWinVerifyImageByHandle: -> 0 (\Device\HarddiskVolume4\VBox\VBoxVMM.dll) WinVerifyTrust
4570.2a90: supR3HardenedWinVerifyCacheInsert: \Device\HarddiskVolume4\VBox\VBoxVMM.dll
4570.2a90: supR3HardenedWinVerifyCacheProcessImportTodos: Processing 'vcruntime140_1.dll'...
4570.2a90: supR3HardenedWinVerifyCacheProcessImportTodos: 'vcruntime140_1.dll' -> '\Device\HarddiskVolume3\Windows\System32\vcruntime140_1.dll' [rcNtRedir=0xc0150008]
4570.2a90: supR3HardenedWinVerifyCacheProcessImportTodos: Processing 'vcruntime140.dll'...
4570.2a90: supR3HardenedWinVerifyCacheProcessImportTodos: 'vcruntime140.dll' -> '\Device\HarddiskVolume3\Windows\System32\vcruntime140.dll' [rcNtRedir=0xc0150008]
4570.2a90: supR3HardenedWinVerifyCacheProcessImportTodos: Processing 'vboxrt.dll'...
4570.2a90: supR3HardenedWinVerifyCacheProcessImportTodos: 'vboxrt.dll' -> '\Device\HarddiskVolume4\VBox\vboxrt.dll' [rcNtRedir=0xc0150008]
4570.2a90: supR3HardenedMonitor_LdrLoadDll: pName=D:\VBox\VBoxVMM.DLL (rcNtResolve=0xc0150008) *pfFlags=0x0 pwszSearchPath=0000000000000001:<flags> [calling]
4570.2a90: supR3HardenedScreenImage/NtCreateSection: cache hit (VINF_SUCCESS) on \Device\HarddiskVolume4\VBox\VBoxVMM.dll
4570.2a90: supR3HardenedDllNotificationCallback: load   00007fff02a40000 LB 0x005ad000 D:\VBox\VBoxVMM.DLL [fFlags=0x0]
4570.2a90: supR3HardenedScreenImage/LdrLoadDll: cache hit (VINF_SUCCESS) on \Device\HarddiskVolume4\VBox\VBoxVMM.dll
4570.2a90: supR3HardenedMonitor_LdrLoadDll: returns rcNt=0x0 hMod=00007fff02a40000 'D:\VBox\VBoxVMM.DLL'
4570.3c2c: supR3HardenedMonitor_LdrLoadDll: returns rcNt=0x0 hMod=00007fffbdab0000 'C:\Windows\system32\rsaenh.dll'
4570.3c2c: supR3HardenedMonitor_LdrLoadDll: returns rcNt=0x0 hMod=00007fffbf130000 'C:\Windows\System32\crypt32.dll'
4570.3c2c: supR3HardenedWinVerifyCacheScheduleImports: Import todo: #1 'advapi32.dll'.
4570.3c2c: supR3HardenedWinVerifyCacheScheduleImports: Import todo: #2 'user32.dll'.
4570.3c2c: supR3HardenedWinVerifyCacheScheduleImports: Import todo: #3 'ole32.dll'.
4570.3c2c: supR3HardenedWinVerifyCacheScheduleImports: Import todo: #4 'shell32.dll'.
4570.3c2c: supHardenedWinVerifyImageByHandle: -> 0 (\Device\HarddiskVolume3\Windows\System32\DriverStore\FileRepository\iigd_dch.inf_amd64_46a183a099a0cf25\igdumdim64.dll) WinVerifyTrust
4570.3c2c: supR3HardenedWinVerifyCacheInsert: \Device\HarddiskVolume3\Windows\System32\DriverStore\FileRepository\iigd_dch.inf_amd64_46a183a099a0cf25\igdumdim64.dll
4570.3c2c: supR3HardenedWinVerifyCacheProcessImportTodos: Processing 'shell32.dll'...
4570.3c2c: supR3HardenedWinVerifyCacheProcessImportTodos: 'shell32.dll' -> '\Device\HarddiskVolume3\Windows\System32\shell32.dll' [rcNtRedir=0xc0150008]
4570.3c2c: supR3HardenedScreenImage/Imports: cache hit (VINF_SUCCESS) on \Device\HarddiskVolume3\Windows\System32\shell32.dll
4570.3c2c: supR3HardenedWinVerifyCacheProcessImportTodos: Processing 'ole32.dll'...
4570.3c2c: supR3HardenedWinVerifyCacheProcessImportTodos: 'ole32.dll' -> '\Device\HarddiskVolume3\Windows\System32\ole32.dll' [rcNtRedir=0xc0150008]
4570.3c2c: supR3HardenedWinVerifyCacheProcessImportTodos: Processing 'user32.dll'...
4570.3c2c: supR3HardenedWinVerifyCacheProcessImportTodos: 'user32.dll' -> '\Device\HarddiskVolume3\Windows\System32\user32.dll' [rcNtRedir=0xc0150008]
4570.3c2c: supR3HardenedWinVerifyCacheProcessImportTodos: Processing 'advapi32.dll'...
4570.3c2c: supR3HardenedWinVerifyCacheProcessImportTodos: 'advapi32.dll' -> '\Device\HarddiskVolume3\Windows\System32\advapi32.dll' [rcNtRedir=0xc0150008]
4570.3c2c: supR3HardenedMonitor_LdrLoadDll: pName=C:\Windows\System32\DriverStore\FileRepository\iigd_dch.inf_amd64_46a183a099a0cf25\igdumdim64.dll (rcNtResolve=0xc0150008) *pfFlags=0x0 pwszSearchPath=0000000000000009:<flags> [calling]
4570.3c2c: supR3HardenedScreenImage/NtCreateSection: cache hit (VINF_SUCCESS) on \Device\HarddiskVolume3\Windows\System32\DriverStore\FileRepository\iigd_dch.inf_amd64_46a183a099a0cf25\igdumdim64.dll
4570.3c2c: supR3HardenedDllNotificationCallback: load   00007fff576f0000 LB 0x00263000 C:\Windows\System32\DriverStore\FileRepository\iigd_dch.inf_amd64_46a183a099a0cf25\igdumdim64.dll [fFlags=0x0]
4570.3c2c: supR3HardenedScreenImage/LdrLoadDll: cache hit (VINF_SUCCESS) on \Device\HarddiskVolume3\Windows\System32\DriverStore\FileRepository\iigd_dch.inf_amd64_46a183a099a0cf25\igdumdim64.dll
4570.3c2c: supR3HardenedIsApiSetDll: ApiSetQueryApiSetPresence(api-ms-win-core-synch-l1-2-0) -> 0x0, fPresent=1
4570.3c2c: supR3HardenedMonitor_LdrLoadDll: pName=api-ms-win-core-synch-l1-2-0 (rcNtResolve=0x0) *pfFlags=0x0 pwszSearchPath=0000000000000801:<flags> [calling]
4570.3c2c: supR3HardenedMonitor_LdrLoadDll: returns rcNt=0x0 hMod=00007fffbf400000 'api-ms-win-core-synch-l1-2-0'
4570.3c2c: supR3HardenedScreenImage/LdrLoadDll: cache hit (VINF_SUCCESS) on \Device\HarddiskVolume3\Windows\System32\kernel32.dll
4570.3c2c: supR3HardenedMonitor_LdrLoadDll: pName=C:\Windows\System32\kernel32.dll (Input=kernel32, rcNtResolve=0xc0150008) *pfFlags=0x0 pwszSearchPath=0000000000000801:<flags> [calling]
4570.3c2c: supR3HardenedMonitor_LdrLoadDll: returns rcNt=0x0 hMod=00007fffc0900000 'C:\Windows\System32\kernel32.dll'
4570.3c2c: supR3HardenedScreenImage/LdrLoadDll: cache hit (VINF_SUCCESS) on \Device\HarddiskVolume3\Windows\System32\kernel32.dll
4570.3c2c: supR3HardenedMonitor_LdrLoadDll: pName=C:\Windows\System32\kernel32.dll (Input=kernel32.dll, rcNtResolve=0xc0150008) *pfFlags=0x0 pwszSearchPath=0000000000000801:<flags> [calling]
4570.3c2c: supR3HardenedMonitor_LdrLoadDll: returns rcNt=0x0 hMod=00007fffc0900000 'C:\Windows\System32\kernel32.dll'
4570.3c2c: supR3HardenedScreenImage/LdrLoadDll: cache hit (VINF_SUCCESS) on \Device\HarddiskVolume3\Windows\System32\shell32.dll
4570.3c2c: supR3HardenedMonitor_LdrLoadDll: pName=C:\Windows\System32\shell32.dll (Input=shell32.dll, rcNtResolve=0xc0150008) *pfFlags=0x0 pwszSearchPath=0000000000000801:<flags> [calling]
4570.3c2c: supR3HardenedMonitor_LdrLoadDll: returns rcNt=0x0 hMod=00007fffc17e0000 'C:\Windows\System32\shell32.dll'
4570.3c2c: supR3HardenedMonitor_LdrLoadDll: returns rcNt=0x0 hMod=00007fffc0a80000 'C:\Windows\System32\User32.dll'
4570.3c2c: supR3HardenedMonitor_LdrLoadDll: returns rcNt=0x0 hMod=00007fff576f0000 'C:\Windows\System32\DriverStore\FileRepository\iigd_dch.inf_amd64_46a183a099a0cf25\igdumdim64.dll'
4570.3c2c: supR3HardenedMonitor_LdrLoadDll: returns rcNt=0x0 hMod=00007fffbdab0000 'C:\Windows\system32\rsaenh.dll'
4570.3c2c: supR3HardenedMonitor_LdrLoadDll: returns rcNt=0x0 hMod=00007fffbf130000 'C:\Windows\System32\crypt32.dll'
4570.3c2c: supR3HardenedWinVerifyCacheScheduleImports: Import todo: #1 'advapi32.dll'.
4570.3c2c: supR3HardenedWinVerifyCacheScheduleImports: Import todo: #2 'ole32.dll'.
4570.3c2c: supR3HardenedWinVerifyCacheScheduleImports: Import todo: #3 'oleaut32.dll'.
4570.3c2c: supR3HardenedWinVerifyCacheScheduleImports: Import todo: #4 'setupapi.dll'.
4570.3c2c: supHardenedWinVerifyImageByHandle: -> 0 (\Device\HarddiskVolume3\Windows\System32\DriverStore\FileRepository\iigd_dch.inf_amd64_46a183a099a0cf25\igd9dxva64.dll) WinVerifyTrust
4570.3c2c: supR3HardenedWinVerifyCacheInsert: \Device\HarddiskVolume3\Windows\System32\DriverStore\FileRepository\iigd_dch.inf_amd64_46a183a099a0cf25\igd9dxva64.dll
4570.3c2c: supR3HardenedWinVerifyCacheProcessImportTodos: Processing 'setupapi.dll'...
4570.3c2c: supR3HardenedWinVerifyCacheProcessImportTodos: 'setupapi.dll' -> '\Device\HarddiskVolume3\Windows\System32\setupapi.dll' [rcNtRedir=0xc0150008]
4570.3c2c: supR3HardenedScreenImage/Imports: cache hit (VINF_SUCCESS) on \Device\HarddiskVolume3\Windows\System32\setupapi.dll
4570.3c2c: supR3HardenedWinVerifyCacheProcessImportTodos: Processing 'oleaut32.dll'...
4570.3c2c: supR3HardenedWinVerifyCacheProcessImportTodos: 'oleaut32.dll' -> '\Device\HarddiskVolume3\Windows\System32\oleaut32.dll' [rcNtRedir=0xc0150008]
4570.3c2c: supR3HardenedScreenImage/Imports: cache hit (VINF_SUCCESS) on \Device\HarddiskVolume3\Windows\System32\oleaut32.dll
4570.3c2c: supR3HardenedWinVerifyCacheProcessImportTodos: Processing 'ole32.dll'...
4570.3c2c: supR3HardenedWinVerifyCacheProcessImportTodos: 'ole32.dll' -> '\Device\HarddiskVolume3\Windows\System32\ole32.dll' [rcNtRedir=0xc0150008]
4570.3c2c: supR3HardenedWinVerifyCacheProcessImportTodos: Processing 'advapi32.dll'...
4570.3c2c: supR3HardenedWinVerifyCacheProcessImportTodos: 'advapi32.dll' -> '\Device\HarddiskVolume3\Windows\System32\advapi32.dll' [rcNtRedir=0xc0150008]
4570.3c2c: supR3HardenedMonitor_LdrLoadDll: pName=C:\Windows\System32\DriverStore\FileRepository\iigd_dch.inf_amd64_46a183a099a0cf25\igd9dxva64.dll (rcNtResolve=0xc0150008) *pfFlags=0x0 pwszSearchPath=0000000000000001:<flags> [calling]
4570.3c2c: supR3HardenedScreenImage/NtCreateSection: cache hit (VINF_SUCCESS) on \Device\HarddiskVolume3\Windows\System32\DriverStore\FileRepository\iigd_dch.inf_amd64_46a183a099a0cf25\igd9dxva64.dll
4570.3c2c: supR3HardenedDllNotificationCallback: load   00007ffeed630000 LB 0x0136f000 C:\Windows\System32\DriverStore\FileRepository\iigd_dch.inf_amd64_46a183a099a0cf25\igd9dxva64.dll [fFlags=0x0]
4570.3c2c: supR3HardenedScreenImage/LdrLoadDll: cache hit (VINF_SUCCESS) on \Device\HarddiskVolume3\Windows\System32\DriverStore\FileRepository\iigd_dch.inf_amd64_46a183a099a0cf25\igd9dxva64.dll
4570.3c2c: supR3HardenedIsApiSetDll: ApiSetQueryApiSetPresence(api-ms-win-core-synch-l1-2-0) -> 0x0, fPresent=1
4570.3c2c: supR3HardenedMonitor_LdrLoadDll: pName=api-ms-win-core-synch-l1-2-0 (rcNtResolve=0x0) *pfFlags=0x0 pwszSearchPath=0000000000000801:<flags> [calling]
4570.3c2c: supR3HardenedMonitor_LdrLoadDll: returns rcNt=0x0 hMod=00007fffbf400000 'api-ms-win-core-synch-l1-2-0'
4570.3c2c: supR3HardenedScreenImage/LdrLoadDll: cache hit (VINF_SUCCESS) on \Device\HarddiskVolume3\Windows\System32\kernel32.dll
4570.3c2c: supR3HardenedMonitor_LdrLoadDll: pName=C:\Windows\System32\kernel32.dll (Input=kernel32, rcNtResolve=0xc0150008) *pfFlags=0x0 pwszSearchPath=0000000000000801:<flags> [calling]
4570.3c2c: supR3HardenedMonitor_LdrLoadDll: returns rcNt=0x0 hMod=00007fffc0900000 'C:\Windows\System32\kernel32.dll'
4570.3c2c: supR3HardenedIsApiSetDll: ApiSetQueryApiSetPresence(api-ms-win-core-string-l1-1-0) -> 0x0, fPresent=1
4570.3c2c: supR3HardenedMonitor_LdrLoadDll: pName=api-ms-win-core-string-l1-1-0 (rcNtResolve=0x0) *pfFlags=0x0 pwszSearchPath=0000000000000801:<flags> [calling]
4570.3c2c: supR3HardenedMonitor_LdrLoadDll: returns rcNt=0x0 hMod=00007fffbf400000 'api-ms-win-core-string-l1-1-0'
4570.3c2c: supR3HardenedIsApiSetDll: ApiSetQueryApiSetPresence(api-ms-win-core-localization-l1-2-1) -> 0x0, fPresent=1
4570.3c2c: supR3HardenedMonitor_LdrLoadDll: pName=api-ms-win-core-localization-l1-2-1 (rcNtResolve=0x0) *pfFlags=0x0 pwszSearchPath=0000000000000801:<flags> [calling]
4570.3c2c: supR3HardenedMonitor_LdrLoadDll: returns rcNt=0x0 hMod=00007fffbf400000 'api-ms-win-core-localization-l1-2-1'
4570.3c2c: supR3HardenedIsApiSetDll: ApiSetQueryApiSetPresence(api-ms-win-core-datetime-l1-1-1) -> 0x0, fPresent=1
4570.3c2c: supR3HardenedMonitor_LdrLoadDll: pName=api-ms-win-core-datetime-l1-1-1 (rcNtResolve=0x0) *pfFlags=0x0 pwszSearchPath=0000000000000801:<flags> [calling]
4570.3c2c: supR3HardenedMonitor_LdrLoadDll: returns rcNt=0x0 hMod=00007fffbf400000 'api-ms-win-core-datetime-l1-1-1'
4570.3c2c: supR3HardenedIsApiSetDll: ApiSetQueryApiSetPresence(api-ms-win-core-localization-obsolete-l1-2-0) -> 0x0, fPresent=1
4570.3c2c: supR3HardenedMonitor_LdrLoadDll: pName=api-ms-win-core-localization-obsolete-l1-2-0 (rcNtResolve=0x0) *pfFlags=0x0 pwszSearchPath=0000000000000801:<flags> [calling]
4570.3c2c: supR3HardenedMonitor_LdrLoadDll: returns rcNt=0x0 hMod=00007fffbf400000 'api-ms-win-core-localization-obsolete-l1-2-0'
4570.3c2c: supR3HardenedMonitor_LdrLoadDll: returns rcNt=0x0 hMod=00007ffeed630000 'C:\Windows\System32\DriverStore\FileRepository\iigd_dch.inf_amd64_46a183a099a0cf25\igd9dxva64.dll'
4570.3c2c: supR3HardenedMonitor_LdrLoadDll: returns rcNt=0x0 hMod=00007fffbdab0000 'C:\Windows\system32\rsaenh.dll'
4570.3c2c: supR3HardenedMonitor_LdrLoadDll: returns rcNt=0x0 hMod=00007fffbf130000 'C:\Windows\System32\crypt32.dll'
4570.3c2c: supHardenedWinVerifyImageByHandle: -> 0 (\Device\HarddiskVolume3\Windows\System32\DriverStore\FileRepository\iigd_dch.inf_amd64_46a183a099a0cf25\media_bin_64.dll) WinVerifyTrust
4570.3c2c: supR3HardenedWinVerifyCacheInsert: \Device\HarddiskVolume3\Windows\System32\DriverStore\FileRepository\iigd_dch.inf_amd64_46a183a099a0cf25\media_bin_64.dll
4570.3c2c: supR3HardenedMonitor_LdrLoadDll: pName=C:\Windows\System32\DriverStore\FileRepository\iigd_dch.inf_amd64_46a183a099a0cf25\media_bin_64.dll (rcNtResolve=0xc0150008) *pfFlags=0x0 pwszSearchPath=0000000000000001:<flags> [calling]
4570.3c2c: supR3HardenedScreenImage/NtCreateSection: cache hit (VINF_SUCCESS) on \Device\HarddiskVolume3\Windows\System32\DriverStore\FileRepository\iigd_dch.inf_amd64_46a183a099a0cf25\media_bin_64.dll
4570.3c2c: supR3HardenedDllNotificationCallback: load   00007fff5f700000 LB 0x01d2b000 C:\Windows\System32\DriverStore\FileRepository\iigd_dch.inf_amd64_46a183a099a0cf25\media_bin_64.dll [fFlags=0x0]
4570.3c2c: supR3HardenedScreenImage/LdrLoadDll: cache hit (VINF_SUCCESS) on \Device\HarddiskVolume3\Windows\System32\DriverStore\FileRepository\iigd_dch.inf_amd64_46a183a099a0cf25\media_bin_64.dll
4570.3c2c: supR3HardenedIsApiSetDll: ApiSetQueryApiSetPresence(api-ms-win-core-synch-l1-2-0) -> 0x0, fPresent=1
4570.3c2c: supR3HardenedMonitor_LdrLoadDll: pName=api-ms-win-core-synch-l1-2-0 (rcNtResolve=0x0) *pfFlags=0x0 pwszSearchPath=0000000000000801:<flags> [calling]
4570.3c2c: supR3HardenedMonitor_LdrLoadDll: returns rcNt=0x0 hMod=00007fffbf400000 'api-ms-win-core-synch-l1-2-0'
4570.3c2c: supR3HardenedIsApiSetDll: ApiSetQueryApiSetPresence(api-ms-win-core-fibers-l1-1-1) -> 0x0, fPresent=1
4570.3c2c: supR3HardenedMonitor_LdrLoadDll: pName=api-ms-win-core-fibers-l1-1-1 (rcNtResolve=0x0) *pfFlags=0x0 pwszSearchPath=0000000000000801:<flags> [calling]
4570.3c2c: supR3HardenedMonitor_LdrLoadDll: returns rcNt=0x0 hMod=00007fffbf400000 'api-ms-win-core-fibers-l1-1-1'
4570.3c2c: supR3HardenedIsApiSetDll: ApiSetQueryApiSetPresence(api-ms-win-core-synch-l1-2-0) -> 0x0, fPresent=1
4570.3c2c: supR3HardenedMonitor_LdrLoadDll: pName=api-ms-win-core-synch-l1-2-0 (rcNtResolve=0x0) *pfFlags=0x0 pwszSearchPath=0000000000000801:<flags> [calling]
4570.3c2c: supR3HardenedMonitor_LdrLoadDll: returns rcNt=0x0 hMod=00007fffbf400000 'api-ms-win-core-synch-l1-2-0'
4570.3c2c: supR3HardenedScreenImage/LdrLoadDll: cache hit (VINF_SUCCESS) on \Device\HarddiskVolume3\Windows\System32\kernel32.dll
4570.3c2c: supR3HardenedMonitor_LdrLoadDll: pName=C:\Windows\System32\kernel32.dll (Input=kernel32, rcNtResolve=0xc0150008) *pfFlags=0x0 pwszSearchPath=0000000000000801:<flags> [calling]
4570.3c2c: supR3HardenedMonitor_LdrLoadDll: returns rcNt=0x0 hMod=00007fffc0900000 'C:\Windows\System32\kernel32.dll'
4570.3c2c: supR3HardenedMonitor_LdrLoadDll: returns rcNt=0x0 hMod=00007fff5f700000 'C:\Windows\System32\DriverStore\FileRepository\iigd_dch.inf_amd64_46a183a099a0cf25\media_bin_64.dll'
4570.3c2c: supR3HardenedMonitor_LdrLoadDll: returns rcNt=0x0 hMod=00007fffbdab0000 'C:\Windows\system32\rsaenh.dll'
4570.3c2c: supR3HardenedMonitor_LdrLoadDll: returns rcNt=0x0 hMod=00007fffbf130000 'C:\Windows\System32\crypt32.dll'
4570.3c2c: supR3HardenedWinVerifyCacheScheduleImports: Import todo: #1 'advapi32.dll'.
4570.3c2c: supHardenedWinVerifyImageByHandle: -> 0 (\Device\HarddiskVolume3\Windows\System32\DriverStore\FileRepository\iigd_dch.inf_amd64_46a183a099a0cf25\igdgmm64.dll) WinVerifyTrust
4570.3c2c: supR3HardenedWinVerifyCacheInsert: \Device\HarddiskVolume3\Windows\System32\DriverStore\FileRepository\iigd_dch.inf_amd64_46a183a099a0cf25\igdgmm64.dll
4570.3c2c: supR3HardenedWinVerifyCacheProcessImportTodos: Processing 'advapi32.dll'...
4570.3c2c: supR3HardenedWinVerifyCacheProcessImportTodos: 'advapi32.dll' -> '\Device\HarddiskVolume3\Windows\System32\advapi32.dll' [rcNtRedir=0xc0150008]
4570.3c2c: supR3HardenedMonitor_LdrLoadDll: pName=C:\Windows\System32\DriverStore\FileRepository\iigd_dch.inf_amd64_46a183a099a0cf25\igdgmm64.dll (rcNtResolve=0xc0150008) *pfFlags=0x0 pwszSearchPath=0000000000000001:<flags> [calling]
4570.3c2c: supR3HardenedScreenImage/NtCreateSection: cache hit (VINF_SUCCESS) on \Device\HarddiskVolume3\Windows\System32\DriverStore\FileRepository\iigd_dch.inf_amd64_46a183a099a0cf25\igdgmm64.dll
4570.3c2c: supR3HardenedDllNotificationCallback: load   00007fffb4d50000 LB 0x0043e000 C:\Windows\System32\DriverStore\FileRepository\iigd_dch.inf_amd64_46a183a099a0cf25\igdgmm64.dll [fFlags=0x0]
4570.3c2c: supR3HardenedScreenImage/LdrLoadDll: cache hit (VINF_SUCCESS) on \Device\HarddiskVolume3\Windows\System32\DriverStore\FileRepository\iigd_dch.inf_amd64_46a183a099a0cf25\igdgmm64.dll
4570.3c2c: supR3HardenedIsApiSetDll: ApiSetQueryApiSetPresence(api-ms-win-core-synch-l1-2-0) -> 0x0, fPresent=1
4570.3c2c: supR3HardenedMonitor_LdrLoadDll: pName=api-ms-win-core-synch-l1-2-0 (rcNtResolve=0x0) *pfFlags=0x0 pwszSearchPath=0000000000000801:<flags> [calling]
4570.3c2c: supR3HardenedMonitor_LdrLoadDll: returns rcNt=0x0 hMod=00007fffbf400000 'api-ms-win-core-synch-l1-2-0'
4570.3c2c: supR3HardenedScreenImage/LdrLoadDll: cache hit (VINF_SUCCESS) on \Device\HarddiskVolume3\Windows\System32\kernel32.dll
4570.3c2c: supR3HardenedMonitor_LdrLoadDll: pName=C:\Windows\System32\kernel32.dll (Input=kernel32, rcNtResolve=0xc0150008) *pfFlags=0x0 pwszSearchPath=0000000000000801:<flags> [calling]
4570.3c2c: supR3HardenedMonitor_LdrLoadDll: returns rcNt=0x0 hMod=00007fffc0900000 'C:\Windows\System32\kernel32.dll'
4570.3c2c: supR3HardenedMonitor_LdrLoadDll: returns rcNt=0x0 hMod=00007fffb4d50000 'C:\Windows\System32\DriverStore\FileRepository\iigd_dch.inf_amd64_46a183a099a0cf25\igdgmm64.dll'
4570.3c2c: supR3HardenedMonitor_LdrLoadDll: error opening 'C:\Windows\System32\DriverStore\FileRepository\iigd_dch.inf_amd64_46a183a099a0cf25\dxgi.dll': 0 (NtPath=\??\C:\Windows\System32\DriverStore\FileRepository\iigd_dch.inf_amd64_46a183a099a0cf25\dxgi.dll; Input=C:\Windows\System32\DriverStore\FileRepository\iigd_dch.inf_amd64_46a183a099a0cf25\dxgi.dll; rcNtGetDll=0x0
4570.3c2c: supR3HardenedMonitor_LdrLoadDll: returns rcNt=0xc0000034 'C:\Windows\System32\DriverStore\FileRepository\iigd_dch.inf_amd64_46a183a099a0cf25\dxgi.dll'
4570.3c2c: supR3HardenedWinVerifyCacheScheduleImports: Import todo: #12 'msvcp_win.dll'.
4570.3c2c: supHardenedWinVerifyImageByHandle: -> 0 (\Device\HarddiskVolume3\Windows\System32\directxdatabasehelper.dll)
4570.3c2c: supR3HardenedWinVerifyCacheInsert: \Device\HarddiskVolume3\Windows\System32\directxdatabasehelper.dll
4570.3c2c: supR3HardenedDllNotificationCallback: load   00007fffb8660000 LB 0x00060000 C:\Windows\SYSTEM32\directxdatabasehelper.dll [fFlags=0x0]
4570.3c2c: supR3HardenedScreenImage/LdrLoadDll: cache hit (VINF_SUCCESS) on \Device\HarddiskVolume3\Windows\System32\directxdatabasehelper.dll [avoiding WinVerifyTrust]
4570.3c2c: supR3HardenedWinVerifyCacheProcessImportTodos: Processing 'msvcp_win.dll'...
4570.3c2c: supR3HardenedWinVerifyCacheProcessImportTodos: 'msvcp_win.dll' -> '\Device\HarddiskVolume3\Windows\System32\msvcp_win.dll' [rcNtRedir=0xc0150008]
4570.3c2c: supR3HardenedMonitor_LdrLoadDll: returns rcNt=0x0 hMod=00007fffbdab0000 'C:\Windows\system32\rsaenh.dll'
4570.3c2c: supR3HardenedMonitor_LdrLoadDll: returns rcNt=0x0 hMod=00007fffbf130000 'C:\Windows\System32\crypt32.dll'
4570.3c2c: supR3HardenedWinVerifyCacheProcessWvtTodos: 0 (was 0) fWinVerifyTrust=1 for '\Device\HarddiskVolume3\Windows\System32\directxdatabasehelper.dll'
4570.3c2c: supR3HardenedIsApiSetDll: ApiSetQueryApiSetPresence(ext-ms-win-core-resourcepolicy-l1-1-0.dll) -> 0x0, fPresent=1
4570.3c2c: supR3HardenedMonitor_LdrLoadDll: pName=ext-ms-win-core-resourcepolicy-l1-1-0.dll (rcNtResolve=0x0) *pfFlags=0x0 pwszSearchPath=0000000000000001:<flags> [calling]
4570.3c2c: supR3HardenedWinVerifyCacheScheduleImports: Import todo: #0 'msvcrt.dll'.
4570.3c2c: supR3HardenedWinVerifyCacheScheduleImports: Import todo: #11 'rpcrt4.dll'.
4570.3c2c: supHardenedWinVerifyImageByHandle: -> 0 (\Device\HarddiskVolume3\Windows\System32\ResourcePolicyClient.dll)
4570.3c2c: supR3HardenedWinVerifyCacheInsert: \Device\HarddiskVolume3\Windows\System32\ResourcePolicyClient.dll
4570.3c2c: supR3HardenedDllNotificationCallback: load   00007fffbd060000 LB 0x00014000 C:\Windows\SYSTEM32\resourcepolicyclient.dll [fFlags=0x0]
4570.3c2c: supR3HardenedScreenImage/LdrLoadDll: cache hit (VINF_SUCCESS) on \Device\HarddiskVolume3\Windows\System32\ResourcePolicyClient.dll [avoiding WinVerifyTrust]
4570.3c2c: supR3HardenedMonitor_LdrLoadDll: returns rcNt=0x0 hMod=00007fffbd060000 'ext-ms-win-core-resourcepolicy-l1-1-0.dll'
4570.3c2c: supR3HardenedWinVerifyCacheProcessImportTodos: Processing 'rpcrt4.dll'...
4570.3c2c: supR3HardenedWinVerifyCacheProcessImportTodos: 'rpcrt4.dll' -> '\Device\HarddiskVolume3\Windows\System32\rpcrt4.dll' [rcNtRedir=0xc0150008]
4570.3c2c: supR3HardenedWinVerifyCacheProcessImportTodos: Processing 'msvcrt.dll'...
4570.3c2c: supR3HardenedWinVerifyCacheProcessImportTodos: 'msvcrt.dll' -> '\Device\HarddiskVolume3\Windows\System32\msvcrt.dll' [rcNtRedir=0xc0150008]
4570.3c2c: supR3HardenedMonitor_LdrLoadDll: returns rcNt=0x0 hMod=00007fffbdab0000 'C:\Windows\system32\rsaenh.dll'
4570.3c2c: supR3HardenedMonitor_LdrLoadDll: returns rcNt=0x0 hMod=00007fffbf130000 'C:\Windows\System32\crypt32.dll'
4570.3c2c: supR3HardenedWinVerifyCacheProcessWvtTodos: 0 (was 0) fWinVerifyTrust=1 for '\Device\HarddiskVolume3\Windows\System32\ResourcePolicyClient.dll'
4570.3c2c: supR3HardenedDllNotificationCallback: Unload 00007fffbd060000 LB 0x00014000 C:\Windows\SYSTEM32\resourcepolicyclient.dll [flags=0x0]
4570.3c2c: supR3HardenedScreenImage/LdrLoadDll: cache hit (VINF_SUCCESS) on \Device\HarddiskVolume3\Windows\System32\DriverStore\FileRepository\iigd_dch.inf_amd64_46a183a099a0cf25\igdumdim64.dll
4570.3c2c: supR3HardenedMonitor_LdrLoadDll: pName=C:\Windows\System32\DriverStore\FileRepository\iigd_dch.inf_amd64_46a183a099a0cf25\igdumdim64.dll (rcNtResolve=0xc0150008) *pfFlags=0x0 pwszSearchPath=0000000000000009:<flags> [calling]
4570.3c2c: supR3HardenedMonitor_LdrLoadDll: returns rcNt=0x0 hMod=00007fff576f0000 'C:\Windows\System32\DriverStore\FileRepository\iigd_dch.inf_amd64_46a183a099a0cf25\igdumdim64.dll'
4570.3c2c: supR3HardenedScreenImage/LdrLoadDll: cache hit (VINF_SUCCESS) on \Device\HarddiskVolume3\Windows\System32\DriverStore\FileRepository\iigd_dch.inf_amd64_46a183a099a0cf25\igd9dxva64.dll
4570.3c2c: supR3HardenedMonitor_LdrLoadDll: pName=C:\Windows\System32\DriverStore\FileRepository\iigd_dch.inf_amd64_46a183a099a0cf25\igd9dxva64.dll (rcNtResolve=0xc0150008) *pfFlags=0x0 pwszSearchPath=0000000000000001:<flags> [calling]
4570.3c2c: supR3HardenedMonitor_LdrLoadDll: returns rcNt=0x0 hMod=00007ffeed630000 'C:\Windows\System32\DriverStore\FileRepository\iigd_dch.inf_amd64_46a183a099a0cf25\igd9dxva64.dll'
4570.3c2c: supR3HardenedScreenImage/LdrLoadDll: cache hit (VINF_SUCCESS) on \Device\HarddiskVolume3\Windows\System32\DriverStore\FileRepository\iigd_dch.inf_amd64_46a183a099a0cf25\igdgmm64.dll
4570.3c2c: supR3HardenedMonitor_LdrLoadDll: pName=C:\Windows\System32\DriverStore\FileRepository\iigd_dch.inf_amd64_46a183a099a0cf25\igdgmm64.dll (rcNtResolve=0xc0150008) *pfFlags=0x0 pwszSearchPath=0000000000000001:<flags> [calling]
4570.3c2c: supR3HardenedMonitor_LdrLoadDll: returns rcNt=0x0 hMod=00007fffb4d50000 'C:\Windows\System32\DriverStore\FileRepository\iigd_dch.inf_amd64_46a183a099a0cf25\igdgmm64.dll'
4570.3c2c: supR3HardenedMonitor_LdrLoadDll: error opening 'C:\Windows\System32\DriverStore\FileRepository\iigd_dch.inf_amd64_46a183a099a0cf25\dxgi.dll': 0 (NtPath=\??\C:\Windows\System32\DriverStore\FileRepository\iigd_dch.inf_amd64_46a183a099a0cf25\dxgi.dll; Input=C:\Windows\System32\DriverStore\FileRepository\iigd_dch.inf_amd64_46a183a099a0cf25\dxgi.dll; rcNtGetDll=0x0
4570.3c2c: supR3HardenedMonitor_LdrLoadDll: returns rcNt=0xc0000034 'C:\Windows\System32\DriverStore\FileRepository\iigd_dch.inf_amd64_46a183a099a0cf25\dxgi.dll'
4570.3c2c: supR3HardenedMonitor_LdrLoadDll: returns rcNt=0x0 hMod=00007fffc0320000 'C:\Windows\System32\gdi32.dll'
4570.3c2c: supR3HardenedDllNotificationCallback: Unload 00007fff5f700000 LB 0x01d2b000 C:\Windows\System32\DriverStore\FileRepository\iigd_dch.inf_amd64_46a183a099a0cf25\media_bin_64.dll [flags=0x0]
4570.3c2c: supR3HardenedDllNotificationCallback: Unload 00007ffeed630000 LB 0x0136f000 C:\Windows\System32\DriverStore\FileRepository\iigd_dch.inf_amd64_46a183a099a0cf25\igd9dxva64.dll [flags=0x0]
4570.3c2c: supR3HardenedDllNotificationCallback: Unload 00007fffb4d50000 LB 0x0043e000 C:\Windows\System32\DriverStore\FileRepository\iigd_dch.inf_amd64_46a183a099a0cf25\igdgmm64.dll [flags=0x0]
4570.3c2c: supR3HardenedDllNotificationCallback: Unload 00007fff576f0000 LB 0x00263000 C:\Windows\System32\DriverStore\FileRepository\iigd_dch.inf_amd64_46a183a099a0cf25\igdumdim64.dll [flags=0x0]
4570.3c2c: supR3HardNtViCallWinVerifyTrustCatFile: hFile=0000000000000ccc pwszName=\Device\HarddiskVolume3\Windows\System32\DataExchange.dll
4570.3c2c: supR3HardNtViCallWinVerifyTrustCatFile: Cached context 0000025ade19b7a0
4570.3c2c: supR3HardNtViCallWinVerifyTrustCatFile: hCatAdmin=0000025ade19b7a0
4570.3c2c: supR3HardNtViCallWinVerifyTrustCatFile: cbHash=20 wszDigest=7CB65CD114ED7E0BA34D61E8D0CAFF90164AA1E9
4570.3c2c: supR3HardenedMonitor_LdrLoadDll: returns rcNt=0x0 hMod=00007fffbdab0000 'C:\Windows\system32\rsaenh.dll'
4570.3c2c: supR3HardenedMonitor_LdrLoadDll: returns rcNt=0x0 hMod=00007fffbf130000 'C:\Windows\System32\crypt32.dll'
4570.3c2c: supR3HardNtViCallWinVerifyTrustCatFile: WinVerifyTrust => 0x0; cat='C:\Windows\system32\CatRoot\{F750E6C3-38EE-11D1-85E5-00C04FC295EE}\Microsoft-Windows-Client-Desktop-Required-Package051120~31bf3856ad364e35~amd64~~10.0.26100.8037.cat'; file='\Device\HarddiskVolume3\Windows\System32\DataExchange.dll'
4570.3c2c: supR3HardNtViCallWinVerifyTrustCatFile -> 0 (org 22900)
4570.3c2c: supR3HardenedWinVerifyCacheScheduleImports: Import todo: #28 'msvcp_win.dll'.
4570.3c2c: supHardenedWinVerifyImageByHandle: -> 0 (\Device\HarddiskVolume3\Windows\System32\DataExchange.dll) WinVerifyTrust
4570.3c2c: supR3HardenedWinVerifyCacheInsert: \Device\HarddiskVolume3\Windows\System32\DataExchange.dll
4570.3c2c: supR3HardenedWinVerifyCacheProcessImportTodos: Processing 'msvcp_win.dll'...
4570.3c2c: supR3HardenedWinVerifyCacheProcessImportTodos: 'msvcp_win.dll' -> '\Device\HarddiskVolume3\Windows\System32\msvcp_win.dll' [rcNtRedir=0xc0150008]
4570.3c2c: supR3HardenedScreenImage/Imports: cache hit (VINF_SUCCESS) on \Device\HarddiskVolume3\Windows\System32\msvcp_win.dll
4570.3c2c: supR3HardenedMonitor_LdrLoadDll: pName=C:\Windows\system32\dataexchange.dll (rcNtResolve=0xc0150008) *pfFlags=0x0 pwszSearchPath=0000000000002009:<flags> [calling]
4570.3c2c: supR3HardenedScreenImage/NtCreateSection: cache hit (VINF_SUCCESS) on \Device\HarddiskVolume3\Windows\System32\DataExchange.dll
4570.3c2c: supR3HardenedDllNotificationCallback: load   00007fff8c530000 LB 0x0005a000 C:\Windows\system32\dataexchange.dll [fFlags=0x0]
4570.3c2c: supR3HardenedScreenImage/LdrLoadDll: cache hit (VINF_SUCCESS) on \Device\HarddiskVolume3\Windows\System32\DataExchange.dll
4570.3c2c: supR3HardenedMonitor_LdrLoadDll: returns rcNt=0x0 hMod=00007fff8c530000 'C:\Windows\system32\dataexchange.dll'
4570.3c2c: supR3HardenedWinVerifyCacheScheduleImports: Import todo: #39 'combase.dll'.
4570.3c2c: supR3HardenedWinVerifyCacheScheduleImports: Import todo: #41 'msvcp_win.dll'.
4570.3c2c: supHardenedWinVerifyImageByHandle: -> 0 (\Device\HarddiskVolume3\Windows\System32\twinapi.appcore.dll)
4570.3c2c: supR3HardenedWinVerifyCacheInsert: \Device\HarddiskVolume3\Windows\System32\twinapi.appcore.dll
4570.3c2c: supR3HardenedDllNotificationCallback: load   00007fffafdc0000 LB 0x00244000 C:\Windows\system32\twinapi.appcore.dll [fFlags=0x0]
4570.3c2c: supR3HardenedScreenImage/LdrLoadDll: cache hit (VINF_SUCCESS) on \Device\HarddiskVolume3\Windows\System32\twinapi.appcore.dll [avoiding WinVerifyTrust]
4570.3c2c: supR3HardenedWinVerifyCacheScheduleImports: Import todo: #0 'msvcrt.dll'.
4570.3c2c: supR3HardenedWinVerifyCacheScheduleImports: Import todo: #17 'oleaut32.dll'.
4570.3c2c: supR3HardenedWinVerifyCacheScheduleImports: Import todo: #18 'rpcrt4.dll'.
4570.3c2c: supHardenedWinVerifyImageByHandle: -> 0 (\Device\HarddiskVolume3\Windows\System32\TextInputFramework.dll)
4570.3c2c: supR3HardenedWinVerifyCacheInsert: \Device\HarddiskVolume3\Windows\System32\TextInputFramework.dll
4570.3c2c: supR3HardenedDllNotificationCallback: load   00007fff9f290000 LB 0x00148000 C:\Windows\SYSTEM32\textinputframework.dll [fFlags=0x0]
4570.3c2c: supR3HardenedScreenImage/LdrLoadDll: cache hit (VINF_SUCCESS) on \Device\HarddiskVolume3\Windows\System32\TextInputFramework.dll [avoiding WinVerifyTrust]
4570.3c2c: supR3HardenedWinVerifyCacheProcessImportTodos: Processing 'rpcrt4.dll'...
4570.3c2c: supR3HardenedWinVerifyCacheProcessImportTodos: 'rpcrt4.dll' -> '\Device\HarddiskVolume3\Windows\System32\rpcrt4.dll' [rcNtRedir=0xc0150008]
4570.3c2c: supR3HardenedWinVerifyCacheProcessImportTodos: Processing 'oleaut32.dll'...
4570.3c2c: supR3HardenedWinVerifyCacheProcessImportTodos: 'oleaut32.dll' -> '\Device\HarddiskVolume3\Windows\System32\oleaut32.dll' [rcNtRedir=0xc0150008]
4570.3c2c: supR3HardenedScreenImage/Imports: cache hit (VINF_SUCCESS) on \Device\HarddiskVolume3\Windows\System32\oleaut32.dll
4570.3c2c: supR3HardenedWinVerifyCacheProcessImportTodos: Processing 'msvcrt.dll'...
4570.3c2c: supR3HardenedWinVerifyCacheProcessImportTodos: 'msvcrt.dll' -> '\Device\HarddiskVolume3\Windows\System32\msvcrt.dll' [rcNtRedir=0xc0150008]
4570.3c2c: supR3HardenedWinVerifyCacheProcessImportTodos: Processing 'msvcp_win.dll'...
4570.3c2c: supR3HardenedWinVerifyCacheProcessImportTodos: 'msvcp_win.dll' -> '\Device\HarddiskVolume3\Windows\System32\msvcp_win.dll' [rcNtRedir=0xc0150008]
4570.3c2c: supR3HardenedWinVerifyCacheProcessImportTodos: Processing 'combase.dll'...
4570.3c2c: supR3HardenedWinVerifyCacheProcessImportTodos: 'combase.dll' -> '\Device\HarddiskVolume3\Windows\System32\combase.dll' [rcNtRedir=0xc0150008]
4570.3c2c: supR3HardenedScreenImage/Imports: cache hit (VINF_SUCCESS) on \Device\HarddiskVolume3\Windows\System32\combase.dll
4570.3c2c: supR3HardenedMonitor_LdrLoadDll: returns rcNt=0x0 hMod=00007fffbdab0000 'C:\Windows\system32\rsaenh.dll'
4570.3c2c: supR3HardenedMonitor_LdrLoadDll: returns rcNt=0x0 hMod=00007fffbf130000 'C:\Windows\System32\crypt32.dll'
4570.3c2c: supR3HardenedWinVerifyCacheProcessWvtTodos: 0 (was 0) fWinVerifyTrust=1 for '\Device\HarddiskVolume3\Windows\System32\TextInputFramework.dll'
4570.3c2c: supR3HardenedMonitor_LdrLoadDll: returns rcNt=0x0 hMod=00007fffbdab0000 'C:\Windows\system32\rsaenh.dll'
4570.3c2c: supR3HardenedMonitor_LdrLoadDll: returns rcNt=0x0 hMod=00007fffbf130000 'C:\Windows\System32\crypt32.dll'
4570.3c2c: supR3HardenedWinVerifyCacheProcessWvtTodos: 0 (was 0) fWinVerifyTrust=1 for '\Device\HarddiskVolume3\Windows\System32\twinapi.appcore.dll'
4570.3c2c: supR3HardenedMonitor_LdrLoadDll: returns rcNt=0x0 hMod=00007fffc1f50000 'C:\Windows\System32\ADVAPI32.dll'
4570.3c2c: supR3HardenedMonitor_LdrLoadDll: returns rcNt=0x0 hMod=00007fffc12d0000 'C:\Windows\System32\ole32.dll'
4570.3c2c: supR3HardenedMonitor_LdrLoadDll: returns rcNt=0x0 hMod=00007fffc1570000 'C:\Windows\System32\OLEAUT32.dll'
4570.3c2c: supR3HardNtViCallWinVerifyTrustCatFile: hFile=0000000000000d24 pwszName=\Device\HarddiskVolume3\Windows\System32\wbem\wbemprox.dll
4570.3c2c: supR3HardNtViCallWinVerifyTrustCatFile: Cached context 0000025ade19b7a0
4570.3c2c: supR3HardNtViCallWinVerifyTrustCatFile: hCatAdmin=0000025ade19b7a0
4570.3c2c: supR3HardNtViCallWinVerifyTrustCatFile: cbHash=20 wszDigest=7FA88F866C14380CD70560459BF3962DB1EE4268
4570.3c2c: supR3HardenedMonitor_LdrLoadDll: returns rcNt=0x0 hMod=00007fffbdab0000 'C:\Windows\system32\rsaenh.dll'
4570.3c2c: supR3HardenedMonitor_LdrLoadDll: returns rcNt=0x0 hMod=00007fffbf130000 'C:\Windows\System32\crypt32.dll'
4570.3c2c: supR3HardNtViCallWinVerifyTrustCatFile: WinVerifyTrust => 0x0; cat='C:\Windows\system32\CatRoot\{F750E6C3-38EE-11D1-85E5-00C04FC295EE}\Microsoft-Windows-Client-Desktop-Required-Package0112~31bf3856ad364e35~amd64~~10.0.26100.8037.cat'; file='\Device\HarddiskVolume3\Windows\System32\wbem\wbemprox.dll'
4570.3c2c: supR3HardNtViCallWinVerifyTrustCatFile -> 0 (org 22900)
4570.3c2c: supR3HardenedWinVerifyCacheScheduleImports: Import todo: #0 'msvcrt.dll'.
4570.3c2c: supR3HardenedWinVerifyCacheScheduleImports: Import todo: #16 'wbemcomn.dll'.
4570.3c2c: supHardenedWinVerifyImageByHandle: -> 0 (\Device\HarddiskVolume3\Windows\System32\wbem\wbemprox.dll) WinVerifyTrust
4570.3c2c: supR3HardenedWinVerifyCacheInsert: \Device\HarddiskVolume3\Windows\System32\wbem\wbemprox.dll
4570.3c2c: supR3HardenedWinVerifyCacheProcessImportTodos: Processing 'wbemcomn.dll'...
4570.3c2c: supR3HardenedWinVerifyCacheProcessImportTodos: 'wbemcomn.dll' -> '\Device\HarddiskVolume3\Windows\System32\wbemcomn.dll' [rcNtRedir=0xc0150008]
4570.3c2c: supR3HardNtViCallWinVerifyTrustCatFile: hFile=0000000000000d30 pwszName=\Device\HarddiskVolume3\Windows\System32\wbemcomn.dll
4570.3c2c: supR3HardNtViCallWinVerifyTrustCatFile: Cached context 0000025ade19b7a0
4570.3c2c: supR3HardNtViCallWinVerifyTrustCatFile: hCatAdmin=0000025ade19b7a0
4570.3c2c: supR3HardNtViCallWinVerifyTrustCatFile: cbHash=20 wszDigest=C99010447EBD6E4E146E224DEB9B34693D817638
4570.3c2c: supR3HardenedMonitor_LdrLoadDll: returns rcNt=0x0 hMod=00007fffbdab0000 'C:\Windows\system32\rsaenh.dll'
4570.3c2c: supR3HardenedMonitor_LdrLoadDll: returns rcNt=0x0 hMod=00007fffbf130000 'C:\Windows\System32\crypt32.dll'
4570.3c2c: supR3HardNtViCallWinVerifyTrustCatFile: WinVerifyTrust => 0x0; cat='C:\Windows\system32\CatRoot\{F750E6C3-38EE-11D1-85E5-00C04FC295EE}\Microsoft-Windows-Client-Desktop-Required-Package0112~31bf3856ad364e35~amd64~~10.0.26100.8037.cat'; file='\Device\HarddiskVolume3\Windows\System32\wbemcomn.dll'
4570.3c2c: supR3HardNtViCallWinVerifyTrustCatFile -> 0 (org 22900)
4570.3c2c: supR3HardenedWinVerifyCacheScheduleImports: Import todo: #0 'msvcrt.dll'.
4570.3c2c: supHardenedWinVerifyImageByHandle: -> 0 (\Device\HarddiskVolume3\Windows\System32\wbemcomn.dll) WinVerifyTrust
4570.3c2c: supR3HardenedWinVerifyCacheInsert: \Device\HarddiskVolume3\Windows\System32\wbemcomn.dll
4570.3c2c: supR3HardenedWinVerifyCacheProcessImportTodos: Processing 'msvcrt.dll'...
4570.3c2c: supR3HardenedWinVerifyCacheProcessImportTodos: 'msvcrt.dll' -> '\Device\HarddiskVolume3\Windows\System32\msvcrt.dll' [rcNtRedir=0xc0150008]
4570.3c2c: supR3HardenedScreenImage/Imports: cache hit (VINF_SUCCESS) on \Device\HarddiskVolume3\Windows\System32\msvcrt.dll
4570.3c2c: supR3HardenedWinVerifyCacheProcessImportTodos: Processing 'msvcrt.dll'...
4570.3c2c: supR3HardenedWinVerifyCacheProcessImportTodos: 'msvcrt.dll' -> '\Device\HarddiskVolume3\Windows\System32\msvcrt.dll' [rcNtRedir=0xc0150008]
4570.3c2c: supR3HardenedMonitor_LdrLoadDll: pName=C:\Windows\system32\wbem\wbemprox.dll (rcNtResolve=0xc0150008) *pfFlags=0x0 pwszSearchPath=0000000000002009:<flags> [calling]
4570.3c2c: supR3HardenedScreenImage/NtCreateSection: cache hit (VINF_SUCCESS) on \Device\HarddiskVolume3\Windows\System32\wbem\wbemprox.dll
4570.3c2c: supR3HardenedScreenImage/NtCreateSection: cache hit (VINF_SUCCESS) on \Device\HarddiskVolume3\Windows\System32\wbemcomn.dll
4570.3c2c: supR3HardenedDllNotificationCallback: load   00007fffa3f00000 LB 0x0007a000 C:\Windows\SYSTEM32\wbemcomn.dll [fFlags=0x0]
4570.3c2c: supR3HardenedScreenImage/LdrLoadDll: cache hit (VINF_SUCCESS) on \Device\HarddiskVolume3\Windows\System32\wbemcomn.dll
4570.3c2c: supR3HardenedDllNotificationCallback: load   00007fffa3f80000 LB 0x00012000 C:\Windows\system32\wbem\wbemprox.dll [fFlags=0x0]
4570.3c2c: supR3HardenedScreenImage/LdrLoadDll: cache hit (VINF_SUCCESS) on \Device\HarddiskVolume3\Windows\System32\wbem\wbemprox.dll
4570.3c2c: supR3HardenedIsApiSetDll: ApiSetQueryApiSetPresence(API-MS-Win-Core-LocalRegistry-L1-1-0.dll) -> 0x0, fPresent=1
4570.3c2c: supR3HardenedMonitor_LdrLoadDll: pName=API-MS-Win-Core-LocalRegistry-L1-1-0.dll (rcNtResolve=0x0) *pfFlags=0x0 pwszSearchPath=0000000000000009:<flags> [calling]
4570.3c2c: supR3HardenedMonitor_LdrLoadDll: returns rcNt=0x0 hMod=00007fffbf400000 'API-MS-Win-Core-LocalRegistry-L1-1-0.dll'
4570.3c2c: supR3HardenedMonitor_LdrLoadDll: returns rcNt=0x0 hMod=00007fffa3f80000 'C:\Windows\system32\wbem\wbemprox.dll'
4570.3c2c: supR3HardNtViCallWinVerifyTrustCatFile: hFile=0000000000000cf4 pwszName=\Device\HarddiskVolume3\Windows\System32\wbem\wbemsvc.dll
4570.3c2c: supR3HardNtViCallWinVerifyTrustCatFile: Cached context 0000025ade19b7a0
4570.3c2c: supR3HardNtViCallWinVerifyTrustCatFile: hCatAdmin=0000025ade19b7a0
4570.3c2c: supR3HardNtViCallWinVerifyTrustCatFile: cbHash=20 wszDigest=10DECC71AA6705CB6D1AD977093355305A26F360
4570.3c2c: supR3HardenedMonitor_LdrLoadDll: returns rcNt=0x0 hMod=00007fffbdab0000 'C:\Windows\system32\rsaenh.dll'
4570.3c2c: supR3HardenedMonitor_LdrLoadDll: returns rcNt=0x0 hMod=00007fffbf130000 'C:\Windows\System32\crypt32.dll'
4570.3c2c: supR3HardNtViCallWinVerifyTrustCatFile: WinVerifyTrust => 0x0; cat='C:\Windows\system32\CatRoot\{F750E6C3-38EE-11D1-85E5-00C04FC295EE}\Microsoft-Windows-Client-Desktop-Required-Package0112~31bf3856ad364e35~amd64~~10.0.26100.8037.cat'; file='\Device\HarddiskVolume3\Windows\System32\wbem\wbemsvc.dll'
4570.3c2c: supR3HardNtViCallWinVerifyTrustCatFile -> 0 (org 22900)
4570.3c2c: supR3HardenedWinVerifyCacheScheduleImports: Import todo: #0 'msvcrt.dll'.
4570.3c2c: supR3HardenedWinVerifyCacheScheduleImports: Import todo: #1 'rpcrt4.dll'.
4570.3c2c: supHardenedWinVerifyImageByHandle: -> 0 (\Device\HarddiskVolume3\Windows\System32\wbem\wbemsvc.dll) WinVerifyTrust
4570.3c2c: supR3HardenedWinVerifyCacheInsert: \Device\HarddiskVolume3\Windows\System32\wbem\wbemsvc.dll
4570.3c2c: supR3HardenedWinVerifyCacheProcessImportTodos: Processing 'rpcrt4.dll'...
4570.3c2c: supR3HardenedWinVerifyCacheProcessImportTodos: 'rpcrt4.dll' -> '\Device\HarddiskVolume3\Windows\System32\rpcrt4.dll' [rcNtRedir=0xc0150008]
4570.3c2c: supR3HardenedWinVerifyCacheProcessImportTodos: Processing 'msvcrt.dll'...
4570.3c2c: supR3HardenedWinVerifyCacheProcessImportTodos: 'msvcrt.dll' -> '\Device\HarddiskVolume3\Windows\System32\msvcrt.dll' [rcNtRedir=0xc0150008]
4570.3c2c: supR3HardenedMonitor_LdrLoadDll: pName=C:\Windows\system32\wbem\wbemsvc.dll (rcNtResolve=0xc0150008) *pfFlags=0x0 pwszSearchPath=0000000000002009:<flags> [calling]
4570.3c2c: supR3HardenedScreenImage/NtCreateSection: cache hit (VINF_SUCCESS) on \Device\HarddiskVolume3\Windows\System32\wbem\wbemsvc.dll
4570.3c2c: supR3HardenedDllNotificationCallback: load   00007fffa3780000 LB 0x00015000 C:\Windows\system32\wbem\wbemsvc.dll [fFlags=0x0]
4570.3c2c: supR3HardenedScreenImage/LdrLoadDll: cache hit (VINF_SUCCESS) on \Device\HarddiskVolume3\Windows\System32\wbem\wbemsvc.dll
4570.3c2c: supR3HardenedMonitor_LdrLoadDll: returns rcNt=0x0 hMod=00007fffa3780000 'C:\Windows\system32\wbem\wbemsvc.dll'
4570.3c2c: supR3HardenedIsApiSetDll: ApiSetQueryApiSetPresence(api-ms-win-core-localization-l1-2-0.dll) -> 0x0, fPresent=1
4570.3c2c: supR3HardenedMonitor_LdrLoadDll: pName=api-ms-win-core-localization-l1-2-0.dll (rcNtResolve=0x0) *pfFlags=0x0 pwszSearchPath=0000000000000009:<flags> [calling]
4570.3c2c: supR3HardenedMonitor_LdrLoadDll: returns rcNt=0x0 hMod=00007fffbf400000 'api-ms-win-core-localization-l1-2-0.dll'
4570.3c2c: supR3HardenedIsApiSetDll: ApiSetQueryApiSetPresence(api-ms-win-core-localization-obsolete-l1-1-0.dll) -> 0x0, fPresent=1
4570.3c2c: supR3HardenedMonitor_LdrLoadDll: pName=api-ms-win-core-localization-obsolete-l1-1-0.dll (rcNtResolve=0x0) *pfFlags=0x0 pwszSearchPath=0000000000000009:<flags> [calling]
4570.3c2c: supR3HardenedMonitor_LdrLoadDll: returns rcNt=0x0 hMod=00007fffbf400000 'api-ms-win-core-localization-obsolete-l1-1-0.dll'
4570.3c2c: supR3HardNtViCallWinVerifyTrustCatFile: hFile=0000000000000c78 pwszName=\Device\HarddiskVolume3\Windows\System32\wbem\fastprox.dll
4570.3c2c: supR3HardNtViCallWinVerifyTrustCatFile: Cached context 0000025ade19b7a0
4570.3c2c: supR3HardNtViCallWinVerifyTrustCatFile: hCatAdmin=0000025ade19b7a0
4570.3c2c: supR3HardNtViCallWinVerifyTrustCatFile: cbHash=20 wszDigest=954DCCF7FA2DFE2B3A241D0FF595AE3F64D5A4B5
4570.3c2c: supR3HardenedMonitor_LdrLoadDll: returns rcNt=0x0 hMod=00007fffbdab0000 'C:\Windows\system32\rsaenh.dll'
4570.3c2c: supR3HardenedMonitor_LdrLoadDll: returns rcNt=0x0 hMod=00007fffbf130000 'C:\Windows\System32\crypt32.dll'
4570.3c2c: supR3HardNtViCallWinVerifyTrustCatFile: WinVerifyTrust => 0x0; cat='C:\Windows\system32\CatRoot\{F750E6C3-38EE-11D1-85E5-00C04FC295EE}\Microsoft-Windows-Client-Desktop-Required-Package0112~31bf3856ad364e35~amd64~~10.0.26100.8037.cat'; file='\Device\HarddiskVolume3\Windows\System32\wbem\fastprox.dll'
4570.3c2c: supR3HardNtViCallWinVerifyTrustCatFile -> 0 (org 22900)
4570.3c2c: supR3HardenedWinVerifyCacheScheduleImports: Import todo: #0 'msvcrt.dll'.
4570.3c2c: supR3HardenedWinVerifyCacheScheduleImports: Import todo: #20 'wbemcomn.dll'.
4570.3c2c: supHardenedWinVerifyImageByHandle: -> 0 (\Device\HarddiskVolume3\Windows\System32\wbem\fastprox.dll) WinVerifyTrust
4570.3c2c: supR3HardenedWinVerifyCacheInsert: \Device\HarddiskVolume3\Windows\System32\wbem\fastprox.dll
4570.3c2c: supR3HardenedWinVerifyCacheProcessImportTodos: Processing 'wbemcomn.dll'...
4570.3c2c: supR3HardenedWinVerifyCacheProcessImportTodos: 'wbemcomn.dll' -> '\Device\HarddiskVolume3\Windows\System32\wbemcomn.dll' [rcNtRedir=0xc0150008]
4570.3c2c: supR3HardenedScreenImage/Imports: cache hit (VINF_SUCCESS) on \Device\HarddiskVolume3\Windows\System32\wbemcomn.dll
4570.3c2c: supR3HardenedWinVerifyCacheProcessImportTodos: Processing 'msvcrt.dll'...
4570.3c2c: supR3HardenedWinVerifyCacheProcessImportTodos: 'msvcrt.dll' -> '\Device\HarddiskVolume3\Windows\System32\msvcrt.dll' [rcNtRedir=0xc0150008]
4570.3c2c: supR3HardenedMonitor_LdrLoadDll: pName=C:\Windows\system32\wbem\fastprox.dll (rcNtResolve=0xc0150008) *pfFlags=0x0 pwszSearchPath=0000000000002009:<flags> [calling]
4570.3c2c: supR3HardenedScreenImage/NtCreateSection: cache hit (VINF_SUCCESS) on \Device\HarddiskVolume3\Windows\System32\wbem\fastprox.dll
4570.3c2c: supR3HardenedDllNotificationCallback: load   00007fffa3800000 LB 0x000f0000 C:\Windows\system32\wbem\fastprox.dll [fFlags=0x0]
4570.3c2c: supR3HardenedScreenImage/LdrLoadDll: cache hit (VINF_SUCCESS) on \Device\HarddiskVolume3\Windows\System32\wbem\fastprox.dll
4570.3c2c: supR3HardenedMonitor_LdrLoadDll: returns rcNt=0x0 hMod=00007fffa3800000 'C:\Windows\system32\wbem\fastprox.dll'
4570.3c2c: supR3HardNtViCallWinVerifyTrustCatFile: hFile=0000000000000d70 pwszName=\Device\HarddiskVolume3\Windows\System32\amsi.dll
4570.3c2c: supR3HardNtViCallWinVerifyTrustCatFile: Cached context 0000025ade19b7a0
4570.3c2c: supR3HardNtViCallWinVerifyTrustCatFile: hCatAdmin=0000025ade19b7a0
4570.3c2c: supR3HardNtViCallWinVerifyTrustCatFile: cbHash=20 wszDigest=184D676080373693A88754BAB4C700D01D774483
4570.3c2c: supR3HardenedMonitor_LdrLoadDll: returns rcNt=0x0 hMod=00007fffbdab0000 'C:\Windows\system32\rsaenh.dll'
4570.3c2c: supR3HardenedMonitor_LdrLoadDll: returns rcNt=0x0 hMod=00007fffbf130000 'C:\Windows\System32\crypt32.dll'
4570.3c2c: supR3HardNtViCallWinVerifyTrustCatFile: WinVerifyTrust => 0x0; cat='C:\Windows\system32\CatRoot\{F750E6C3-38EE-11D1-85E5-00C04FC295EE}\Microsoft-Windows-Client-Desktop-Required-Package0510~31bf3856ad364e35~amd64~~10.0.26100.8037.cat'; file='\Device\HarddiskVolume3\Windows\System32\amsi.dll'
4570.3c2c: supR3HardNtViCallWinVerifyTrustCatFile -> 0 (org 22900)
4570.3c2c: supR3HardenedWinVerifyCacheScheduleImports: Import todo: #0 'msvcrt.dll'.
4570.3c2c: supR3HardenedWinVerifyCacheScheduleImports: Import todo: #15 'rpcrt4.dll'.
4570.3c2c: supHardenedWinVerifyImageByHandle: -> 0 (\Device\HarddiskVolume3\Windows\System32\amsi.dll) WinVerifyTrust
4570.3c2c: supR3HardenedWinVerifyCacheInsert: \Device\HarddiskVolume3\Windows\System32\amsi.dll
4570.3c2c: supR3HardenedWinVerifyCacheProcessImportTodos: Processing 'rpcrt4.dll'...
4570.3c2c: supR3HardenedWinVerifyCacheProcessImportTodos: 'rpcrt4.dll' -> '\Device\HarddiskVolume3\Windows\System32\rpcrt4.dll' [rcNtRedir=0xc0150008]
4570.3c2c: supR3HardenedWinVerifyCacheProcessImportTodos: Processing 'msvcrt.dll'...
4570.3c2c: supR3HardenedWinVerifyCacheProcessImportTodos: 'msvcrt.dll' -> '\Device\HarddiskVolume3\Windows\System32\msvcrt.dll' [rcNtRedir=0xc0150008]
4570.3c2c: supR3HardenedMonitor_LdrLoadDll: pName=C:\Windows\System32\amsi.dll (Input=amsi.dll, rcNtResolve=0xc0150008) *pfFlags=0x0 pwszSearchPath=0000000000000801:<flags> [calling]
4570.3c2c: supR3HardenedScreenImage/NtCreateSection: cache hit (VINF_SUCCESS) on \Device\HarddiskVolume3\Windows\System32\amsi.dll
4570.3c2c: supR3HardenedDllNotificationCallback: load   00007fffa0f40000 LB 0x0001d000 C:\Windows\System32\amsi.dll [fFlags=0x0]
4570.3c2c: supR3HardenedScreenImage/LdrLoadDll: cache hit (VINF_SUCCESS) on \Device\HarddiskVolume3\Windows\System32\amsi.dll
4570.3c2c: supR3HardenedMonitor_LdrLoadDll: returns rcNt=0x0 hMod=00007fffa0f40000 'C:\Windows\System32\amsi.dll'
4570.3c2c: supR3HardenedMonitor_LdrLoadDll: returns rcNt=0x0 hMod=00007fffbdab0000 'C:\Windows\system32\rsaenh.dll'
4570.3c2c: supR3HardenedMonitor_LdrLoadDll: returns rcNt=0x0 hMod=00007fffbf130000 'C:\Windows\System32\crypt32.dll'
4570.3c2c: supR3HardenedWinVerifyCacheScheduleImports: Import todo: #2 'advapi32.dll'.
4570.3c2c: supR3HardenedWinVerifyCacheScheduleImports: Import todo: #3 'oleaut32.dll'.
4570.3c2c: supR3HardenedWinVerifyCacheScheduleImports: Import todo: #4 'ole32.dll'.
4570.3c2c: supHardenedWinVerifyImageByHandle: -> 0 (\Device\HarddiskVolume3\ProgramData\Microsoft\Windows Defender\Platform\4.18.26030.3011-0\MpOAV.dll) WinVerifyTrust
4570.3c2c: supR3HardenedWinVerifyCacheInsert: \Device\HarddiskVolume3\ProgramData\Microsoft\Windows Defender\Platform\4.18.26030.3011-0\MpOAV.dll
4570.3c2c: supR3HardenedWinVerifyCacheProcessImportTodos: Processing 'ole32.dll'...
4570.3c2c: supR3HardenedWinVerifyCacheProcessImportTodos: 'ole32.dll' -> '\Device\HarddiskVolume3\Windows\System32\ole32.dll' [rcNtRedir=0xc0150008]
4570.3c2c: supR3HardenedWinVerifyCacheProcessImportTodos: Processing 'oleaut32.dll'...
4570.3c2c: supR3HardenedWinVerifyCacheProcessImportTodos: 'oleaut32.dll' -> '\Device\HarddiskVolume3\Windows\System32\oleaut32.dll' [rcNtRedir=0xc0150008]
4570.3c2c: supR3HardenedWinVerifyCacheProcessImportTodos: Processing 'advapi32.dll'...
4570.3c2c: supR3HardenedWinVerifyCacheProcessImportTodos: 'advapi32.dll' -> '\Device\HarddiskVolume3\Windows\System32\advapi32.dll' [rcNtRedir=0xc0150008]
4570.3c2c: supR3HardenedMonitor_LdrLoadDll: pName=C:\ProgramData\Microsoft\Windows Defender\Platform\4.18.26030.3011-0\MpOav.dll (rcNtResolve=0xc0150008) *pfFlags=0x0 pwszSearchPath=0000000000000001:<flags> [calling]
4570.3c2c: supR3HardenedScreenImage/NtCreateSection: cache hit (VINF_SUCCESS) on \Device\HarddiskVolume3\ProgramData\Microsoft\Windows Defender\Platform\4.18.26030.3011-0\MpOAV.dll
4570.3c2c: supR3HardenedDllNotificationCallback: load   00007fff7a020000 LB 0x000a2000 C:\ProgramData\Microsoft\Windows Defender\Platform\4.18.26030.3011-0\MpOav.dll [fFlags=0x0]
4570.3c2c: supR3HardenedScreenImage/LdrLoadDll: cache hit (VINF_SUCCESS) on \Device\HarddiskVolume3\ProgramData\Microsoft\Windows Defender\Platform\4.18.26030.3011-0\MpOAV.dll
4570.3c2c: supR3HardenedIsApiSetDll: ApiSetQueryApiSetPresence(api-ms-win-core-synch-l1-2-0) -> 0x0, fPresent=1
4570.3c2c: supR3HardenedMonitor_LdrLoadDll: pName=api-ms-win-core-synch-l1-2-0 (rcNtResolve=0x0) *pfFlags=0x0 pwszSearchPath=0000000000000801:<flags> [calling]
4570.3c2c: supR3HardenedMonitor_LdrLoadDll: returns rcNt=0x0 hMod=00007fffbf400000 'api-ms-win-core-synch-l1-2-0'
4570.3c2c: supR3HardenedIsApiSetDll: ApiSetQueryApiSetPresence(api-ms-win-core-fibers-l1-1-1) -> 0x0, fPresent=1
4570.3c2c: supR3HardenedMonitor_LdrLoadDll: pName=api-ms-win-core-fibers-l1-1-1 (rcNtResolve=0x0) *pfFlags=0x0 pwszSearchPath=0000000000000801:<flags> [calling]
4570.3c2c: supR3HardenedMonitor_LdrLoadDll: returns rcNt=0x0 hMod=00007fffbf400000 'api-ms-win-core-fibers-l1-1-1'
4570.3c2c: supR3HardenedIsApiSetDll: ApiSetQueryApiSetPresence(api-ms-win-core-fibers-l1-1-2) -> 0x0, fPresent=1
4570.3c2c: supR3HardenedMonitor_LdrLoadDll: pName=api-ms-win-core-fibers-l1-1-2 (rcNtResolve=0x0) *pfFlags=0x0 pwszSearchPath=0000000000000801:<flags> [calling]
4570.3c2c: supR3HardenedMonitor_LdrLoadDll: returns rcNt=0x0 hMod=00007fffbf400000 'api-ms-win-core-fibers-l1-1-2'
4570.3c2c: supR3HardenedMonitor_LdrLoadDll: returns rcNt=0x0 hMod=00007fffc0900000 'C:\Windows\System32\kernel32.dll'
4570.3c2c: supR3HardenedScreenImage/LdrLoadDll: cache hit (VINF_SUCCESS) on \Device\HarddiskVolume3\Windows\System32\version.dll
4570.3c2c: supR3HardenedMonitor_LdrLoadDll: pName=C:\Windows\system32\version.dll (rcNtResolve=0xc0150008) *pfFlags=0x0 pwszSearchPath=0000000000000009:<flags> [calling]
4570.3c2c: supR3HardenedMonitor_LdrLoadDll: returns rcNt=0x0 hMod=00007fffb00f0000 'C:\Windows\system32\version.dll'
4570.3c2c: supR3HardenedMonitor_LdrLoadDll: returns rcNt=0x0 hMod=00007fff7a020000 'C:\ProgramData\Microsoft\Windows Defender\Platform\4.18.26030.3011-0\MpOav.dll'
4570.6778: supR3HardenedMonitor_LdrLoadDll: returns rcNt=0x0 hMod=00007fffc12d0000 'C:\Windows\system32\ole32.dll'
4570.4e80: supR3HardenedMonitor_LdrLoadDll: returns rcNt=0x0 hMod=00007fffc12d0000 'C:\Windows\system32\ole32.dll'
4570.6778: supR3HardenedMonitor_LdrLoadDll: returns rcNt=0x0 hMod=00007fffbdab0000 'C:\Windows\system32\rsaenh.dll'
4570.6778: supR3HardenedMonitor_LdrLoadDll: returns rcNt=0x0 hMod=00007fffbf130000 'C:\Windows\System32\crypt32.dll'
4570.5ac: supR3HardenedMonitor_LdrLoadDll: returns rcNt=0x0 hMod=00007fffbdab0000 'C:\Windows\system32\rsaenh.dll'
4570.5ac: supR3HardenedMonitor_LdrLoadDll: returns rcNt=0x0 hMod=00007fffbf130000 'C:\Windows\System32\crypt32.dll'
4570.5ac: supR3HardenedWinVerifyCacheScheduleImports: Import todo: #0 'vboxrt.dll'.
4570.5ac: supR3HardenedWinVerifyCacheScheduleImports: Import todo: #3 'user32.dll'.
4570.5ac: supR3HardenedWinVerifyCacheScheduleImports: Import todo: #4 'shell32.dll'.
4570.5ac: supR3HardenedWinVerifyCacheScheduleImports: Import todo: #5 'ole32.dll'.
4570.5ac: supR3HardenedWinVerifyCacheScheduleImports: Import todo: #6 'vcruntime140.dll'.
4570.5ac: supR3HardenedWinVerifyCacheScheduleImports: Import todo: #7 'vcruntime140_1.dll'.
4570.5ac: supR3HardenedWinVerifyCacheScheduleImports: Import todo: #8 'msvcp140.dll'.
4570.5ac: supHardenedWinVerifyImageByHandle: -> 0 (\Device\HarddiskVolume4\VBox\VBoxSharedClipboard.dll) WinVerifyTrust
4570.5ac: supR3HardenedWinVerifyCacheInsert: \Device\HarddiskVolume4\VBox\VBoxSharedClipboard.dll
4570.5ac: supR3HardenedWinVerifyCacheProcessImportTodos: Processing 'msvcp140.dll'...
4570.5ac: supR3HardenedWinVerifyCacheProcessImportTodos: 'msvcp140.dll' -> '\Device\HarddiskVolume3\Windows\System32\msvcp140.dll' [rcNtRedir=0xc0150008]
4570.5ac: supR3HardenedScreenImage/Imports: cache hit (VINF_SUCCESS) on \Device\HarddiskVolume3\Windows\System32\msvcp140.dll
4570.5ac: supR3HardenedWinVerifyCacheProcessImportTodos: Processing 'vcruntime140_1.dll'...
4570.5ac: supR3HardenedWinVerifyCacheProcessImportTodos: 'vcruntime140_1.dll' -> '\Device\HarddiskVolume3\Windows\System32\vcruntime140_1.dll' [rcNtRedir=0xc0150008]
4570.5ac: supR3HardenedWinVerifyCacheProcessImportTodos: Processing 'vcruntime140.dll'...
4570.5ac: supR3HardenedWinVerifyCacheProcessImportTodos: 'vcruntime140.dll' -> '\Device\HarddiskVolume3\Windows\System32\vcruntime140.dll' [rcNtRedir=0xc0150008]
4570.5ac: supR3HardenedWinVerifyCacheProcessImportTodos: Processing 'ole32.dll'...
4570.5ac: supR3HardenedWinVerifyCacheProcessImportTodos: 'ole32.dll' -> '\Device\HarddiskVolume3\Windows\System32\ole32.dll' [rcNtRedir=0xc0150008]
4570.5ac: supR3HardenedWinVerifyCacheProcessImportTodos: Processing 'shell32.dll'...
4570.5ac: supR3HardenedWinVerifyCacheProcessImportTodos: 'shell32.dll' -> '\Device\HarddiskVolume3\Windows\System32\shell32.dll' [rcNtRedir=0xc0150008]
4570.5ac: supR3HardenedScreenImage/Imports: cache hit (VINF_SUCCESS) on \Device\HarddiskVolume3\Windows\System32\shell32.dll
4570.5ac: supR3HardenedWinVerifyCacheProcessImportTodos: Processing 'user32.dll'...
4570.5ac: supR3HardenedWinVerifyCacheProcessImportTodos: 'user32.dll' -> '\Device\HarddiskVolume3\Windows\System32\user32.dll' [rcNtRedir=0xc0150008]
4570.5ac: supR3HardenedWinVerifyCacheProcessImportTodos: Processing 'vboxrt.dll'...
4570.5ac: supR3HardenedWinVerifyCacheProcessImportTodos: 'vboxrt.dll' -> '\Device\HarddiskVolume4\VBox\vboxrt.dll' [rcNtRedir=0xc0150008]
4570.5ac: supR3HardenedMonitor_LdrLoadDll: pName=D:\VBox\VBoxSharedClipboard.DLL (rcNtResolve=0xc0150008) *pfFlags=0x0 pwszSearchPath=0000000000000001:<flags> [calling]
4570.5ac: supR3HardenedScreenImage/NtCreateSection: cache hit (VINF_SUCCESS) on \Device\HarddiskVolume4\VBox\VBoxSharedClipboard.dll
4570.5ac: supR3HardenedDllNotificationCallback: load   00007fff58740000 LB 0x00022000 D:\VBox\VBoxSharedClipboard.DLL [fFlags=0x0]
4570.5ac: supR3HardenedScreenImage/LdrLoadDll: cache hit (VINF_SUCCESS) on \Device\HarddiskVolume4\VBox\VBoxSharedClipboard.dll
4570.5ac: supR3HardenedMonitor_LdrLoadDll: returns rcNt=0x0 hMod=00007fff58740000 'D:\VBox\VBoxSharedClipboard.DLL'
4570.6afc: supR3HardenedMonitor_LdrLoadDll: returns rcNt=0x0 hMod=00007fffbdab0000 'C:\Windows\system32\rsaenh.dll'
4570.6afc: supR3HardenedMonitor_LdrLoadDll: returns rcNt=0x0 hMod=00007fffbf130000 'C:\Windows\System32\crypt32.dll'
4570.6afc: supR3HardenedWinVerifyCacheScheduleImports: Import todo: #0 'vboxrt.dll'.
4570.6afc: supR3HardenedWinVerifyCacheScheduleImports: Import todo: #2 'vcruntime140.dll'.
4570.6afc: supR3HardenedWinVerifyCacheScheduleImports: Import todo: #3 'vcruntime140_1.dll'.
4570.6afc: supR3HardenedWinVerifyCacheScheduleImports: Import todo: #4 'msvcp140.dll'.
4570.6afc: supHardenedWinVerifyImageByHandle: -> 0 (\Device\HarddiskVolume4\VBox\VBoxDragAndDropSvc.dll) WinVerifyTrust
4570.6afc: supR3HardenedWinVerifyCacheInsert: \Device\HarddiskVolume4\VBox\VBoxDragAndDropSvc.dll
4570.6afc: supR3HardenedWinVerifyCacheProcessImportTodos: Processing 'msvcp140.dll'...
4570.6afc: supR3HardenedWinVerifyCacheProcessImportTodos: 'msvcp140.dll' -> '\Device\HarddiskVolume3\Windows\System32\msvcp140.dll' [rcNtRedir=0xc0150008]
4570.6afc: supR3HardenedWinVerifyCacheProcessImportTodos: Processing 'vcruntime140_1.dll'...
4570.6afc: supR3HardenedWinVerifyCacheProcessImportTodos: 'vcruntime140_1.dll' -> '\Device\HarddiskVolume3\Windows\System32\vcruntime140_1.dll' [rcNtRedir=0xc0150008]
4570.6afc: supR3HardenedScreenImage/Imports: cache hit (VINF_SUCCESS) on \Device\HarddiskVolume3\Windows\System32\vcruntime140_1.dll
4570.6afc: supR3HardenedWinVerifyCacheProcessImportTodos: Processing 'vcruntime140.dll'...
4570.6afc: supR3HardenedWinVerifyCacheProcessImportTodos: 'vcruntime140.dll' -> '\Device\HarddiskVolume3\Windows\System32\vcruntime140.dll' [rcNtRedir=0xc0150008]
4570.6afc: supR3HardenedWinVerifyCacheProcessImportTodos: Processing 'vboxrt.dll'...
4570.6afc: supR3HardenedWinVerifyCacheProcessImportTodos: 'vboxrt.dll' -> '\Device\HarddiskVolume4\VBox\vboxrt.dll' [rcNtRedir=0xc0150008]
4570.6afc: supR3HardenedMonitor_LdrLoadDll: pName=D:\VBox\VBoxDragAndDropSvc.DLL (rcNtResolve=0xc0150008) *pfFlags=0x0 pwszSearchPath=0000000000000001:<flags> [calling]
4570.6afc: supR3HardenedScreenImage/NtCreateSection: cache hit (VINF_SUCCESS) on \Device\HarddiskVolume4\VBox\VBoxDragAndDropSvc.dll
4570.6afc: supR3HardenedDllNotificationCallback: load   00007fff760a0000 LB 0x0000d000 D:\VBox\VBoxDragAndDropSvc.DLL [fFlags=0x0]
4570.6afc: supR3HardenedScreenImage/LdrLoadDll: cache hit (VINF_SUCCESS) on \Device\HarddiskVolume4\VBox\VBoxDragAndDropSvc.dll
4570.6afc: supR3HardenedMonitor_LdrLoadDll: returns rcNt=0x0 hMod=00007fff760a0000 'D:\VBox\VBoxDragAndDropSvc.DLL'
4570.6778: supR3HardenedMonitor_LdrLoadDll: returns rcNt=0x0 hMod=00007fffc17e0000 'C:\Windows\system32\Shell32.dll'
4570.6778: supR3HardenedMonitor_LdrLoadDll: returns rcNt=0x0 hMod=00007fffbdab0000 'C:\Windows\system32\rsaenh.dll'
4570.6778: supR3HardenedMonitor_LdrLoadDll: returns rcNt=0x0 hMod=00007fffbf130000 'C:\Windows\System32\crypt32.dll'
4570.6778: supR3HardenedMonitor_LdrLoadDll: returns rcNt=0x0 hMod=00007fffbdab0000 'C:\Windows\system32\rsaenh.dll'
4570.6778: supR3HardenedMonitor_LdrLoadDll: returns rcNt=0x0 hMod=00007fffbf130000 'C:\Windows\System32\crypt32.dll'
4570.6778: supR3HardenedWinVerifyCacheScheduleImports: Import todo: #0 'vboxrt.dll'.
4570.6778: supR3HardenedWinVerifyCacheScheduleImports: Import todo: #1 'vboxddu.dll'.
4570.6778: supR3HardenedWinVerifyCacheScheduleImports: Import todo: #2 'vboxdd2.dll'.
4570.6778: supR3HardenedWinVerifyCacheScheduleImports: Import todo: #4 'user32.dll'.
4570.6778: supR3HardenedWinVerifyCacheScheduleImports: Import todo: #5 'setupapi.dll'.
4570.6778: supR3HardenedWinVerifyCacheScheduleImports: Import todo: #6 'ws2_32.dll'.
4570.6778: supR3HardenedWinVerifyCacheScheduleImports: Import todo: #7 'ole32.dll'.
4570.6778: supR3HardenedWinVerifyCacheScheduleImports: Import todo: #8 'oleaut32.dll'.
4570.6778: supR3HardenedWinVerifyCacheScheduleImports: Import todo: #9 'iphlpapi.dll'.
4570.6778: supR3HardenedWinVerifyCacheScheduleImports: Import todo: #21 'vcruntime140.dll'.
4570.6778: supR3HardenedWinVerifyCacheScheduleImports: Import todo: #22 'vcruntime140_1.dll'.
4570.6778: supHardenedWinVerifyImageByHandle: -> 0 (\Device\HarddiskVolume4\VBox\VBoxDD.dll) WinVerifyTrust
4570.6778: supR3HardenedWinVerifyCacheInsert: \Device\HarddiskVolume4\VBox\VBoxDD.dll
4570.6778: supR3HardenedWinVerifyCacheProcessImportTodos: Processing 'vcruntime140_1.dll'...
4570.6778: supR3HardenedWinVerifyCacheProcessImportTodos: 'vcruntime140_1.dll' -> '\Device\HarddiskVolume3\Windows\System32\vcruntime140_1.dll' [rcNtRedir=0xc0150008]
4570.6778: supR3HardenedWinVerifyCacheProcessImportTodos: Processing 'vcruntime140.dll'...
4570.6778: supR3HardenedWinVerifyCacheProcessImportTodos: 'vcruntime140.dll' -> '\Device\HarddiskVolume3\Windows\System32\vcruntime140.dll' [rcNtRedir=0xc0150008]
4570.6778: supR3HardenedWinVerifyCacheProcessImportTodos: Processing 'iphlpapi.dll'...
4570.6778: supR3HardenedWinVerifyCacheProcessImportTodos: 'iphlpapi.dll' -> '\Device\HarddiskVolume3\Windows\System32\iphlpapi.dll' [rcNtRedir=0xc0150008]
4570.6778: supR3HardenedMonitor_LdrLoadDll: returns rcNt=0x0 hMod=00007fffbdab0000 'C:\Windows\system32\rsaenh.dll'
4570.6778: supR3HardenedMonitor_LdrLoadDll: returns rcNt=0x0 hMod=00007fffbf130000 'C:\Windows\System32\crypt32.dll'
4570.6778: supHardenedWinVerifyImageByHandle: -> 0 (\Device\HarddiskVolume3\Windows\System32\IPHLPAPI.DLL) WinVerifyTrust
4570.6778: supR3HardenedWinVerifyCacheInsert: \Device\HarddiskVolume3\Windows\System32\IPHLPAPI.DLL
4570.6778: supR3HardenedWinVerifyCacheProcessImportTodos: Processing 'oleaut32.dll'...
4570.6778: supR3HardenedWinVerifyCacheProcessImportTodos: 'oleaut32.dll' -> '\Device\HarddiskVolume3\Windows\System32\oleaut32.dll' [rcNtRedir=0xc0150008]
4570.6778: supR3HardenedWinVerifyCacheProcessImportTodos: Processing 'ole32.dll'...
4570.6778: supR3HardenedWinVerifyCacheProcessImportTodos: 'ole32.dll' -> '\Device\HarddiskVolume3\Windows\System32\ole32.dll' [rcNtRedir=0xc0150008]
4570.6778: supR3HardenedScreenImage/Imports: cache hit (VINF_SUCCESS) on \Device\HarddiskVolume3\Windows\System32\ole32.dll
4570.6778: supR3HardenedWinVerifyCacheProcessImportTodos: Processing 'ws2_32.dll'...
4570.6778: supR3HardenedWinVerifyCacheProcessImportTodos: 'ws2_32.dll' -> '\Device\HarddiskVolume3\Windows\System32\ws2_32.dll' [rcNtRedir=0xc0150008]
4570.6778: supR3HardenedScreenImage/Imports: cache hit (VINF_SUCCESS) on \Device\HarddiskVolume3\Windows\System32\ws2_32.dll
4570.6778: supR3HardenedWinVerifyCacheProcessImportTodos: Processing 'setupapi.dll'...
4570.6778: supR3HardenedWinVerifyCacheProcessImportTodos: 'setupapi.dll' -> '\Device\HarddiskVolume3\Windows\System32\setupapi.dll' [rcNtRedir=0xc0150008]
4570.6778: supR3HardenedScreenImage/Imports: cache hit (VINF_SUCCESS) on \Device\HarddiskVolume3\Windows\System32\setupapi.dll
4570.6778: supR3HardenedWinVerifyCacheProcessImportTodos: Processing 'user32.dll'...
4570.6778: supR3HardenedWinVerifyCacheProcessImportTodos: 'user32.dll' -> '\Device\HarddiskVolume3\Windows\System32\user32.dll' [rcNtRedir=0xc0150008]
4570.6778: supR3HardenedWinVerifyCacheProcessImportTodos: Processing 'vboxdd2.dll'...
4570.6778: supR3HardenedWinVerifyCacheProcessImportTodos: 'vboxdd2.dll' -> '\Device\HarddiskVolume4\VBox\vboxdd2.dll' [rcNtRedir=0xc0150008]
4570.6778: supR3HardenedMonitor_LdrLoadDll: returns rcNt=0x0 hMod=00007fffbdab0000 'C:\Windows\system32\rsaenh.dll'
4570.6778: supR3HardenedMonitor_LdrLoadDll: returns rcNt=0x0 hMod=00007fffbf130000 'C:\Windows\System32\crypt32.dll'
4570.6778: supR3HardenedWinVerifyCacheScheduleImports: Import todo: #0 'vboxrt.dll'.
4570.6778: supR3HardenedWinVerifyCacheScheduleImports: Import todo: #3 'vcruntime140.dll'.
4570.6778: supHardenedWinVerifyImageByHandle: -> 0 (\Device\HarddiskVolume4\VBox\VBoxDD2.dll) WinVerifyTrust
4570.6778: supR3HardenedWinVerifyCacheInsert: \Device\HarddiskVolume4\VBox\VBoxDD2.dll
4570.6778: supR3HardenedWinVerifyCacheProcessImportTodos: Processing 'vboxddu.dll'...
4570.6778: supR3HardenedWinVerifyCacheProcessImportTodos: 'vboxddu.dll' -> '\Device\HarddiskVolume4\VBox\vboxddu.dll' [rcNtRedir=0xc0150008]
4570.6778: supR3HardenedWinVerifyCacheProcessImportTodos: Processing 'vcruntime140.dll'...
4570.6778: supR3HardenedWinVerifyCacheProcessImportTodos: 'vcruntime140.dll' -> '\Device\HarddiskVolume3\Windows\System32\vcruntime140.dll' [rcNtRedir=0xc0150008]
4570.6778: supR3HardenedWinVerifyCacheProcessImportTodos: Processing 'vboxrt.dll'...
4570.6778: supR3HardenedWinVerifyCacheProcessImportTodos: 'vboxrt.dll' -> '\Device\HarddiskVolume4\VBox\vboxrt.dll' [rcNtRedir=0xc0150008]
4570.6778: supR3HardenedMonitor_LdrLoadDll: returns rcNt=0x0 hMod=00007fffbdab0000 'C:\Windows\system32\rsaenh.dll'
4570.6778: supR3HardenedMonitor_LdrLoadDll: returns rcNt=0x0 hMod=00007fffbf130000 'C:\Windows\System32\crypt32.dll'
4570.6778: supR3HardenedWinVerifyCacheScheduleImports: Import todo: #0 'vboxrt.dll'.
4570.6778: supR3HardenedWinVerifyCacheScheduleImports: Import todo: #2 'user32.dll'.
4570.6778: supR3HardenedWinVerifyCacheScheduleImports: Import todo: #3 'setupapi.dll'.
4570.6778: supR3HardenedWinVerifyCacheScheduleImports: Import todo: #5 'vcruntime140.dll'.
4570.6778: supR3HardenedWinVerifyCacheScheduleImports: Import todo: #6 'advapi32.dll'.
4570.6778: supHardenedWinVerifyImageByHandle: -> 0 (\Device\HarddiskVolume4\VBox\VBoxDDU.dll) WinVerifyTrust
4570.6778: supR3HardenedWinVerifyCacheInsert: \Device\HarddiskVolume4\VBox\VBoxDDU.dll
4570.6778: supR3HardenedWinVerifyCacheProcessImportTodos: Processing 'vboxrt.dll'...
4570.6778: supR3HardenedWinVerifyCacheProcessImportTodos: 'vboxrt.dll' -> '\Device\HarddiskVolume4\VBox\vboxrt.dll' [rcNtRedir=0xc0150008]
4570.6778: supR3HardenedWinVerifyCacheProcessImportTodos: Processing 'advapi32.dll'...
4570.6778: supR3HardenedWinVerifyCacheProcessImportTodos: 'advapi32.dll' -> '\Device\HarddiskVolume3\Windows\System32\advapi32.dll' [rcNtRedir=0xc0150008]
4570.6778: supR3HardenedWinVerifyCacheProcessImportTodos: Processing 'vcruntime140.dll'...
4570.6778: supR3HardenedWinVerifyCacheProcessImportTodos: 'vcruntime140.dll' -> '\Device\HarddiskVolume3\Windows\System32\vcruntime140.dll' [rcNtRedir=0xc0150008]
4570.6778: supR3HardenedWinVerifyCacheProcessImportTodos: Processing 'setupapi.dll'...
4570.6778: supR3HardenedWinVerifyCacheProcessImportTodos: 'setupapi.dll' -> '\Device\HarddiskVolume3\Windows\System32\setupapi.dll' [rcNtRedir=0xc0150008]
4570.6778: supR3HardenedScreenImage/Imports: cache hit (VINF_SUCCESS) on \Device\HarddiskVolume3\Windows\System32\setupapi.dll
4570.6778: supR3HardenedWinVerifyCacheProcessImportTodos: Processing 'user32.dll'...
4570.6778: supR3HardenedWinVerifyCacheProcessImportTodos: 'user32.dll' -> '\Device\HarddiskVolume3\Windows\System32\user32.dll' [rcNtRedir=0xc0150008]
4570.6778: supR3HardenedWinVerifyCacheProcessImportTodos: Processing 'vboxrt.dll'...
4570.6778: supR3HardenedWinVerifyCacheProcessImportTodos: 'vboxrt.dll' -> '\Device\HarddiskVolume4\VBox\vboxrt.dll' [rcNtRedir=0xc0150008]
4570.6778: supR3HardenedMonitor_LdrLoadDll: pName=D:\VBox\VBoxDD.DLL (rcNtResolve=0xc0150008) *pfFlags=0x0 pwszSearchPath=0000000000000001:<flags> [calling]
4570.6778: supR3HardenedScreenImage/NtCreateSection: cache hit (VINF_SUCCESS) on \Device\HarddiskVolume4\VBox\VBoxDD.dll
4570.6778: supR3HardenedScreenImage/NtCreateSection: cache hit (VINF_SUCCESS) on \Device\HarddiskVolume4\VBox\VBoxDDU.dll
4570.6778: supR3HardenedScreenImage/NtCreateSection: cache hit (VINF_SUCCESS) on \Device\HarddiskVolume4\VBox\VBoxDD2.dll
4570.6778: supR3HardenedScreenImage/NtCreateSection: cache hit (VINF_SUCCESS) on \Device\HarddiskVolume3\Windows\System32\IPHLPAPI.DLL
4570.6778: supR3HardenedDllNotificationCallback: load   00007fff860c0000 LB 0x00073000 D:\VBox\VBoxDDU.dll [fFlags=0x0]
4570.6778: supR3HardenedScreenImage/LdrLoadDll: cache hit (VINF_SUCCESS) on \Device\HarddiskVolume4\VBox\VBoxDDU.dll
4570.6778: supR3HardenedDllNotificationCallback: load   00007ffeee9a0000 LB 0x00e5e000 D:\VBox\VBoxDD2.dll [fFlags=0x0]
4570.6778: supR3HardenedScreenImage/LdrLoadDll: cache hit (VINF_SUCCESS) on \Device\HarddiskVolume4\VBox\VBoxDD2.dll
4570.6778: supR3HardenedDllNotificationCallback: load   00007fffbd610000 LB 0x00033000 C:\Windows\SYSTEM32\IPHLPAPI.DLL [fFlags=0x0]
4570.6778: supR3HardenedScreenImage/LdrLoadDll: cache hit (VINF_SUCCESS) on \Device\HarddiskVolume3\Windows\System32\IPHLPAPI.DLL
4570.6778: supR3HardenedDllNotificationCallback: load   00007fff01250000 LB 0x00ae2000 D:\VBox\VBoxDD.DLL [fFlags=0x0]
4570.6778: supR3HardenedScreenImage/LdrLoadDll: cache hit (VINF_SUCCESS) on \Device\HarddiskVolume4\VBox\VBoxDD.dll
4570.6778: supR3HardenedMonitor_LdrLoadDll: returns rcNt=0x0 hMod=00007fff01250000 'D:\VBox\VBoxDD.DLL'
4570.6778: supR3HardenedMonitor_LdrLoadDll: returns rcNt=0x0 hMod=00007fffbdab0000 'C:\Windows\system32\rsaenh.dll'
4570.6778: supR3HardenedScreenImage/LdrLoadDll: cache hit (VINF_SUCCESS) on \Device\HarddiskVolume3\Windows\System32\crypt32.dll
4570.6778: supR3HardenedMonitor_LdrLoadDll: pName=C:\Windows\System32\crypt32.dll (Input=crypt32.dll, rcNtResolve=0xc0150008) *pfFlags=0x0 pwszSearchPath=0000000000000001:<flags> [calling]
4570.6778: supR3HardenedMonitor_LdrLoadDll: returns rcNt=0x0 hMod=00007fffbf130000 'C:\Windows\System32\crypt32.dll'
4570.6778: supR3HardenedScreenImage/LdrLoadDll: cache hit (VINF_SUCCESS) on \Device\HarddiskVolume4\VBox\VBoxC.dll
4570.6778: supR3HardenedMonitor_LdrLoadDll: pName=D:\VBox\VBoxC.DLL (rcNtResolve=0xc0150008) *pfFlags=0x0 pwszSearchPath=0000000000000001:<flags> [calling]
4570.6778: supR3HardenedMonitor_LdrLoadDll: returns rcNt=0x0 hMod=00007fff0aad0000 'D:\VBox\VBoxC.DLL'
4570.6778: supR3HardenedMonitor_LdrLoadDll: returns rcNt=0x0 hMod=00007fffbdab0000 'C:\Windows\system32\rsaenh.dll'
4570.6778: supR3HardenedMonitor_LdrLoadDll: returns rcNt=0x0 hMod=00007fffbf130000 'C:\Windows\System32\crypt32.dll'
4570.6778: supR3HardenedScreenImage/LdrLoadDll: cache hit (VINF_SUCCESS) on \Device\HarddiskVolume4\VBox\VBoxDD2.dll
4570.6778: supR3HardenedMonitor_LdrLoadDll: pName=D:\VBox\VBoxDD2.DLL (rcNtResolve=0xc0150008) *pfFlags=0x0 pwszSearchPath=0000000000000001:<flags> [calling]
4570.6778: supR3HardenedMonitor_LdrLoadDll: returns rcNt=0x0 hMod=00007ffeee9a0000 'D:\VBox\VBoxDD2.DLL'
4570.6778: supR3HardenedMonitor_LdrLoadDll: returns rcNt=0x0 hMod=00007fffbdab0000 'C:\Windows\system32\rsaenh.dll'
4570.6778: supR3HardenedMonitor_LdrLoadDll: returns rcNt=0x0 hMod=00007fffbf130000 'C:\Windows\System32\crypt32.dll'
4570.68b0: supR3HardenedMonitor_LdrLoadDll: returns rcNt=0x0 hMod=00007fffbdab0000 'C:\Windows\system32\rsaenh.dll'
4570.68b0: supR3HardenedMonitor_LdrLoadDll: returns rcNt=0x0 hMod=00007fffbf130000 'C:\Windows\System32\crypt32.dll'
4570.68b0: supR3HardenedWinVerifyCacheScheduleImports: Import todo: #0 'vboxrt.dll'.
4570.68b0: supR3HardenedWinVerifyCacheScheduleImports: Import todo: #1 'vcruntime140.dll'.
4570.68b0: supHardenedWinVerifyImageByHandle: -> 0 (\Device\HarddiskVolume4\VBox\VBoxSharedFolders.dll) WinVerifyTrust
4570.68b0: supR3HardenedWinVerifyCacheInsert: \Device\HarddiskVolume4\VBox\VBoxSharedFolders.dll
4570.68b0: supR3HardenedWinVerifyCacheProcessImportTodos: Processing 'vcruntime140.dll'...
4570.68b0: supR3HardenedWinVerifyCacheProcessImportTodos: 'vcruntime140.dll' -> '\Device\HarddiskVolume3\Windows\System32\vcruntime140.dll' [rcNtRedir=0xc0150008]
4570.68b0: supR3HardenedWinVerifyCacheProcessImportTodos: Processing 'vboxrt.dll'...
4570.68b0: supR3HardenedWinVerifyCacheProcessImportTodos: 'vboxrt.dll' -> '\Device\HarddiskVolume4\VBox\vboxrt.dll' [rcNtRedir=0xc0150008]
4570.68b0: supR3HardenedMonitor_LdrLoadDll: pName=D:\VBox\VBoxSharedFolders.DLL (rcNtResolve=0xc0150008) *pfFlags=0x0 pwszSearchPath=0000000000000001:<flags> [calling]
4570.68b0: supR3HardenedScreenImage/NtCreateSection: cache hit (VINF_SUCCESS) on \Device\HarddiskVolume4\VBox\VBoxSharedFolders.dll
4570.68b0: supR3HardenedDllNotificationCallback: load   00007fff58720000 LB 0x00014000 D:\VBox\VBoxSharedFolders.DLL [fFlags=0x0]
4570.68b0: supR3HardenedScreenImage/LdrLoadDll: cache hit (VINF_SUCCESS) on \Device\HarddiskVolume4\VBox\VBoxSharedFolders.dll
4570.68b0: supR3HardenedMonitor_LdrLoadDll: returns rcNt=0x0 hMod=00007fff58720000 'D:\VBox\VBoxSharedFolders.DLL'
4570.c88: supR3HardenedScreenImage/LdrLoadDll: cache hit (VINF_SUCCESS) on \Device\HarddiskVolume3\Windows\System32\rsaenh.dll
4570.c88: supR3HardenedMonitor_LdrLoadDll: pName=C:\Windows\system32\rsaenh.dll (rcNtResolve=0xc0150008) *pfFlags=0x0 pwszSearchPath=0000000000000001:<flags> [calling]
4570.c88: supR3HardenedMonitor_LdrLoadDll: returns rcNt=0x0 hMod=00007fffbdab0000 'C:\Windows\system32\rsaenh.dll'
4570.c88: supR3HardenedMonitor_LdrLoadDll: returns rcNt=0x0 hMod=00007fffbf130000 'C:\Windows\System32\crypt32.dll'
4570.c88: supR3HardenedWinVerifyCacheScheduleImports: Import todo: #0 'vboxrt.dll'.
4570.c88: supR3HardenedWinVerifyCacheScheduleImports: Import todo: #2 'vcruntime140.dll'.
4570.c88: supR3HardenedWinVerifyCacheScheduleImports: Import todo: #3 'vcruntime140_1.dll'.
4570.c88: supR3HardenedWinVerifyCacheScheduleImports: Import todo: #4 'msvcp140.dll'.
4570.c88: supHardenedWinVerifyImageByHandle: -> 0 (\Device\HarddiskVolume4\VBox\VBoxGuestControlSvc.dll) WinVerifyTrust
4570.c88: supR3HardenedWinVerifyCacheInsert: \Device\HarddiskVolume4\VBox\VBoxGuestControlSvc.dll
4570.c88: supR3HardenedWinVerifyCacheProcessImportTodos: Processing 'msvcp140.dll'...
4570.c88: supR3HardenedWinVerifyCacheProcessImportTodos: 'msvcp140.dll' -> '\Device\HarddiskVolume3\Windows\System32\msvcp140.dll' [rcNtRedir=0xc0150008]
4570.c88: supR3HardenedWinVerifyCacheProcessImportTodos: Processing 'vcruntime140_1.dll'...
4570.c88: supR3HardenedWinVerifyCacheProcessImportTodos: 'vcruntime140_1.dll' -> '\Device\HarddiskVolume3\Windows\System32\vcruntime140_1.dll' [rcNtRedir=0xc0150008]
4570.c88: supR3HardenedWinVerifyCacheProcessImportTodos: Processing 'vcruntime140.dll'...
4570.c88: supR3HardenedWinVerifyCacheProcessImportTodos: 'vcruntime140.dll' -> '\Device\HarddiskVolume3\Windows\System32\vcruntime140.dll' [rcNtRedir=0xc0150008]
4570.c88: supR3HardenedWinVerifyCacheProcessImportTodos: Processing 'vboxrt.dll'...
4570.c88: supR3HardenedWinVerifyCacheProcessImportTodos: 'vboxrt.dll' -> '\Device\HarddiskVolume4\VBox\vboxrt.dll' [rcNtRedir=0xc0150008]
4570.c88: supR3HardenedMonitor_LdrLoadDll: pName=D:\VBox\VBoxGuestControlSvc.DLL (rcNtResolve=0xc0150008) *pfFlags=0x0 pwszSearchPath=0000000000000001:<flags> [calling]
4570.c88: supR3HardenedScreenImage/NtCreateSection: cache hit (VINF_SUCCESS) on \Device\HarddiskVolume4\VBox\VBoxGuestControlSvc.dll
4570.c88: supR3HardenedDllNotificationCallback: load   00007fff62ea0000 LB 0x0000c000 D:\VBox\VBoxGuestControlSvc.DLL [fFlags=0x0]
4570.c88: supR3HardenedScreenImage/LdrLoadDll: cache hit (VINF_SUCCESS) on \Device\HarddiskVolume4\VBox\VBoxGuestControlSvc.dll
4570.c88: supR3HardenedMonitor_LdrLoadDll: returns rcNt=0x0 hMod=00007fff62ea0000 'D:\VBox\VBoxGuestControlSvc.DLL'
4570.385c: supR3HardenedMonitor_LdrLoadDll: returns rcNt=0x0 hMod=00007fffbdab0000 'C:\Windows\system32\rsaenh.dll'
4570.385c: supR3HardenedMonitor_LdrLoadDll: returns rcNt=0x0 hMod=00007fffbf130000 'C:\Windows\System32\crypt32.dll'
4570.385c: supR3HardenedWinVerifyCacheScheduleImports: Import todo: #0 'vboxrt.dll'.
4570.385c: supR3HardenedWinVerifyCacheScheduleImports: Import todo: #2 'vcruntime140.dll'.
4570.385c: supR3HardenedWinVerifyCacheScheduleImports: Import todo: #3 'vcruntime140_1.dll'.
4570.385c: supR3HardenedWinVerifyCacheScheduleImports: Import todo: #4 'msvcp140.dll'.
4570.385c: supHardenedWinVerifyImageByHandle: -> 0 (\Device\HarddiskVolume4\VBox\VBoxGuestPropSvc.dll) WinVerifyTrust
4570.385c: supR3HardenedWinVerifyCacheInsert: \Device\HarddiskVolume4\VBox\VBoxGuestPropSvc.dll
4570.385c: supR3HardenedWinVerifyCacheProcessImportTodos: Processing 'msvcp140.dll'...
4570.385c: supR3HardenedWinVerifyCacheProcessImportTodos: 'msvcp140.dll' -> '\Device\HarddiskVolume3\Windows\System32\msvcp140.dll' [rcNtRedir=0xc0150008]
4570.385c: supR3HardenedWinVerifyCacheProcessImportTodos: Processing 'vcruntime140_1.dll'...
4570.385c: supR3HardenedWinVerifyCacheProcessImportTodos: 'vcruntime140_1.dll' -> '\Device\HarddiskVolume3\Windows\System32\vcruntime140_1.dll' [rcNtRedir=0xc0150008]
4570.385c: supR3HardenedWinVerifyCacheProcessImportTodos: Processing 'vcruntime140.dll'...
4570.385c: supR3HardenedWinVerifyCacheProcessImportTodos: 'vcruntime140.dll' -> '\Device\HarddiskVolume3\Windows\System32\vcruntime140.dll' [rcNtRedir=0xc0150008]
4570.385c: supR3HardenedWinVerifyCacheProcessImportTodos: Processing 'vboxrt.dll'...
4570.385c: supR3HardenedWinVerifyCacheProcessImportTodos: 'vboxrt.dll' -> '\Device\HarddiskVolume4\VBox\vboxrt.dll' [rcNtRedir=0xc0150008]
4570.385c: supR3HardenedMonitor_LdrLoadDll: pName=D:\VBox\VBoxGuestPropSvc.DLL (rcNtResolve=0xc0150008) *pfFlags=0x0 pwszSearchPath=0000000000000001:<flags> [calling]
4570.385c: supR3HardenedScreenImage/NtCreateSection: cache hit (VINF_SUCCESS) on \Device\HarddiskVolume4\VBox\VBoxGuestPropSvc.dll
4570.385c: supR3HardenedDllNotificationCallback: load   00007fff5d4a0000 LB 0x0000d000 D:\VBox\VBoxGuestPropSvc.DLL [fFlags=0x0]
4570.385c: supR3HardenedScreenImage/LdrLoadDll: cache hit (VINF_SUCCESS) on \Device\HarddiskVolume4\VBox\VBoxGuestPropSvc.dll
4570.385c: supR3HardenedMonitor_LdrLoadDll: returns rcNt=0x0 hMod=00007fff5d4a0000 'D:\VBox\VBoxGuestPropSvc.DLL'
4570.6778: supR3HardenedMonitor_LdrLoadDll: returns rcNt=0x0 hMod=00007fffbdab0000 'C:\Windows\system32\rsaenh.dll'
4570.6778: supR3HardenedMonitor_LdrLoadDll: returns rcNt=0x0 hMod=00007fffbf130000 'C:\Windows\System32\crypt32.dll'
4570.6778: supR3HardenedWinVerifyCacheScheduleImports: Import todo: #15 'ws2_32.dll'.
4570.6778: supR3HardenedWinVerifyCacheScheduleImports: Import todo: #23 'rpcrt4.dll'.
4570.6778: supHardenedWinVerifyImageByHandle: -> 0 (\Device\HarddiskVolume3\Windows\System32\mswsock.dll) WinVerifyTrust
4570.6778: supR3HardenedWinVerifyCacheInsert: \Device\HarddiskVolume3\Windows\System32\mswsock.dll
4570.6778: supR3HardenedWinVerifyCacheProcessImportTodos: Processing 'rpcrt4.dll'...
4570.6778: supR3HardenedWinVerifyCacheProcessImportTodos: 'rpcrt4.dll' -> '\Device\HarddiskVolume3\Windows\System32\rpcrt4.dll' [rcNtRedir=0xc0150008]
4570.6778: supR3HardenedWinVerifyCacheProcessImportTodos: Processing 'ws2_32.dll'...
4570.6778: supR3HardenedWinVerifyCacheProcessImportTodos: 'ws2_32.dll' -> '\Device\HarddiskVolume3\Windows\System32\ws2_32.dll' [rcNtRedir=0xc0150008]
4570.6778: supR3HardenedScreenImage/Imports: cache hit (VINF_SUCCESS) on \Device\HarddiskVolume3\Windows\System32\ws2_32.dll
4570.6778: supR3HardenedMonitor_LdrLoadDll: pName=C:\Windows\system32\mswsock.dll (rcNtResolve=0xc0150008) *pfFlags=0x0 pwszSearchPath=0000000000000001:<flags> [calling]
4570.6778: supR3HardenedScreenImage/NtCreateSection: cache hit (VINF_SUCCESS) on \Device\HarddiskVolume3\Windows\System32\mswsock.dll
4570.6778: supR3HardenedDllNotificationCallback: load   00007fffbe0c0000 LB 0x0006b000 C:\Windows\system32\mswsock.dll [fFlags=0x0]
4570.6778: supR3HardenedScreenImage/LdrLoadDll: cache hit (VINF_SUCCESS) on \Device\HarddiskVolume3\Windows\System32\mswsock.dll
4570.6778: supR3HardenedMonitor_LdrLoadDll: returns rcNt=0x0 hMod=00007fffbe0c0000 'C:\Windows\system32\mswsock.dll'
4570.6778: supR3HardenedMonitor_LdrLoadDll: returns rcNt=0x0 hMod=00007fffbdab0000 'C:\Windows\system32\rsaenh.dll'
4570.6778: supR3HardenedMonitor_LdrLoadDll: returns rcNt=0x0 hMod=00007fffbf130000 'C:\Windows\System32\crypt32.dll'
4570.6778: supR3HardenedWinVerifyCacheScheduleImports: Import todo: #0 'msvcp_win.dll'.
4570.6778: supHardenedWinVerifyImageByHandle: -> 0 (\Device\HarddiskVolume3\Windows\System32\MMDevAPI.dll) WinVerifyTrust
4570.6778: supR3HardenedWinVerifyCacheInsert: \Device\HarddiskVolume3\Windows\System32\MMDevAPI.dll
4570.6778: supR3HardenedWinVerifyCacheProcessImportTodos: Processing 'msvcp_win.dll'...
4570.6778: supR3HardenedWinVerifyCacheProcessImportTodos: 'msvcp_win.dll' -> '\Device\HarddiskVolume3\Windows\System32\msvcp_win.dll' [rcNtRedir=0xc0150008]
4570.6778: supR3HardenedMonitor_LdrLoadDll: pName=C:\Windows\System32\MMDevApi.dll (rcNtResolve=0xc0150008) *pfFlags=0x0 pwszSearchPath=0000000000002009:<flags> [calling]
4570.6778: supR3HardenedScreenImage/NtCreateSection: cache hit (VINF_SUCCESS) on \Device\HarddiskVolume3\Windows\System32\MMDevAPI.dll
4570.6778: supR3HardenedDllNotificationCallback: load   00007fffb86d0000 LB 0x00098000 C:\Windows\System32\MMDevApi.dll [fFlags=0x0]
4570.6778: supR3HardenedScreenImage/LdrLoadDll: cache hit (VINF_SUCCESS) on \Device\HarddiskVolume3\Windows\System32\MMDevAPI.dll
4570.6778: supR3HardenedMonitor_LdrLoadDll: returns rcNt=0x0 hMod=00007fffb86d0000 'C:\Windows\System32\MMDevApi.dll'
4570.6778: supR3HardenedScreenImage/LdrLoadDll: cache hit (VINF_SUCCESS) on \Device\HarddiskVolume3\Windows\System32\MMDevAPI.dll
4570.6778: supR3HardenedMonitor_LdrLoadDll: pName=C:\Windows\System32\MMDEVAPI.DLL (Input=MMDEVAPI.DLL, rcNtResolve=0xc0150008) *pfFlags=0x0 pwszSearchPath=0000000000000001:<flags> [calling]
4570.6778: supR3HardenedMonitor_LdrLoadDll: returns rcNt=0x0 hMod=00007fffb86d0000 'C:\Windows\System32\MMDEVAPI.DLL'
4570.3c2c: supR3HardenedScreenImage/LdrLoadDll: cache hit (VINF_SUCCESS) on \Device\HarddiskVolume3\Windows\System32\msctf.dll
4570.3c2c: supR3HardenedMonitor_LdrLoadDll: pName=C:\Windows\System32\MSCTF.dll (rcNtResolve=0xc0150008) *pfFlags=0x0 pwszSearchPath=0000000000000009:<flags> [calling]
4570.3c2c: supR3HardenedMonitor_LdrLoadDll: returns rcNt=0x0 hMod=00007fffc0750000 'C:\Windows\System32\MSCTF.dll'
4570.3c2c: supR3HardenedWinVerifyCacheScheduleImports: Import todo: #18 'msvcp_win.dll'.
4570.3c2c: supHardenedWinVerifyImageByHandle: -> 0 (\Device\HarddiskVolume3\Windows\System32\CoreMessaging.dll)
4570.3c2c: supR3HardenedWinVerifyCacheInsert: \Device\HarddiskVolume3\Windows\System32\CoreMessaging.dll
4570.3c2c: supR3HardenedDllNotificationCallback: load   00007fffbb390000 LB 0x00127000 C:\Windows\SYSTEM32\CoreMessaging.dll [fFlags=0x0]
4570.3c2c: supR3HardenedScreenImage/LdrLoadDll: cache hit (VINF_SUCCESS) on \Device\HarddiskVolume3\Windows\System32\CoreMessaging.dll [avoiding WinVerifyTrust]
4570.3c2c: supR3HardenedWinVerifyCacheProcessImportTodos: Processing 'msvcp_win.dll'...
4570.3c2c: supR3HardenedWinVerifyCacheProcessImportTodos: 'msvcp_win.dll' -> '\Device\HarddiskVolume3\Windows\System32\msvcp_win.dll' [rcNtRedir=0xc0150008]
4570.3c2c: supR3HardenedMonitor_LdrLoadDll: returns rcNt=0x0 hMod=00007fffbdab0000 'C:\Windows\system32\rsaenh.dll'
4570.3c2c: supR3HardenedScreenImage/LdrLoadDll: cache hit (VINF_SUCCESS) on \Device\HarddiskVolume3\Windows\System32\wintrust.dll
4570.3c2c: supR3HardenedMonitor_LdrLoadDll: pName=C:\Windows\System32\WINTRUST.DLL (Input=WINTRUST.DLL, rcNtResolve=0xc0150008) *pfFlags=0x0 pwszSearchPath=0000000000000001:<flags> [calling]
4570.3c2c: supR3HardenedMonitor_LdrLoadDll: returns rcNt=0x0 hMod=00007fffbf2b0000 'C:\Windows\System32\WINTRUST.DLL'
4570.3c2c: supR3HardenedMonitor_LdrLoadDll: returns rcNt=0x0 hMod=00007fffbf130000 'C:\Windows\System32\CRYPT32.dll'
4570.3c2c: supR3HardenedMonitor_LdrLoadDll: returns rcNt=0x0 hMod=00007fffbf130000 'C:\Windows\System32\crypt32.dll'
4570.3c2c: supR3HardenedWinVerifyCacheProcessWvtTodos: 0 (was 0) fWinVerifyTrust=1 for '\Device\HarddiskVolume3\Windows\System32\CoreMessaging.dll'
4570.3c2c: supR3HardenedIsApiSetDll: ApiSetQueryApiSetPresence(api-ms-win-security-sddl-l1-1-0.dll) -> 0x0, fPresent=1
4570.3c2c: supR3HardenedMonitor_LdrLoadDll: pName=api-ms-win-security-sddl-l1-1-0.dll (rcNtResolve=0x0) *pfFlags=0x0 pwszSearchPath=0000000000000001:<flags> [calling]
4570.3c2c: supR3HardenedMonitor_LdrLoadDll: returns rcNt=0x0 hMod=00007fffc1100000 'api-ms-win-security-sddl-l1-1-0.dll'
4570.3c2c: supR3HardenedIsApiSetDll: ApiSetQueryApiSetPresence(ext-ms-win-rtcore-ntuser-window-ext-l1-1-0.dll) -> 0x0, fPresent=1
4570.3c2c: supR3HardenedMonitor_LdrLoadDll: pName=ext-ms-win-rtcore-ntuser-window-ext-l1-1-0.dll (rcNtResolve=0x0) *pfFlags=0x0 pwszSearchPath=0000000000000001:<flags> [calling]
4570.3c2c: supR3HardenedMonitor_LdrLoadDll: returns rcNt=0x0 hMod=00007fffc0a80000 'ext-ms-win-rtcore-ntuser-window-ext-l1-1-0.dll'
4570.3c2c: supR3HardenedIsApiSetDll: ApiSetQueryApiSetPresence(ext-ms-win-rtcore-ntuser-integration-l1-1-0.dll) -> 0x0, fPresent=1
4570.3c2c: supR3HardenedMonitor_LdrLoadDll: pName=ext-ms-win-rtcore-ntuser-integration-l1-1-0.dll (rcNtResolve=0x0) *pfFlags=0x0 pwszSearchPath=0000000000000001:<flags> [calling]
4570.3c2c: supR3HardenedMonitor_LdrLoadDll: returns rcNt=0x0 hMod=00007fffc0a80000 'ext-ms-win-rtcore-ntuser-integration-l1-1-0.dll'
4570.3c2c: supR3HardenedWinVerifyCacheScheduleImports: Import todo: #0 'msvcrt.dll'.
4570.3c2c: supR3HardenedWinVerifyCacheScheduleImports: Import todo: #33 'coremessaging.dll'.
4570.3c2c: supHardenedWinVerifyImageByHandle: -> 0 (\Device\HarddiskVolume3\Windows\System32\CoreUIComponents.dll)
4570.3c2c: supR3HardenedWinVerifyCacheInsert: \Device\HarddiskVolume3\Windows\System32\CoreUIComponents.dll
4570.3c2c: supR3HardenedDllNotificationCallback: load   00007fffb76e0000 LB 0x002e2000 C:\Windows\SYSTEM32\CoreUIComponents.dll [fFlags=0x0]
4570.3c2c: supR3HardenedScreenImage/LdrLoadDll: cache hit (VINF_SUCCESS) on \Device\HarddiskVolume3\Windows\System32\CoreUIComponents.dll [avoiding WinVerifyTrust]
4570.3c2c: supR3HardenedWinVerifyCacheProcessImportTodos: Processing 'coremessaging.dll'...
4570.3c2c: supR3HardenedWinVerifyCacheProcessImportTodos: 'coremessaging.dll' -> '\Device\HarddiskVolume3\Windows\System32\coremessaging.dll' [rcNtRedir=0xc0150008]
4570.3c2c: supR3HardenedScreenImage/Imports: cache hit (VINF_SUCCESS) on \Device\HarddiskVolume3\Windows\System32\CoreMessaging.dll
4570.3c2c: supR3HardenedWinVerifyCacheProcessImportTodos: Processing 'msvcrt.dll'...
4570.3c2c: supR3HardenedWinVerifyCacheProcessImportTodos: 'msvcrt.dll' -> '\Device\HarddiskVolume3\Windows\System32\msvcrt.dll' [rcNtRedir=0xc0150008]
4570.3c2c: supR3HardenedMonitor_LdrLoadDll: returns rcNt=0x0 hMod=00007fffbdab0000 'C:\Windows\system32\rsaenh.dll'
4570.3c2c: supR3HardenedMonitor_LdrLoadDll: returns rcNt=0x0 hMod=00007fffbf130000 'C:\Windows\System32\crypt32.dll'
4570.3c2c: supR3HardenedWinVerifyCacheProcessWvtTodos: 0 (was 0) fWinVerifyTrust=1 for '\Device\HarddiskVolume3\Windows\System32\CoreUIComponents.dll'
4570.3c2c: supR3HardenedMonitor_LdrLoadDll: returns rcNt=0x0 hMod=00007fffc11b0000 'C:\Windows\System32\RPCRT4.dll'
4570.3c2c: supR3HardenedIsApiSetDll: ApiSetQueryApiSetPresence(api-ms-win-security-systemfunctions-l1-1-0) -> 0x0, fPresent=1
4570.3c2c: supR3HardenedMonitor_LdrLoadDll: pName=api-ms-win-security-systemfunctions-l1-1-0 (rcNtResolve=0x0) *pfFlags=0x0 pwszSearchPath=0000000000000801:<flags> [calling]
4570.3c2c: supR3HardenedMonitor_LdrLoadDll: returns rcNt=0x0 hMod=00007fffc1f50000 'api-ms-win-security-systemfunctions-l1-1-0'
4570.385c: supR3HardenedDllNotificationCallback: Unload 00007fff5d4a0000 LB 0x0000d000 D:\VBox\VBoxGuestPropSvc.DLL [flags=0x0]
4570.c88: supR3HardenedDllNotificationCallback: Unload 00007fff62ea0000 LB 0x0000c000 D:\VBox\VBoxGuestControlSvc.DLL [flags=0x0]
4570.68b0: supR3HardenedDllNotificationCallback: Unload 00007fff58720000 LB 0x00014000 D:\VBox\VBoxSharedFolders.DLL [flags=0x0]
4570.6afc: supR3HardenedDllNotificationCallback: Unload 00007fff760a0000 LB 0x0000d000 D:\VBox\VBoxDragAndDropSvc.DLL [flags=0x0]
4570.5ac: supR3HardenedWinVerifyCacheScheduleImports: Import todo: #0 'msvcrt.dll'.
4570.5ac: supHardenedWinVerifyImageByHandle: -> 22900 (\Device\HarddiskVolume3\Windows\System32\edputil.dll)
4570.5ac: supR3HardenedWinVerifyCacheInsert: \Device\HarddiskVolume3\Windows\System32\edputil.dll
4570.5ac: supR3HardenedDllNotificationCallback: load   00007fffa18e0000 LB 0x00029000 C:\Windows\SYSTEM32\edputil.dll [fFlags=0x0]
4570.5ac: supR3HardenedScreenImage/LdrLoadDll: cache hit (22900) on \Device\HarddiskVolume3\Windows\System32\edputil.dll [avoiding WinVerifyTrust]
4570.5ac: supR3HardenedDllNotificationCallback: Unload 00007fff58740000 LB 0x00022000 D:\VBox\VBoxSharedClipboard.DLL [flags=0x0]
4570.6778: supR3HardenedDllNotificationCallback: Unload 00007fff01250000 LB 0x00ae2000 D:\VBox\VBoxDD.DLL [flags=0x0]
4570.6778: supR3HardenedDllNotificationCallback: Unload 00007fff860c0000 LB 0x00073000 D:\VBox\VBoxDDU.dll [flags=0x0]
4570.6778: supR3HardenedDllNotificationCallback: Unload 00007ffeee9a0000 LB 0x00e5e000 D:\VBox\VBoxDD2.dll [flags=0x0]
4570.6778: supR3HardenedDllNotificationCallback: Unload 00007fffbd610000 LB 0x00033000 C:\Windows\SYSTEM32\IPHLPAPI.DLL [flags=0x0]
4570.3c2c: supR3HardenedDllNotificationCallback: Unload 00007fff02a40000 LB 0x005ad000 D:\VBox\VBoxVMM.DLL [flags=0x0]
4570.3c2c: supR3HardenedDllNotificationCallback: Unload 00007fffa3780000 LB 0x00015000 C:\Windows\system32\wbem\wbemsvc.dll [flags=0x0]
4570.3c2c: supR3HardenedDllNotificationCallback: Unload 00007fffa3f80000 LB 0x00012000 C:\Windows\system32\wbem\wbemprox.dll [flags=0x0]
4570.3c2c: supR3HardenedDllNotificationCallback: Unload 00007fffa3800000 LB 0x000f0000 C:\Windows\system32\wbem\fastprox.dll [flags=0x0]
4570.3c2c: supR3HardenedDllNotificationCallback: Unload 00007fffa3f00000 LB 0x0007a000 C:\Windows\SYSTEM32\wbemcomn.dll [flags=0x0]
4570.3c2c: supR3HardenedDllNotificationCallback: Unload 00007fff86140000 LB 0x000e7000 D:\VBox\VBoxProxyStub.dll [flags=0x0]
4570.3c2c: supR3HardenedDllNotificationCallback: Unload 00007fff8c530000 LB 0x0005a000 C:\Windows\system32\dataexchange.dll [flags=0x0]
4570.3c2c: supR3HardenedDllNotificationCallback: Unload 00007fffafdc0000 LB 0x00244000 C:\Windows\system32\twinapi.appcore.dll [flags=0x0]
4570.3c2c: supR3HardenedDllNotificationCallback: Unload 00007fff0aad0000 LB 0x0041b000 D:\VBox\VBoxC.dll [flags=0x0]
4570.3c2c: Terminating the normal way: rcExit=0
20c0.2ad0: supR3HardNtChildWaitFor[2]: Quitting: ExitCode=0x0 (rcNtWait=0x0, rcNt1=0x0, rcNt2=0x103, rcNt3=0x103, 15721653 ms, the end);
3030.268c: supR3HardNtChildWaitFor[1]: Quitting: ExitCode=0x0 (rcNtWait=0x0, rcNt1=0x0, rcNt2=0x103, rcNt3=0x103, 15722777 ms, the end);
