00:00:06.825534 VirtualBox VM 7.2.2 r170484 win.amd64 (Sep 10 2025 19:56:01) release log
00:00:06.825534 Log opened 2026-04-14T10:01:08.543329300Z
00:00:06.825534 Build Type: release
00:00:06.825534 OS Product: Windows 11
00:00:06.850145 OS Release: 10.0.26200.8037
00:00:06.850152 OS Service Pack: 
00:00:06.946823 DMI Product Name: HP Laptop 15-dy2xxx
00:00:06.954092 DMI Product Version:  
00:00:06.954104 Firmware type: UEFI
00:00:06.954643 Secure Boot: Enabled
00:00:06.954643 Host RAM: 16026MB (15.6GB) total, 2355MB (2.3GB) available
00:00:06.954643 Executable: D:\VBox\VirtualBoxVM.exe
00:00:06.954643 Process ID: 17776
00:00:06.954643 Package type: WINDOWS_64BITS_GENERIC
00:00:06.954643 Windows Features:
00:00:06.954643   Core Isolation (Memory Integrity): Not supported
00:00:06.956091 Installed Extension Packs:
00:00:06.956114   None installed!
00:00:06.956761 Console: Machine state changed to 'Starting'
00:00:06.957073 GUI: Qt version: 6.8.0
00:00:06.957094 GUI: HID LEDs sync is enabled
00:00:06.967605 GUI: UIMediumEnumerator: Medium-enumeration finished!
00:00:07.018680 GUI: Cannot notify guest about VM window out-of-focus event
00:00:07.021610 SUP: Opened VMMR0.r0 (D:\VBox/VMMR0.r0) at 0xXXXXXXXXXXXXXXXX loaded by the native ring-0 loader.
00:00:07.021637 SUP: windbg> .reload /f D:\VBox/VMMR0.r0=0xXXXXXXXXXXXXXXXX
00:00:07.034710 GUI: UIMediumEnumerator: Medium-enumeration finished!
00:00:07.040927 Guest architecture: x86
00:00:07.041043 Guest OS type: 'Ubuntu_64'
00:00:07.041885 fHMForced=true - No raw-mode support in this build!
00:00:07.041908 Using execution engine 1
00:00:07.049049 File system of 'D:\VirtualBox VMs\Linux Server\Server.vdi' is ntfs
00:00:07.082337 Shared Clipboard: Initialized OLE
00:00:07.082404 Shared Clipboard: Service loaded
00:00:07.082429 Shared Clipboard: Mode: Off
00:00:07.082515 Shared Clipboard: Service running in normal mode
00:00:07.101868 Drag and drop service loaded
00:00:07.101892 Drag and drop mode: Off
00:00:07.103687 Audio: Detected default audio driver type is 'HostAudioWas'
00:00:07.109713 ************************* CFGM dump *************************
00:00:07.109720 [/] (level 0)
00:00:07.109725   CpuExecutionCap   <integer> = 0x0000000000000064 (100)
00:00:07.109728   EnablePAE         <integer> = 0x0000000000000001 (1)
00:00:07.109729   HMEnabled         <integer> = 0x0000000000000001 (1)
00:00:07.109730   MemBalloonSize    <integer> = 0x0000000000000000 (0, 0 B)
00:00:07.109738   Name              <string>  = "Linux Server" (cb=13)
00:00:07.109739   NumCPUs           <integer> = 0x0000000000000002 (2)
00:00:07.109740   PageFusionAllowed <integer> = 0x0000000000000000 (0)
00:00:07.109740   RamHoleSize       <integer> = 0x0000000020000000 (536 870 912, 512.0 MiB)
00:00:07.109742   RamSize           <integer> = 0x000000009bf00000 (2 616 197 120, 2.4 GiB)
00:00:07.109743   TimerMillies      <integer> = 0x000000000000000a (10)
00:00:07.109744   UUID              <bytes>   = "f8 c9 c0 b9 df 80 62 41 85 18 84 49 30 de db aa" (cb=16)
00:00:07.109747 
00:00:07.109748 [/CPUM/] (level 1)
00:00:07.109749   Enable64bit        <integer> = 0x0000000000000001 (1)
00:00:07.109750   GuestCpuName       <string>  = "host" (cb=5)
00:00:07.109751   NestedHWVirt       <integer> = 0x0000000000000000 (0)
00:00:07.109751   PortableCpuIdLevel <integer> = 0x0000000000000000 (0)
00:00:07.109752   SpecCtrl           <integer> = 0x0000000000000000 (0)
00:00:07.109753 
00:00:07.109753 [/CPUM/IsaExts/] (level 2)
00:00:07.109754 
00:00:07.109754 [/DBGC/] (level 1)
00:00:07.109756   GlobalInitScript <string>  = "C:\Users\skywallkerr\.VirtualBox/dbgc-init" (cb=43)
00:00:07.109757   HistoryFile      <string>  = "C:\Users\skywallkerr\.VirtualBox/dbgc-history" (cb=46)
00:00:07.109758   LocalInitScript  <string>  = "D:\VirtualBox VMs\Linux Server/dbgc-init" (cb=41)
00:00:07.109759 
00:00:07.109759 [/DBGF/] (level 1)
00:00:07.109760   Path <string>  = "D:\VirtualBox VMs\Linux Server/debug/;D:\VirtualBox VMs\Linux Server/;cache*D:\VirtualBox VMs\Linux Server/dbgcache/;C:\Users\skywallkerr\" (cb=139)
00:00:07.109761 
00:00:07.109761 [/Devices/] (level 1)
00:00:07.109762 
00:00:07.109762 [/Devices/3c501/] (level 2)
00:00:07.109763 
00:00:07.109763 [/Devices/8237A/] (level 2)
00:00:07.109765 
00:00:07.109765 [/Devices/8237A/0/] (level 3)
00:00:07.109766   Trusted <integer> = 0x0000000000000001 (1)
00:00:07.109767 
00:00:07.109767 [/Devices/GIMDev/] (level 2)
00:00:07.109768 
00:00:07.109769 [/Devices/GIMDev/0/] (level 3)
00:00:07.109770   Trusted <integer> = 0x0000000000000001 (1)
00:00:07.109770 
00:00:07.109771 [/Devices/VMMDev/] (level 2)
00:00:07.109771 
00:00:07.109772 [/Devices/VMMDev/0/] (level 3)
00:00:07.109773   PCIBusNo      <integer> = 0x0000000000000000 (0)
00:00:07.109774   PCIDeviceNo   <integer> = 0x0000000000000004 (4)
00:00:07.109774   PCIFunctionNo <integer> = 0x0000000000000000 (0)
00:00:07.109775   Trusted       <integer> = 0x0000000000000001 (1)
00:00:07.109776 
00:00:07.109776 [/Devices/VMMDev/0/Config/] (level 4)
00:00:07.109777   GuestCoreDumpDir <string>  = "D:\VirtualBox VMs\Linux Server\Snapshots" (cb=41)
00:00:07.109778 
00:00:07.109779 [/Devices/VMMDev/0/LUN#0/] (level 4)
00:00:07.109780   Driver <string>  = "HGCM" (cb=5)
00:00:07.109780 
00:00:07.109781 [/Devices/VMMDev/0/LUN#0/Config/] (level 5)
00:00:07.109782 
00:00:07.109782 [/Devices/VMMDev/0/LUN#999/] (level 4)
00:00:07.109784   Driver <string>  = "MainStatus" (cb=11)
00:00:07.109784 
00:00:07.109785 [/Devices/VMMDev/0/LUN#999/Config/] (level 5)
00:00:07.109786   First                <integer> = 0x0000000000000000 (0)
00:00:07.109787   HasMediumAttachments <integer> = 0x0000000000000000 (0)
00:00:07.109788   Last                 <integer> = 0x0000000000000000 (0)
00:00:07.109789   iLedSet              <integer> = 0x0000000000000007 (7)
00:00:07.109790 
00:00:07.109790 [/Devices/acpi/] (level 2)
00:00:07.109791 
00:00:07.109791 [/Devices/acpi/0/] (level 3)
00:00:07.109792   PCIBusNo      <integer> = 0x0000000000000000 (0)
00:00:07.109793   PCIDeviceNo   <integer> = 0x0000000000000007 (7)
00:00:07.109794   PCIFunctionNo <integer> = 0x0000000000000000 (0)
00:00:07.109794   Trusted       <integer> = 0x0000000000000001 (1)
00:00:07.109796 
00:00:07.109796 [/Devices/acpi/0/Config/] (level 4)
00:00:07.109798   CpuHotPlug          <integer> = 0x0000000000000000 (0)
00:00:07.109805   FdcEnabled          <integer> = 0x0000000000000000 (0)
00:00:07.109805   HostBusPciAddress   <integer> = 0x0000000000000000 (0)
00:00:07.109806   HpetEnabled         <integer> = 0x0000000000000000 (0)
00:00:07.109807   IOAPIC              <integer> = 0x0000000000000001 (1)
00:00:07.109808   IocPciAddress       <integer> = 0x0000000000010000 (65 536)
00:00:07.109809   NumCPUs             <integer> = 0x0000000000000002 (2)
00:00:07.109810   Parallel0IoPortBase <integer> = 0x0000000000000000 (0)
00:00:07.109810   Parallel0Irq        <integer> = 0x0000000000000000 (0)
00:00:07.109811   Parallel1IoPortBase <integer> = 0x0000000000000000 (0)
00:00:07.109812   Parallel1Irq        <integer> = 0x0000000000000000 (0)
00:00:07.109813   Serial0IoPortBase   <integer> = 0x00000000000003f8 (1 016)
00:00:07.109813   Serial0Irq          <integer> = 0x0000000000000004 (4)
00:00:07.109814   Serial1IoPortBase   <integer> = 0x0000000000000000 (0)
00:00:07.109815   Serial1Irq          <integer> = 0x0000000000000000 (0)
00:00:07.109816   ShowCpu             <integer> = 0x0000000000000001 (1)
00:00:07.109817   ShowRtc             <integer> = 0x0000000000000000 (0)
00:00:07.109817   SmcEnabled          <integer> = 0x0000000000000000 (0)
00:00:07.109818 
00:00:07.109819 [/Devices/acpi/0/LUN#0/] (level 4)
00:00:07.109820   Driver <string>  = "ACPIHost" (cb=9)
00:00:07.109821 
00:00:07.109821 [/Devices/acpi/0/LUN#0/Config/] (level 5)
00:00:07.109822 
00:00:07.109823 [/Devices/acpi/0/LUN#1/] (level 4)
00:00:07.109824   Driver <string>  = "ACPICpu" (cb=8)
00:00:07.109824 
00:00:07.109825 [/Devices/acpi/0/LUN#1/Config/] (level 5)
00:00:07.109826 
00:00:07.109826 [/Devices/ahci/] (level 2)
00:00:07.109827 
00:00:07.109827 [/Devices/ahci/0/] (level 3)
00:00:07.109829   PCIBusNo      <integer> = 0x0000000000000000 (0)
00:00:07.109829   PCIDeviceNo   <integer> = 0x000000000000000d (13)
00:00:07.109830   PCIFunctionNo <integer> = 0x0000000000000000 (0)
00:00:07.109831   Trusted       <integer> = 0x0000000000000001 (1)
00:00:07.109832 
00:00:07.109832 [/Devices/ahci/0/Config/] (level 4)
00:00:07.109833   Bootable  <integer> = 0x0000000000000001 (1)
00:00:07.109834   PortCount <integer> = 0x0000000000000001 (1)
00:00:07.109835 
00:00:07.109835 [/Devices/ahci/0/Config/Port0/] (level 5)
00:00:07.109836   Hotpluggable <integer> = 0x0000000000000000 (0)
00:00:07.109837 
00:00:07.109838 [/Devices/ahci/0/LUN#0/] (level 4)
00:00:07.109839   Driver <string>  = "VD" (cb=3)
00:00:07.109840 
00:00:07.109840 [/Devices/ahci/0/LUN#0/Config/] (level 5)
00:00:07.109842   BlockCache <integer> = 0x0000000000000001 (1)
00:00:07.109842   Format     <string>  = "VDI" (cb=4)
00:00:07.109843   Mountable  <integer> = 0x0000000000000000 (0)
00:00:07.109844   Path       <string>  = "D:\VirtualBox VMs\Linux Server\Server.vdi" (cb=42)
00:00:07.109845   Type       <string>  = "HardDisk" (cb=9)
00:00:07.109846   UseNewIo   <integer> = 0x0000000000000001 (1)
00:00:07.109846 
00:00:07.109847 [/Devices/ahci/0/LUN#0/Config/VDConfig/] (level 6)
00:00:07.109848   AllocationBlockSize <string>  = "1048576" (cb=8)
00:00:07.109849 
00:00:07.109849 [/Devices/ahci/0/LUN#999/] (level 4)
00:00:07.109850   Driver <string>  = "MainStatus" (cb=11)
00:00:07.109851 
00:00:07.109851 [/Devices/ahci/0/LUN#999/Config/] (level 5)
00:00:07.109853   DeviceInstance       <string>  = "ahci/0" (cb=7)
00:00:07.109854   First                <integer> = 0x0000000000000000 (0)
00:00:07.109854   HasMediumAttachments <integer> = 0x0000000000000001 (1)
00:00:07.109855   Last                 <integer> = 0x0000000000000000 (0)
00:00:07.109856   iLedSet              <integer> = 0x0000000000000004 (4)
00:00:07.109857 
00:00:07.109857 [/Devices/apic/] (level 2)
00:00:07.109858 
00:00:07.109858 [/Devices/apic/0/] (level 3)
00:00:07.109859   Trusted <integer> = 0x0000000000000001 (1)
00:00:07.109860 
00:00:07.109860 [/Devices/apic/0/Config/] (level 4)
00:00:07.109861   IOAPIC  <integer> = 0x0000000000000001 (1)
00:00:07.109863   Mode    <integer> = 0x0000000000000003 (3)
00:00:07.109864   NumCPUs <integer> = 0x0000000000000002 (2)
00:00:07.109865 
00:00:07.109865 [/Devices/dp8390/] (level 2)
00:00:07.109866 
00:00:07.109866 [/Devices/e1000/] (level 2)
00:00:07.109867 
00:00:07.109867 [/Devices/e1000/0/] (level 3)
00:00:07.109868   PCIBusNo      <integer> = 0x0000000000000000 (0)
00:00:07.109869   PCIDeviceNo   <integer> = 0x0000000000000003 (3)
00:00:07.109870   PCIFunctionNo <integer> = 0x0000000000000000 (0)
00:00:07.109871   Trusted       <integer> = 0x0000000000000001 (1)
00:00:07.109871 
00:00:07.109872 [/Devices/e1000/0/Config/] (level 4)
00:00:07.109873   AdapterType    <integer> = 0x0000000000000000 (0)
00:00:07.109874   CableConnected <integer> = 0x0000000000000001 (1)
00:00:07.109875   LineSpeed      <integer> = 0x0000000000000000 (0)
00:00:07.109875   MAC            <bytes>   = "08 00 27 0e 33 84" (cb=6)
00:00:07.109877 
00:00:07.109877 [/Devices/e1000/0/LUN#0/] (level 4)
00:00:07.109878   Driver <string>  = "UDPTunnel" (cb=10)
00:00:07.109879 
00:00:07.109879 [/Devices/e1000/0/LUN#0/Config/] (level 5)
00:00:07.109881   dest  <string>  = "127.0.0.1" (cb=10)
00:00:07.109882   dport <string>  = "10048" (cb=6)
00:00:07.109883   sport <string>  = "10047" (cb=6)
00:00:07.109883 
00:00:07.109883 [/Devices/e1000/0/LUN#999/] (level 4)
00:00:07.109885   Driver <string>  = "MainStatus" (cb=11)
00:00:07.109885 
00:00:07.109886 [/Devices/e1000/0/LUN#999/Config/] (level 5)
00:00:07.109887   First                <integer> = 0x0000000000000000 (0)
00:00:07.109889   HasMediumAttachments <integer> = 0x0000000000000000 (0)
00:00:07.109889   Last                 <integer> = 0x0000000000000000 (0)
00:00:07.109890   iLedSet              <integer> = 0x0000000000000005 (5)
00:00:07.109891 
00:00:07.109892 [/Devices/e1000/1/] (level 3)
00:00:07.109893   PCIBusNo      <integer> = 0x0000000000000000 (0)
00:00:07.109893   PCIDeviceNo   <integer> = 0x0000000000000008 (8)
00:00:07.109894   PCIFunctionNo <integer> = 0x0000000000000000 (0)
00:00:07.109895   Trusted       <integer> = 0x0000000000000001 (1)
00:00:07.109896 
00:00:07.109896 [/Devices/e1000/1/Config/] (level 4)
00:00:07.109897   AdapterType    <integer> = 0x0000000000000000 (0)
00:00:07.109898   CableConnected <integer> = 0x0000000000000000 (0)
00:00:07.109899   LineSpeed      <integer> = 0x0000000000000000 (0)
00:00:07.109900   MAC            <bytes>   = "08 00 27 b5 71 f2" (cb=6)
00:00:07.109901 
00:00:07.109901 [/Devices/e1000/1/LUN#0/] (level 4)
00:00:07.109902   Driver <string>  = "UDPTunnel" (cb=10)
00:00:07.109903 
00:00:07.109903 [/Devices/e1000/1/LUN#0/Config/] (level 5)
00:00:07.109905   dest  <string>  = "127.0.0.1" (cb=10)
00:00:07.109905   dport <string>  = "10050" (cb=6)
00:00:07.109906   sport <string>  = "10049" (cb=6)
00:00:07.109906 
00:00:07.109907 [/Devices/e1000/1/LUN#999/] (level 4)
00:00:07.109908   Driver <string>  = "MainStatus" (cb=11)
00:00:07.109909 
00:00:07.109909 [/Devices/e1000/1/LUN#999/Config/] (level 5)
00:00:07.109910   First                <integer> = 0x0000000000000000 (0)
00:00:07.109911   HasMediumAttachments <integer> = 0x0000000000000000 (0)
00:00:07.109912   Last                 <integer> = 0x0000000000000000 (0)
00:00:07.109913   iLedSet              <integer> = 0x0000000000000006 (6)
00:00:07.109914 
00:00:07.109915 [/Devices/i8254/] (level 2)
00:00:07.109916 
00:00:07.109916 [/Devices/i8254/0/] (level 3)
00:00:07.109917 
00:00:07.109917 [/Devices/i8254/0/Config/] (level 4)
00:00:07.109918 
00:00:07.109919 [/Devices/i8259/] (level 2)
00:00:07.109920 
00:00:07.109920 [/Devices/i8259/0/] (level 3)
00:00:07.109921   Trusted <integer> = 0x0000000000000001 (1)
00:00:07.109922 
00:00:07.109922 [/Devices/i8259/0/Config/] (level 4)
00:00:07.109923 
00:00:07.109923 [/Devices/ichac97/] (level 2)
00:00:07.109924 
00:00:07.109925 [/Devices/ichac97/0/] (level 3)
00:00:07.109926   PCIBusNo      <integer> = 0x0000000000000000 (0)
00:00:07.109927   PCIDeviceNo   <integer> = 0x0000000000000005 (5)
00:00:07.109930   PCIFunctionNo <integer> = 0x0000000000000000 (0)
00:00:07.109930   Trusted       <integer> = 0x0000000000000001 (1)
00:00:07.109931 
00:00:07.109931 [/Devices/ichac97/0/AudioConfig/] (level 4)
00:00:07.109933 
00:00:07.109933 [/Devices/ichac97/0/Config/] (level 4)
00:00:07.109934   Codec        <string>  = "AD1980" (cb=7)
00:00:07.109935   DebugEnabled <integer> = 0x0000000000000000 (0)
00:00:07.109936 
00:00:07.109936 [/Devices/ichac97/0/LUN#0/] (level 4)
00:00:07.109937   Driver <string>  = "AUDIO" (cb=6)
00:00:07.109938 
00:00:07.109938 [/Devices/ichac97/0/LUN#0/AttachedDriver/] (level 5)
00:00:07.109940   Driver <string>  = "HostAudioWas" (cb=13)
00:00:07.109940 
00:00:07.109941 [/Devices/ichac97/0/LUN#0/AttachedDriver/Config/] (level 6)
00:00:07.109942   VmName <string>  = "Linux Server" (cb=13)
00:00:07.109943   VmUuid <string>  = "b9c0c9f8-80df-4162-8518-844930dedbaa" (cb=37)
00:00:07.109943 
00:00:07.109943 [/Devices/ichac97/0/LUN#0/Config/] (level 5)
00:00:07.109945   DriverName    <string>  = "HostAudioWas" (cb=13)
00:00:07.109945   InputEnabled  <integer> = 0x0000000000000000 (0)
00:00:07.109946   OutputEnabled <integer> = 0x0000000000000001 (1)
00:00:07.109947 
00:00:07.109947 [/Devices/ichac97/0/LUN#1/] (level 4)
00:00:07.109948   Driver <string>  = "AUDIO" (cb=6)
00:00:07.109949 
00:00:07.109949 [/Devices/ichac97/0/LUN#2/] (level 4)
00:00:07.109950   Driver <string>  = "AUDIO" (cb=6)
00:00:07.109951 
00:00:07.109951 [/Devices/ioapic/] (level 2)
00:00:07.109952 
00:00:07.109953 [/Devices/ioapic/0/] (level 3)
00:00:07.109954   Trusted <integer> = 0x0000000000000001 (1)
00:00:07.109955 
00:00:07.109955 [/Devices/ioapic/0/Config/] (level 4)
00:00:07.109956   NumCPUs <integer> = 0x0000000000000002 (2)
00:00:07.109957 
00:00:07.109957 [/Devices/mc146818/] (level 2)
00:00:07.109959 
00:00:07.109959 [/Devices/mc146818/0/] (level 3)
00:00:07.109960 
00:00:07.109960 [/Devices/mc146818/0/Config/] (level 4)
00:00:07.109962   UseUTC <integer> = 0x0000000000000001 (1)
00:00:07.109963 
00:00:07.109963 [/Devices/parallel/] (level 2)
00:00:07.109964 
00:00:07.109964 [/Devices/pcarch/] (level 2)
00:00:07.109965 
00:00:07.109966 [/Devices/pcarch/0/] (level 3)
00:00:07.109967   Trusted <integer> = 0x0000000000000001 (1)
00:00:07.109968 
00:00:07.109968 [/Devices/pcarch/0/Config/] (level 4)
00:00:07.109969 
00:00:07.109970 [/Devices/pcbios/] (level 2)
00:00:07.109971 
00:00:07.109971 [/Devices/pcbios/0/] (level 3)
00:00:07.109972   Trusted <integer> = 0x0000000000000001 (1)
00:00:07.109973 
00:00:07.109973 [/Devices/pcbios/0/Config/] (level 4)
00:00:07.109975   APIC               <integer> = 0x0000000000000001 (1)
00:00:07.109976   BootDevice0        <string>  = "IDE" (cb=4)
00:00:07.109977   BootDevice1        <string>  = "DVD" (cb=4)
00:00:07.109978   BootDevice2        <string>  = "FLOPPY" (cb=7)
00:00:07.109978   BootDevice3        <string>  = "NONE" (cb=5)
00:00:07.109979   DmiSystemSerial    <string>  = "VirtualBox-<DmiSystemUuid>" (cb=27)
00:00:07.109980   FloppyDevice       <string>  = "i82078" (cb=7)
00:00:07.109981   HardDiskDevice     <string>  = "piix3ide" (cb=9)
00:00:07.109982   IOAPIC             <integer> = 0x0000000000000001 (1)
00:00:07.109983   McfgBase           <integer> = 0x0000000000000000 (0)
00:00:07.109984   McfgLength         <integer> = 0x0000000000000000 (0)
00:00:07.109985   NumCPUs            <integer> = 0x0000000000000002 (2)
00:00:07.109986   PXEDebug           <integer> = 0x0000000000000000 (0)
00:00:07.109986   SataHardDiskDevice <string>  = "ahci" (cb=5)
00:00:07.109987   SataLUN1           <integer> = 0x0000000000000000 (0)
00:00:07.109988   UUID               <bytes>   = "f8 c9 c0 b9 df 80 62 41 85 18 84 49 30 de db aa" (cb=16)
00:00:07.109991   UuidLe             <integer> = 0x0000000000000001 (1)
00:00:07.109992 
00:00:07.109992 [/Devices/pcbios/0/Config/NetBoot/] (level 5)
00:00:07.109993 
00:00:07.109993 [/Devices/pcbios/0/Config/NetBoot/0/] (level 6)
00:00:07.109995   NIC           <integer> = 0x0000000000000000 (0)
00:00:07.109998   PCIBusNo      <integer> = 0x0000000000000000 (0)
00:00:07.109999   PCIDeviceNo   <integer> = 0x0000000000000003 (3)
00:00:07.109999   PCIFunctionNo <integer> = 0x0000000000000000 (0)
00:00:07.110000 
00:00:07.110001 [/Devices/pci/] (level 2)
00:00:07.110002 
00:00:07.110002 [/Devices/pci/0/] (level 3)
00:00:07.110003   Trusted <integer> = 0x0000000000000001 (1)
00:00:07.110004 
00:00:07.110004 [/Devices/pci/0/Config/] (level 4)
00:00:07.110005   IOAPIC <integer> = 0x0000000000000001 (1)
00:00:07.110006 
00:00:07.110007 [/Devices/pcibridge/] (level 2)
00:00:07.110008 
00:00:07.110008 [/Devices/pckbd/] (level 2)
00:00:07.110009 
00:00:07.110009 [/Devices/pckbd/0/] (level 3)
00:00:07.110011   Trusted <integer> = 0x0000000000000001 (1)
00:00:07.110011 
00:00:07.110012 [/Devices/pckbd/0/Config/] (level 4)
00:00:07.110013 
00:00:07.110013 [/Devices/pckbd/0/LUN#0/] (level 4)
00:00:07.110014   Driver <string>  = "KeyboardQueue" (cb=14)
00:00:07.110015 
00:00:07.110015 [/Devices/pckbd/0/LUN#0/AttachedDriver/] (level 5)
00:00:07.110017   Driver <string>  = "MainKeyboard" (cb=13)
00:00:07.110018 
00:00:07.110018 [/Devices/pckbd/0/LUN#0/Config/] (level 5)
00:00:07.110019   QueueSize <integer> = 0x0000000000000040 (64, 64 B)
00:00:07.110020 
00:00:07.110021 [/Devices/pckbd/0/LUN#1/] (level 4)
00:00:07.110022   Driver <string>  = "MouseQueue" (cb=11)
00:00:07.110023 
00:00:07.110023 [/Devices/pckbd/0/LUN#1/AttachedDriver/] (level 5)
00:00:07.110024   Driver <string>  = "MainMouse" (cb=10)
00:00:07.110025 
00:00:07.110025 [/Devices/pckbd/0/LUN#1/Config/] (level 5)
00:00:07.110026   QueueSize <integer> = 0x0000000000000080 (128, 128 B)
00:00:07.110027 
00:00:07.110028 [/Devices/pcnet/] (level 2)
00:00:07.110029 
00:00:07.110029 [/Devices/piix3ide/] (level 2)
00:00:07.110030 
00:00:07.110030 [/Devices/piix3ide/0/] (level 3)
00:00:07.110032   PCIBusNo      <integer> = 0x0000000000000000 (0)
00:00:07.110033   PCIDeviceNo   <integer> = 0x0000000000000001 (1)
00:00:07.110033   PCIFunctionNo <integer> = 0x0000000000000001 (1)
00:00:07.110034   Trusted       <integer> = 0x0000000000000001 (1)
00:00:07.110035 
00:00:07.110035 [/Devices/piix3ide/0/Config/] (level 4)
00:00:07.110037   Type <string>  = "PIIX4" (cb=6)
00:00:07.110037 
00:00:07.110038 [/Devices/piix3ide/0/LUN#0/] (level 4)
00:00:07.110039   Driver <string>  = "VD" (cb=3)
00:00:07.110040 
00:00:07.110040 [/Devices/piix3ide/0/LUN#0/Config/] (level 5)
00:00:07.110041   EmptyDrive <integer> = 0x0000000000000001 (1)
00:00:07.110042   Mountable  <integer> = 0x0000000000000001 (1)
00:00:07.110043   Type       <string>  = "DVD" (cb=4)
00:00:07.110044 
00:00:07.110044 [/Devices/piix3ide/0/LUN#999/] (level 4)
00:00:07.110046   Driver <string>  = "MainStatus" (cb=11)
00:00:07.110046 
00:00:07.110046 [/Devices/piix3ide/0/LUN#999/Config/] (level 5)
00:00:07.110048   DeviceInstance       <string>  = "piix3ide/0" (cb=11)
00:00:07.110048   First                <integer> = 0x0000000000000000 (0)
00:00:07.110049   HasMediumAttachments <integer> = 0x0000000000000001 (1)
00:00:07.110050   Last                 <integer> = 0x0000000000000003 (3)
00:00:07.110051   iLedSet              <integer> = 0x0000000000000003 (3)
00:00:07.110051 
00:00:07.110052 [/Devices/serial/] (level 2)
00:00:07.110052 
00:00:07.110052 [/Devices/serial/0/] (level 3)
00:00:07.110053   Trusted <integer> = 0x0000000000000001 (1)
00:00:07.110054 
00:00:07.110054 [/Devices/serial/0/Config/] (level 4)
00:00:07.110055   IOAddress <integer> = 0x00000000000003f8 (1 016)
00:00:07.110056   IRQ       <integer> = 0x0000000000000004 (4)
00:00:07.110057   UartType  <string>  = "16550A" (cb=7)
00:00:07.110057 
00:00:07.110058 [/Devices/serial/0/LUN#0/] (level 4)
00:00:07.110058   Driver <string>  = "Char" (cb=5)
00:00:07.110059 
00:00:07.110059 [/Devices/serial/0/LUN#0/AttachedDriver/] (level 5)
00:00:07.110061   Driver <string>  = "NamedPipe" (cb=10)
00:00:07.110061 
00:00:07.110061 [/Devices/serial/0/LUN#0/AttachedDriver/Config/] (level 6)
00:00:07.110064   IsServer <integer> = 0x0000000000000001 (1)
00:00:07.110065   Location <string>  = "\\.\pipe\gns3_vbox\a698d25f-f5b0-4c51-9228-39d724a8c004" (cb=56)
00:00:07.110066 
00:00:07.110066 [/Devices/usb-ehci/] (level 2)
00:00:07.110067 
00:00:07.110067 [/Devices/usb-ehci/0/] (level 3)
00:00:07.110068   PCIBusNo      <integer> = 0x0000000000000000 (0)
00:00:07.110069   PCIDeviceNo   <integer> = 0x000000000000000b (11)
00:00:07.110070   PCIFunctionNo <integer> = 0x0000000000000000 (0)
00:00:07.110070   Trusted       <integer> = 0x0000000000000001 (1)
00:00:07.110071 
00:00:07.110071 [/Devices/usb-ehci/0/Config/] (level 4)
00:00:07.110072 
00:00:07.110073 [/Devices/usb-ehci/0/LUN#0/] (level 4)
00:00:07.110074   Driver <string>  = "VUSBRootHub" (cb=12)
00:00:07.110074 
00:00:07.110074 [/Devices/usb-ehci/0/LUN#0/Config/] (level 5)
00:00:07.110075 
00:00:07.110076 [/Devices/usb-ehci/0/LUN#999/] (level 4)
00:00:07.110077   Driver <string>  = "MainStatus" (cb=11)
00:00:07.110077 
00:00:07.110078 [/Devices/usb-ehci/0/LUN#999/Config/] (level 5)
00:00:07.110079   First                <integer> = 0x0000000000000000 (0)
00:00:07.110080   HasMediumAttachments <integer> = 0x0000000000000000 (0)
00:00:07.110080   Last                 <integer> = 0x0000000000000000 (0)
00:00:07.110081   iLedSet              <integer> = 0x0000000000000002 (2)
00:00:07.110082 
00:00:07.110082 [/Devices/usb-ohci/] (level 2)
00:00:07.110083 
00:00:07.110083 [/Devices/usb-ohci/0/] (level 3)
00:00:07.110084   PCIBusNo      <integer> = 0x0000000000000000 (0)
00:00:07.110085   PCIDeviceNo   <integer> = 0x0000000000000006 (6)
00:00:07.110086   PCIFunctionNo <integer> = 0x0000000000000000 (0)
00:00:07.110086   Trusted       <integer> = 0x0000000000000001 (1)
00:00:07.110087 
00:00:07.110087 [/Devices/usb-ohci/0/Config/] (level 4)
00:00:07.110088 
00:00:07.110088 [/Devices/usb-ohci/0/LUN#0/] (level 4)
00:00:07.110089   Driver <string>  = "VUSBRootHub" (cb=12)
00:00:07.110090 
00:00:07.110090 [/Devices/usb-ohci/0/LUN#0/Config/] (level 5)
00:00:07.110091 
00:00:07.110091 [/Devices/usb-ohci/0/LUN#999/] (level 4)
00:00:07.110093   Driver <string>  = "MainStatus" (cb=11)
00:00:07.110093 
00:00:07.110093 [/Devices/usb-ohci/0/LUN#999/Config/] (level 5)
00:00:07.110095   First                <integer> = 0x0000000000000000 (0)
00:00:07.110096   HasMediumAttachments <integer> = 0x0000000000000000 (0)
00:00:07.110097   Last                 <integer> = 0x0000000000000000 (0)
00:00:07.110098   iLedSet              <integer> = 0x0000000000000001 (1)
00:00:07.110099 
00:00:07.110099 [/Devices/vga/] (level 2)
00:00:07.110100 
00:00:07.110100 [/Devices/vga/0/] (level 3)
00:00:07.110102   PCIBusNo      <integer> = 0x0000000000000000 (0)
00:00:07.110103   PCIDeviceNo   <integer> = 0x0000000000000002 (2)
00:00:07.110103   PCIFunctionNo <integer> = 0x0000000000000000 (0)
00:00:07.110104   Trusted       <integer> = 0x0000000000000001 (1)
00:00:07.110105 
00:00:07.110105 [/Devices/vga/0/Config/] (level 4)
00:00:07.110107   3DEnabled             <integer> = 0x0000000000000000 (0)
00:00:07.110108   CustomVideoModes      <integer> = 0x0000000000000000 (0)
00:00:07.110109   FadeIn                <integer> = 0x0000000000000001 (1)
00:00:07.110110   FadeOut               <integer> = 0x0000000000000001 (1)
00:00:07.110111   HeightReduction       <integer> = 0x0000000000000000 (0)
00:00:07.110112   LogoFile              <string>  = "" (cb=1)
00:00:07.110113   LogoTime              <integer> = 0x0000000000000000 (0)
00:00:07.110114   MonitorCount          <integer> = 0x0000000000000001 (1)
00:00:07.110115   ShowBootMenu          <integer> = 0x0000000000000002 (2)
00:00:07.110116   VMSVGA3dEnabled       <integer> = 0x0000000000000000 (0)
00:00:07.110117   VMSVGAEnabled         <integer> = 0x0000000000000001 (1)
00:00:07.110118   VMSVGAPciBarLayout    <integer> = 0x0000000000000001 (1)
00:00:07.110119   VMSVGAPciId           <integer> = 0x0000000000000001 (1)
00:00:07.110129   VRamSize              <integer> = 0x0000000001000000 (16 777 216, 16.0 MiB)
00:00:07.110131   VmSvga3               <integer> = 0x0000000000000000 (0)
00:00:07.110132   VmSvgaExposeLegacyVga <integer> = 0x0000000000000001 (1)
00:00:07.110133 
00:00:07.110133 [/Devices/vga/0/LUN#0/] (level 4)
00:00:07.110135   Driver <string>  = "MainDisplay" (cb=12)
00:00:07.110135 
00:00:07.110135 [/Devices/vga/0/LUN#0/Config/] (level 5)
00:00:07.110137 
00:00:07.110137 [/Devices/vga/0/LUN#999/] (level 4)
00:00:07.110138   Driver <string>  = "MainStatus" (cb=11)
00:00:07.110139 
00:00:07.110139 [/Devices/vga/0/LUN#999/Config/] (level 5)
00:00:07.110140   First                <integer> = 0x0000000000000000 (0)
00:00:07.110142   HasMediumAttachments <integer> = 0x0000000000000000 (0)
00:00:07.110142   Last                 <integer> = 0x0000000000000000 (0)
00:00:07.110143   iLedSet              <integer> = 0x0000000000000000 (0)
00:00:07.110144 
00:00:07.110145 [/Devices/virtio-net/] (level 2)
00:00:07.110182 
00:00:07.110182 [/EM/] (level 1)
00:00:07.110183   TripleFaultReset <integer> = 0x0000000000000000 (0)
00:00:07.110184 
00:00:07.110184 [/GCM/] (level 1)
00:00:07.110185   MesaVmsvgaDrv <integer> = 0x0000000000000001 (1)
00:00:07.110186 
00:00:07.110186 [/GIM/] (level 1)
00:00:07.110187   Provider <string>  = "KVM" (cb=4)
00:00:07.110188 
00:00:07.110188 [/HM/] (level 1)
00:00:07.110190   64bitEnabled            <integer> = 0x0000000000000001 (1)
00:00:07.110191   EnableLargePages        <integer> = 0x0000000000000001 (1)
00:00:07.110192   EnableNestedPaging      <integer> = 0x0000000000000001 (1)
00:00:07.110193   EnableUX                <integer> = 0x0000000000000001 (1)
00:00:07.110194   EnableVPID              <integer> = 0x0000000000000001 (1)
00:00:07.110195   Exclusive               <integer> = 0x0000000000000002 (2)
00:00:07.110196   HMForced                <integer> = 0x0000000000000001 (1)
00:00:07.110197   IBPBOnVMEntry           <integer> = 0x0000000000000000 (0)
00:00:07.110198   IBPBOnVMExit            <integer> = 0x0000000000000000 (0)
00:00:07.110199   L1DFlushOnSched         <integer> = 0x0000000000000001 (1)
00:00:07.110200   L1DFlushOnVMEntry       <integer> = 0x0000000000000000 (0)
00:00:07.110201   LovelyMesaDrvWorkaround <integer> = 0x0000000000000001 (1)
00:00:07.110201   MDSClearOnSched         <integer> = 0x0000000000000001 (1)
00:00:07.110202   MDSClearOnVMEntry       <integer> = 0x0000000000000000 (0)
00:00:07.110203   SpecCtrlByHost          <integer> = 0x0000000000000000 (0)
00:00:07.110204   SvmVirtVmsaveVmload     <integer> = 0x0000000000000000 (0)
00:00:07.110204   UseNEMInstead           <integer> = 0x0000000000000000 (0)
00:00:07.110205 
00:00:07.110205 [/MM/] (level 1)
00:00:07.110206   CanUseLargerHeap <integer> = 0x0000000000000000 (0)
00:00:07.110207 
00:00:07.110207 [/NEM/] (level 1)
00:00:07.110208   Allow64BitGuests        <integer> = 0x0000000000000001 (1)
00:00:07.110209   IBPBOnVMEntry           <integer> = 0x0000000000000000 (0)
00:00:07.110210   IBPBOnVMExit            <integer> = 0x0000000000000000 (0)
00:00:07.110211   L1DFlushOnSched         <integer> = 0x0000000000000001 (1)
00:00:07.110212   L1DFlushOnVMEntry       <integer> = 0x0000000000000000 (0)
00:00:07.110213   LovelyMesaDrvWorkaround <integer> = 0x0000000000000001 (1)
00:00:07.110213   MDSClearOnSched         <integer> = 0x0000000000000001 (1)
00:00:07.110214   MDSClearOnVMEntry       <integer> = 0x0000000000000000 (0)
00:00:07.110215 
00:00:07.110216 [/PDM/] (level 1)
00:00:07.110216 
00:00:07.110217 [/PDM/AsyncCompletion/] (level 2)
00:00:07.110218 
00:00:07.110218 [/PDM/AsyncCompletion/File/] (level 3)
00:00:07.110219 
00:00:07.110220 [/PDM/AsyncCompletion/File/BwGroups/] (level 4)
00:00:07.110221 
00:00:07.110221 [/PDM/BlkCache/] (level 2)
00:00:07.110222   CacheSize <integer> = 0x0000000000500000 (5 242 880, 5.0 MiB)
00:00:07.110224 
00:00:07.110224 [/PDM/Devices/] (level 2)
00:00:07.110225 
00:00:07.110225 [/PDM/Drivers/] (level 2)
00:00:07.110228 
00:00:07.110229 [/PDM/Drivers/VBoxC/] (level 3)
00:00:07.110230   Path <string>  = "VBoxC" (cb=6)
00:00:07.110231 
00:00:07.110231 [/PDM/NetworkShaper/] (level 2)
00:00:07.110232 
00:00:07.110232 [/PDM/NetworkShaper/BwGroups/] (level 3)
00:00:07.110234 
00:00:07.110234 [/TM/] (level 1)
00:00:07.110235   UTCOffset <integer> = 0x0000000000000000 (0)
00:00:07.110236 
00:00:07.110236 [/USB/] (level 1)
00:00:07.110237 
00:00:07.110237 [/USB/HidMouse/] (level 2)
00:00:07.110238 
00:00:07.110238 [/USB/HidMouse/0/] (level 3)
00:00:07.110239 
00:00:07.110240 [/USB/HidMouse/0/Config/] (level 4)
00:00:07.110241   Mode <string>  = "absolute" (cb=9)
00:00:07.110242 
00:00:07.110242 [/USB/HidMouse/0/LUN#0/] (level 4)
00:00:07.110243   Driver <string>  = "MouseQueue" (cb=11)
00:00:07.110244 
00:00:07.110244 [/USB/HidMouse/0/LUN#0/AttachedDriver/] (level 5)
00:00:07.110268   Driver <string>  = "MainMouse" (cb=10)
00:00:07.110270 
00:00:07.110270 [/USB/HidMouse/0/LUN#0/Config/] (level 5)
00:00:07.110273   QueueSize <integer> = 0x0000000000000080 (128, 128 B)
00:00:07.110275 
00:00:07.110275 [/USB/USBProxy/] (level 2)
00:00:07.110277 
00:00:07.110277 [/USB/USBProxy/GlobalConfig/] (level 3)
00:00:07.110278 
00:00:07.110279 ********************* End of CFGM dump **********************
00:00:07.110405 HM: HMR3Init: VT-x w/ nested paging and unrestricted guest execution hw support
00:00:07.110502 CPUM: fXStateHostMask=0xe7; host XCR0=0xe7
00:00:07.111235 CPUM: Matched host CPU INTEL 0x6/0x8c/0x1 Intel_Core7_TigerLake with CPU DB entry 'Intel Core i7-6700K' (INTEL 0x6/0x5e/0x3 Intel_Core7_Skylake)
00:00:07.111369 CPUM: MXCSR_MASK=0xffff (host: 0xffff)
00:00:07.111390 CPUM: Microcode revision 0x000000B4
00:00:07.111407 CPUM: Changing leaf 13[0]: EBX=0xa80 -> 0x340, ECX=0xa88 -> 0x340
00:00:07.111429 CPUM: MSR/CPUID reconciliation insert: 0x0000010b IA32_FLUSH_CMD
00:00:07.111437 CPUM: MSR/CPUID reconciliation insert: 0x0000010a IA32_ARCH_CAPABILITIES
00:00:07.111446 CPUM: MSR fudge: 0x00000122 IA32_TSX_CTRL
00:00:07.111450 CPUM: MSR fudge: 0x00000123 IA32_MCU_OPT_CTRL
00:00:07.111460 CPUM: SetGuestCpuIdFeature: Enabled SYSENTER/EXIT
00:00:07.111463 CPUM: SetGuestCpuIdFeature: Enabled SYSCALL/RET
00:00:07.111466 CPUM: SetGuestCpuIdFeature: Enabled PAE
00:00:07.111469 CPUM: SetGuestCpuIdFeature: Enabled LAHF/SAHF
00:00:07.111472 CPUM: SetGuestCpuIdFeature: Enabled NX
00:00:07.111476 CPUM: SetGuestCpuIdFeature: Enabled LONG MODE
00:00:07.111480 CPUM: Enabled MTRR read-write support
00:00:07.111484 CPUM: Enabled fixed-range MTRRs and 16 (virtualized) variable-range MTRRs
00:00:07.112344 PGM: Host paging mode: AMD64+PGE+NX
00:00:07.112364 PGM: PGMPool: cMaxPages=1536 (u64MaxPages=1281)
00:00:07.112368 PGM: pgmR3PoolInit: cMaxPages=0x600 cMaxUsers=0xc00 cMaxPhysExts=0xc00 fCacheEnable=true
00:00:07.158880 TM: GIP - u32Mode=3 (Invariant) u32UpdateHz=93 u32UpdateIntervalNS=10741500 enmUseTscDelta=2 (Practically Zero) fGetGipCpu=0x1b cCpus=8
00:00:07.158913 TM: GIP - u64CpuHz=2 419 200 303 (0x9032112f)  SUPGetCpuHzFromGip => 2 419 200 303
00:00:07.158920 TM: GIP - CPU: iCpuSet=0x0 idCpu=0x0 idApic=0x0 iGipCpu=0x0 i64TSCDelta=0 enmState=3 u64CpuHz=2419200303(*) cErrors=0
00:00:07.158926 TM: GIP - CPU: iCpuSet=0x1 idCpu=0x1 idApic=0x1 iGipCpu=0x2 i64TSCDelta=0 enmState=3 u64CpuHz=2419196096(*) cErrors=0
00:00:07.158930 TM: GIP - CPU: iCpuSet=0x2 idCpu=0x2 idApic=0x2 iGipCpu=0x1 i64TSCDelta=0 enmState=3 u64CpuHz=2419185457(*) cErrors=0
00:00:07.158934 TM: GIP - CPU: iCpuSet=0x3 idCpu=0x3 idApic=0x3 iGipCpu=0x3 i64TSCDelta=0 enmState=3 u64CpuHz=2419198482(*) cErrors=0
00:00:07.158938 TM: GIP - CPU: iCpuSet=0x4 idCpu=0x4 idApic=0x4 iGipCpu=0x4 i64TSCDelta=-2 enmState=3 u64CpuHz=2419200003(*) cErrors=0
00:00:07.158942 TM: GIP - CPU: iCpuSet=0x5 idCpu=0x5 idApic=0x5 iGipCpu=0x7 i64TSCDelta=0 enmState=3 u64CpuHz=2419200277(*) cErrors=0
00:00:07.158946 TM: GIP - CPU: iCpuSet=0x6 idCpu=0x6 idApic=0x6 iGipCpu=0x6 i64TSCDelta=0 enmState=3 u64CpuHz=2419200305(*) cErrors=0
00:00:07.158950 TM: GIP - CPU: iCpuSet=0x7 idCpu=0x7 idApic=0x7 iGipCpu=0x5 i64TSCDelta=0 enmState=3 u64CpuHz=2419200097(*) cErrors=0
00:00:07.158969 TM:     cTSCTicksPerSecond=2 419 200 303 (0x9032112f) enmTSCMode=1 (VirtTSCEmulated) TSCMultiplier=1
00:00:07.158971 TM: cTSCTicksPerSecondHost=2 419 200 303 (0x9032112f)
00:00:07.158972 TM: TSCTiedToExecution=false TSCNotTiedToHalt=false
00:00:07.159945 EMR3Init: fIemExecutesAll=false fGuruOnTripleFault=true
00:00:07.160332 IEM: TargetCpu=CURRENT, Microarch=Intel_Core7_TigerLake aidxTargetCpuEflFlavour={1,0}
00:00:07.161235 GIM: Using provider 'KVM' (Implementation version: 0)
00:00:07.161249 CPUM: SetGuestCpuIdFeature: Enabled Hypervisor Present bit
00:00:07.161277 GCM: Initialized - Fixer bits: 0x8 (MesaVmsvgaDrv)
00:00:07.161347 AIOMgr: Default manager type is 'Async'
00:00:07.161351 AIOMgr: Default file backend is 'NonBuffered'
00:00:07.161400 BlkCache: Cache successfully initialized. Cache size is 5242880 bytes
00:00:07.161405 BlkCache: Cache commit interval is 10000 ms
00:00:07.161409 BlkCache: Cache commit threshold is 2621440 bytes
00:00:07.794228 PcBios: [SMP] BIOS with 2 CPUs
00:00:07.794259 PcBios: Using the 386+ BIOS image.
00:00:07.794364 PcBios: MPS table at 000e1300
00:00:07.806421 PcBios: fCheckShutdownStatusForSoftReset=true  fClearShutdownStatusOnHardReset=true
00:00:07.843495 SUP: Opened VBoxDDR0.r0 (D:\VBox/VBoxDDR0.r0) at 0xXXXXXXXXXXXXXXXX loaded by the native ring-0 loader.
00:00:07.843518 SUP: windbg> .reload /f D:\VBox/VBoxDDR0.r0=0xXXXXXXXXXXXXXXXX
00:00:07.843870 PDM: VirtualBox APIC backend registered
00:00:07.843883 CPUM: SetGuestCpuIdFeature: Enabled xAPIC
00:00:07.843888 CPUM: SetGuestCpuIdFeature: Enabled x2APIC
00:00:07.845346 IOAPIC: Version=2.0 ChipType=ICH9
00:00:07.845498 PIT: mode=3 count=0x10000 (65536) - 18.20 Hz (ch=0)
00:00:07.845805 VMMDev: cbDefaultBudget: 700 209 834 (29bc5aaa)
00:00:07.888930 Shared Folders service loaded
00:00:07.906620 Guest Control service loaded
00:00:08.029883 VGA: Using the 386+ BIOS image.
00:00:08.031501 DrvVD: Flushes will be ignored
00:00:08.031529 DrvVD: Async flushes will be passed to the disk
00:00:08.033023 VD: VDInit finished with VINF_SUCCESS
00:00:08.033814 AIOMgr: Endpoint for file 'D:\VirtualBox VMs\Linux Server\Server.vdi' (flags 000c0723) created successfully
00:00:08.035589 VD: Opening the disk took 2877599 ns
00:00:08.035691 AHCI: LUN#0: disk, PCHS=16383/16/63, total number of sectors 41943040
00:00:08.035991 AHCI#0: Reset the HBA
00:00:08.036007 VD#0: Cancelling all active requests
00:00:08.051001 DrvVD: Flushes will be ignored
00:00:08.051038 DrvVD: Async flushes will be passed to the disk
00:00:08.051084 PIIX3 ATA: LUN#0: CD/DVD, total number of sectors 0, passthrough disabled
00:00:08.051200 PIIX3 ATA: LUN#1: no unit
00:00:08.051269 PIIX3 ATA: LUN#2: no unit
00:00:08.051275 PIIX3 ATA: LUN#3: no unit
00:00:08.051316 PIIX3 ATA: Ctl#0: finished processing RESET
00:00:08.051463 PIIX3 ATA: Ctl#1: finished processing RESET
00:00:08.051609 E1000#0: Chip=82540EM LinkUpDelay=5000ms EthernetCRC=on GSO=enabled Itr=disabled ItrRx=enabled TID=disabled R0=enabled RC=disabled
00:00:08.051894 UDPTunnel#0: sport=10047;dest=127.0.0.1;dport=10048
00:00:08.077739 E1000#1: Chip=82540EM LinkUpDelay=5000ms EthernetCRC=on GSO=enabled Itr=disabled ItrRx=enabled TID=disabled R0=enabled RC=disabled
00:00:08.077864 UDPTunnel#1: sport=10049;dest=127.0.0.1;dport=10050
00:00:08.078147 AC97: Using codec 'AD1980'
00:00:08.114406 WasAPI: Input device is: {Default} (iface 0000025ae466b480)
00:00:08.115904 WasAPI: Output device is: {Default} (iface 0000025ae466b340)
00:00:08.121112 Audio: Found 7 devices for driver 'WasAPI'
00:00:08.121137 Audio: Device 'Headphones (OPPO Enco Buds3 Pro)':
00:00:08.121137 Audio:   ID              = {0.0.0.00000000}.{118781e0-514f-4c20-b0f9-473a82d98599}
00:00:08.121138 Audio:   Usage           = output
00:00:08.121138 Audio:   Flags           = DEFAULT_OUT
00:00:08.121138 Audio:   Input channels  = 0
00:00:08.121139 Audio:   Output channels = 2
00:00:08.121142 Audio: Device 'Headphones (OPPO Enco Buds3 Pro)':
00:00:08.121142 Audio:   ID              = {0.0.0.00000000}.{118781e0-514f-4c20-b0f9-473a82d98599}
00:00:08.121143 Audio:   Usage           = output
00:00:08.121143 Audio:   Flags           = NONE
00:00:08.121143 Audio:   Input channels  = 0
00:00:08.121143 Audio:   Output channels = 2
00:00:08.121146 Audio: Device 'VA249HG (HD Audio Driver for Display Audio)':
00:00:08.121146 Audio:   ID              = {0.0.0.00000000}.{84d55425-7a0a-4e5a-8dd3-6ca262647c4a}
00:00:08.121147 Audio:   Usage           = output
00:00:08.121147 Audio:   Flags           = NONE
00:00:08.121147 Audio:   Input channels  = 0
00:00:08.121147 Audio:   Output channels = 2
00:00:08.121150 Audio: Device 'Speaker (Realtek(R) Audio)':
00:00:08.121150 Audio:   ID              = {0.0.0.00000000}.{f3f11c6b-1213-4b06-bc9b-2c5347df0a6d}
00:00:08.121151 Audio:   Usage           = output
00:00:08.121151 Audio:   Flags           = NONE
00:00:08.121151 Audio:   Input channels  = 0
00:00:08.121151 Audio:   Output channels = 2
00:00:08.121154 Audio: Device 'Microphone Array (Intel® Smart Sound Technology for Digital Microphones)':
00:00:08.121154 Audio:   ID              = {0.0.1.00000000}.{76d89b0a-6656-41f1-a428-aaa7c4315f47}
00:00:08.121155 Audio:   Usage           = input
00:00:08.121155 Audio:   Flags           = DEFAULT_IN
00:00:08.121155 Audio:   Input channels  = 2
00:00:08.121155 Audio:   Output channels = 0
00:00:08.121159 Audio: Device 'Microphone Array (Intel® Smart Sound Technology for Digital Microphones)':
00:00:08.121159 Audio:   ID              = {0.0.1.00000000}.{76d89b0a-6656-41f1-a428-aaa7c4315f47}
00:00:08.121159 Audio:   Usage           = input
00:00:08.121159 Audio:   Flags           = NONE
00:00:08.121160 Audio:   Input channels  = 2
00:00:08.121160 Audio:   Output channels = 0
00:00:08.121167 Audio: Device 'Headset (OPPO Enco Buds3 Pro)':
00:00:08.121168 Audio:   ID              = {0.0.1.00000000}.{862e1efa-6e0d-4f0d-8b3e-1dba4c6694be}
00:00:08.121168 Audio:   Usage           = input
00:00:08.121168 Audio:   Flags           = NONE
00:00:08.121168 Audio:   Input channels  = 1
00:00:08.121169 Audio:   Output channels = 0
00:00:08.121357 AC97: Reset
00:00:08.121369 AC97: Mixer reset (EAID=0x809, EACS=0x9)
00:00:08.121374 AC97: Record select to left=mic, right=mic
00:00:08.121378 Audio Mixer: MUTING master volume of 'AC'97 Mixer' -- channel volumes: ff ff ff ff ff ff ff ff ff ff ff ff
00:00:08.121387 Audio Mixer: MUTING sink 'AC'97 Mixer/Line In' -- channel volumes: 00 00 00 00 00 00 00 00 00 00 00 00
00:00:08.121393 Audio Mixer: MUTING sink 'AC'97 Mixer/Microphone In' -- channel volumes: 00 00 00 00 00 00 00 00 00 00 00 00
00:00:08.121398 Audio Mixer: MUTING sink 'AC'97 Mixer/PCM Output' -- channel volumes: 00 00 00 00 00 00 00 00 00 00 00 00
00:00:08.121404 Audio Mixer: MUTING sink 'AC'97 Mixer/PCM Output' -- channel volumes: 00 00 00 00 00 00 00 00 00 00 00 00
00:00:08.121409 Audio Mixer: MUTING sink 'AC'97 Mixer/Line In' -- channel volumes: 00 00 00 00 00 00 00 00 00 00 00 00
00:00:08.121413 Audio Mixer: MUTING sink 'AC'97 Mixer/Line In' -- channel volumes: 00 00 00 00 00 00 00 00 00 00 00 00
00:00:08.121418 Audio Mixer: MUTING sink 'AC'97 Mixer/Microphone In' -- channel volumes: 00 00 00 00 00 00 00 00 00 00 00 00
00:00:08.122387 Serial#0: emulating 16550A (IOAddress: 03f8 IRQ: 4)
00:00:08.122616 NamedPipe: location \\.\pipe\gns3_vbox\a698d25f-f5b0-4c51-9228-39d724a8c004, server
00:00:08.123196 VUSB: Attached 'HidMouse' to port 1 on RootHub#1 (FullSpeed)
00:00:08.123221 PGM: The CPU physical address width is 39 bits
00:00:08.123231 PGM: PGMR3InitFinalize: 4 MB PSE mask 0000007fffffffff -> VINF_SUCCESS
00:00:08.123243 TM: TMR3InitFinalize: fTSCModeSwitchAllowed=true
00:00:08.123408 CPUM: Mapped 1.0MiB (1048576 bytes) of RAM using fixed-range MTRRs
00:00:08.123419 CPUM: Mapped 2.4GiB (2616197120 bytes) of RAM using 5 variable-range MTRRs
00:00:08.123556 CPUM: Host IA32_ARCH_CAPABILITIES  = 0x2005c6b
00:00:08.123560 CPUM: Guest IA32_ARCH_CAPABILITIES = 0x4069
00:00:08.123571 VMM: Thread-context hooks unavailable
00:00:08.123575 VMM: RTThreadPreemptIsPending() can be trusted
00:00:08.123578 VMM: Kernel preemption is possible
00:00:08.123619 HM: Host MSR_IA32_FEATURE_CONTROL = 0x5
00:00:08.123642 HM: fWorldSwitcher=0x0 (fIbpbOnVmExit=false fIbpbOnVmEntry=false fL1dFlushOnVmEntry=false); fL1dFlushOnSched=false fMdsClearOnVmEntry=false
00:00:08.123651 HM: Using VT-x implementation 3.0
00:00:08.123652 HM: VT-x init method                  = Manual
00:00:08.123653 HM: Max resume loops                  = 8192
00:00:08.123654 HM: Host CR0                          = 0x80050033
00:00:08.123654 HM: Host CR4                          = 0xb50ef8
00:00:08.123655 HM: Host EFER                         = 0xd01
00:00:08.123656 HM: Host SMM_MONITOR_CTL              = 0x0
00:00:08.123656 HM: Host CORE_CAPABILITIES            = 0x69
00:00:08.123657 HM: Host MEMORY_CTRL                  = 0x0
00:00:08.123658 HM: Host DR6 zero'ed                  = 0xffff0ff0
00:00:08.123661 HM: MSR_IA32_FEATURE_CONTROL          = 0x5
00:00:08.123661 HM:   LOCK
00:00:08.123662 HM:   VMXON
00:00:08.123664 HM: MSR_IA32_VMX_BASIC                = 0x1da050000000013
00:00:08.123665 HM:   VMCS id                           = 0x13
00:00:08.123666 HM:   VMCS size                         = 1280 bytes
00:00:08.123666 HM:   VMCS physical address limit       = None
00:00:08.123667 HM:   VMCS memory type                  = Write Back (WB)
00:00:08.123667 HM:   Dual-monitor treatment support    = true
00:00:08.123668 HM:   OUTS & INS instruction-info       = true
00:00:08.123669 HM:   Supports true-capability MSRs     = true
00:00:08.123669 HM:   VM-entry Xcpt error-code optional = true
00:00:08.123671 HM: MSR_IA32_VMX_PINBASED_CTLS        = 0xff00000016
00:00:08.123672 HM:   EXT_INT_EXIT
00:00:08.123673 HM:   NMI_EXIT
00:00:08.123673 HM:   VIRTUAL_NMI
00:00:08.123673 HM:   PREEMPT_TIMER
00:00:08.123674 HM:   POSTED_INT
00:00:08.123674 HM: MSR_IA32_VMX_PROCBASED_CTLS       = 0xfffbfffe0401e172
00:00:08.123675 HM:   INT_WINDOW_EXIT
00:00:08.123675 HM:   USE_TSC_OFFSETTING
00:00:08.123676 HM:   HLT_EXIT
00:00:08.123676 HM:   INVLPG_EXIT
00:00:08.123676 HM:   MWAIT_EXIT
00:00:08.123677 HM:   RDPMC_EXIT
00:00:08.123677 HM:   RDTSC_EXIT
00:00:08.123677 HM:   CR3_LOAD_EXIT (must be set)
00:00:08.123678 HM:   CR3_STORE_EXIT (must be set)
00:00:08.123678 HM:   USE_TERTIARY_CTLS
00:00:08.123678 HM:   CR8_LOAD_EXIT
00:00:08.123679 HM:   CR8_STORE_EXIT
00:00:08.123679 HM:   USE_TPR_SHADOW
00:00:08.123679 HM:   NMI_WINDOW_EXIT
00:00:08.123680 HM:   MOV_DR_EXIT
00:00:08.123680 HM:   UNCOND_IO_EXIT
00:00:08.123680 HM:   USE_IO_BITMAPS
00:00:08.123681 HM:   MONITOR_TRAP_FLAG
00:00:08.123681 HM:   USE_MSR_BITMAPS
00:00:08.123681 HM:   MONITOR_EXIT
00:00:08.123682 HM:   PAUSE_EXIT
00:00:08.123682 HM:   USE_SECONDARY_CTLS
00:00:08.123682 HM: MSR_IA32_VMX_PROCBASED_CTLS2      = 0x35f3fff00000000
00:00:08.123683 HM:   VIRT_APIC_ACCESS
00:00:08.123683 HM:   EPT
00:00:08.123684 HM:   DESC_TABLE_EXIT
00:00:08.123684 HM:   RDTSCP
00:00:08.123684 HM:   VIRT_X2APIC_MODE
00:00:08.123685 HM:   VPID
00:00:08.123685 HM:   WBINVD_EXIT
00:00:08.123686 HM:   UNRESTRICTED_GUEST
00:00:08.123686 HM:   APIC_REG_VIRT
00:00:08.123686 HM:   VIRT_INT_DELIVERY
00:00:08.123687 HM:   PAUSE_LOOP_EXIT
00:00:08.123716 HM:   RDRAND_EXIT
00:00:08.123717 HM:   INVPCID
00:00:08.123717 HM:   VMFUNC
00:00:08.123717 HM:   VMCS_SHADOWING (must be cleared)
00:00:08.123719 HM:   ENCLS_EXIT (must be cleared)
00:00:08.123719 HM:   RDSEED_EXIT
00:00:08.123720 HM:   PML
00:00:08.123720 HM:   EPT_XCPT_VE
00:00:08.123722 HM:   CONCEAL_VMX_FROM_PT
00:00:08.123722 HM:   XSAVES_XRSTORS
00:00:08.123722 HM:   PASID_TRANSLATE (must be cleared)
00:00:08.123723 HM:   MODE_BASED_EPT_PERM
00:00:08.123723 HM:   SPP_EPT (must be cleared)
00:00:08.123724 HM:   PT_EPT
00:00:08.123725 HM:   TSC_SCALING
00:00:08.123725 HM:   USER_WAIT_PAUSE (must be cleared)
00:00:08.123725 HM:   PCONFIG (must be cleared)
00:00:08.123727 HM:   ENCLV_EXIT (must be cleared)
00:00:08.123727 HM:   BUS_LOCK_DETECT (must be cleared)
00:00:08.123728 HM:   INSTR_TIMEOUT (must be cleared)
00:00:08.123728 HM: MSR_IA32_VMX_PROCBASED_CTLS3      = 0x1
00:00:08.123730 HM:   LOADIWKEY_EXIT                    = true
00:00:08.123730 HM:   HLAT                              = false
00:00:08.123731 HM:   EPT_PAGING_WRITE                  = false
00:00:08.123731 HM:   GST_PAGING_VERIFY                 = false
00:00:08.123733 HM:   IPI_VIRT                          = false
00:00:08.123734 HM:   VIRT_SPEC_CTRL                    = false
00:00:08.123734 HM: MSR_IA32_VMX_ENTRY_CTLS           = 0x16ffff000011ff
00:00:08.123736 HM:   LOAD_DEBUG (must be set)
00:00:08.123737 HM:   IA32E_MODE_GUEST
00:00:08.123737 HM:   ENTRY_TO_SMM
00:00:08.123737 HM:   DEACTIVATE_DUAL_MON
00:00:08.123738 HM:   LOAD_PERF_MSR
00:00:08.123739 HM:   LOAD_PAT_MSR
00:00:08.123740 HM:   LOAD_EFER_MSR
00:00:08.123740 HM:   LOAD_BNDCFGS_MSR (must be cleared)
00:00:08.123741 HM:   CONCEAL_VMX_FROM_PT
00:00:08.123742 HM:   LOAD_RTIT_CTL_MSR
00:00:08.123743 HM:   LOAD_UINV (must be cleared)
00:00:08.123743 HM:   LOAD_CET_STATE
00:00:08.123744 HM:   LOAD_LBR_CTL_MSR (must be cleared)
00:00:08.123745 HM:   LOAD_PKRS_MSR (must be cleared)
00:00:08.123746 HM: MSR_IA32_VMX_EXIT_CTLS            = 0x137fffff00036dff
00:00:08.123748 HM:   SAVE_DEBUG (must be set)
00:00:08.123748 HM:   HOST_ADDR_SPACE_SIZE
00:00:08.123749 HM:   LOAD_PERF_MSR
00:00:08.123749 HM:   ACK_EXT_INT
00:00:08.123749 HM:   SAVE_PAT_MSR
00:00:08.123750 HM:   LOAD_PAT_MSR
00:00:08.123750 HM:   SAVE_EFER_MSR
00:00:08.123750 HM:   LOAD_EFER_MSR
00:00:08.123751 HM:   SAVE_PREEMPT_TIMER
00:00:08.123751 HM:   CLEAR_BNDCFGS_MSR (must be cleared)
00:00:08.123751 HM:   CONCEAL_VMX_FROM_PT
00:00:08.123752 HM:   CLEAR_RTIT_CTL_MSR
00:00:08.123752 HM:   CLEAR_LBR_CTL_MSR (must be cleared)
00:00:08.123752 HM:   CLEAR_UINV (must be cleared)
00:00:08.123753 HM:   LOAD_CET_STATE
00:00:08.123754 HM:   LOAD_PKRS_MSR (must be cleared)
00:00:08.123755 HM:   SAVE_PERF_MSR (must be cleared)
00:00:08.123758 HM: MSR_IA32_VMX_TRUE_PINBASED_CTLS   = 0xff00000016
00:00:08.123758 HM: MSR_IA32_VMX_TRUE_PROCBASED_CTLS  = 0xfffbfffe04006172
00:00:08.123759 HM: MSR_IA32_VMX_TRUE_ENTRY_CTLS      = 0x16ffff000011fb
00:00:08.123760 HM: MSR_IA32_VMX_TRUE_EXIT_CTLS       = 0x137fffff00036dfb
00:00:08.123760 HM: MSR_IA32_VMX_MISC                 = 0x7004c1e7
00:00:08.123761 HM:   PREEMPT_TIMER_TSC                 = 0x7
00:00:08.123761 HM:   EXIT_SAVE_EFER_LMA                = true
00:00:08.123762 HM:   ACTIVITY_STATES                   = 0x7 ( HLT SHUTDOWN SIPI_WAIT )
00:00:08.123762 HM:   INTEL_PT                          = true
00:00:08.123763 HM:   SMM_READ_SMBASE_MSR               = true
00:00:08.123763 HM:   CR3_TARGET                        = 0x4
00:00:08.123764 HM:   MAX_MSR                           = 0x0 ( 512 )
00:00:08.123765 HM:   VMXOFF_BLOCK_SMI                  = true
00:00:08.123765 HM:   VMWRITE_ALL                       = true
00:00:08.123766 HM:   ENTRY_INJECT_SOFT_INT             = 0x1
00:00:08.123766 HM:   MSEG_ID                           = 0x0
00:00:08.123767 HM: MSR_IA32_VMX_VMCS_ENUM            = 0x2e
00:00:08.123767 HM:   HIGHEST_IDX                       = 0x17
00:00:08.123768 HM: MSR_IA32_VMX_EPT_VPID_CAP         = 0xf0106f34141
00:00:08.123768 HM:   RWX_X_ONLY
00:00:08.123769 HM:   PAGE_WALK_LENGTH_4
00:00:08.123769 HM:   MEMTYPE_UC
00:00:08.123769 HM:   MEMTYPE_WB
00:00:08.123770 HM:   PDE_2M
00:00:08.123770 HM:   PDPTE_1G
00:00:08.123770 HM:   INVEPT
00:00:08.123771 HM:   ACCESS_DIRTY
00:00:08.123771 HM:   ADVEXITINFO_EPT_VIOLATION
00:00:08.123771 HM:   SUPER_SHW_STACK
00:00:08.123771 HM:   INVEPT_SINGLE_CONTEXT
00:00:08.123772 HM:   INVEPT_ALL_CONTEXTS
00:00:08.123772 HM:   INVVPID
00:00:08.123773 HM:   INVVPID_INDIV_ADDR
00:00:08.123773 HM:   INVVPID_SINGLE_CONTEXT
00:00:08.123773 HM:   INVVPID_ALL_CONTEXTS
00:00:08.123774 HM:   INVVPID_SINGLE_CONTEXT_RETAIN_GLOBALS
00:00:08.123774 HM: MSR_IA32_VMX_VMFUNC               = 0x1
00:00:08.123775 HM:   EPTP_SWITCHING
00:00:08.123775 HM: MSR_IA32_VMX_CR0_FIXED0           = 0x80000021
00:00:08.123776 HM: MSR_IA32_VMX_CR0_FIXED1           = 0xffffffff
00:00:08.123776 HM: MSR_IA32_VMX_CR4_FIXED0           = 0x2000
00:00:08.123777 HM: MSR_IA32_VMX_CR4_FIXED1           = 0xff2fff
00:00:08.123780 HM: Guest support: 32-bit and 64-bit
00:00:08.123787 HM: Supports VMCS EFER fields         = true
00:00:08.123788 HM: Enabled VMX
00:00:08.123791 HM: Enabled nested paging
00:00:08.123792 HM:   EPT flush type                  = Single context
00:00:08.123792 HM: Enabled unrestricted guest execution
00:00:08.123793 HM: Enabled large page support
00:00:08.123793 HM: Enabled VPID
00:00:08.123793 HM:   VPID flush type                 = Single context
00:00:08.123794 HM: Enabled VMX-preemption timer (cPreemptTimerShift=7)
00:00:08.123794 HM: VT-x/AMD-V init method: Global
00:00:08.123795 EM: Exit history optimizations: enabled=true enabled-r0=true enabled-r0-no-preemption=false
00:00:08.123831 PcBios: SATA LUN#0 LCHS=1024/255/63
00:00:08.123844 APIC: fPostedIntrsEnabled=false fVirtApicRegsEnabled=false fSupportsTscDeadline=false
00:00:08.123850 TMR3UtcNow: nsNow=1 776 160 869 841 469 700 nsPrev=0 -> cNsDelta=1 776 160 869 841 469 700 (offLag=0 offVirtualSync=0 offVirtualSyncGivenUp=0, NowAgain=1 776 160 869 841 469 700)
00:00:08.123859 VMM: fUsePeriodicPreemptionTimers=false
00:00:08.123865 CPUM: Logical host processors: 8 present, 8 max, 8 online, online mask: 00000000000000ff
00:00:08.123867 CPUM: Physical host cores: 4
00:00:08.123868 ************************ CPUID dump *************************
00:00:08.124614          Raw Standard CPUID Leaves
00:00:08.124614      Leaf/sub-leaf  eax      ebx      ecx      edx
00:00:08.124617 Gst: 00000000/0000  00000016 756e6547 6c65746e 49656e69
00:00:08.124618 Hst:                0000001b 756e6547 6c65746e 49656e69
00:00:08.124619 Gst: 00000001/0000  000806c1 00020800 f6fa3203 178bfbff
00:00:08.124620 Hst:                000806c1 04100800 7ffafbbf bfebfbff
00:00:08.124621 Gst: 00000002/0000  00feff01 000000f0 00000000 00000000
00:00:08.124621 Hst:                00feff01 000000f0 00000000 00000000
00:00:08.124622 Gst: 00000003/0000  00000000 00000000 00000000 00000000
00:00:08.124622 Hst:                00000000 00000000 00000000 00000000
00:00:08.124623 Gst: 00000004/0000  04000121 02c0003f 0000003f 00000000
00:00:08.124624 Hst:                1c004121 02c0003f 0000003f 00000000
00:00:08.124624 Gst: 00000004/0001  04000122 01c0003f 0000003f 00000000
00:00:08.124625 Hst:                1c004122 01c0003f 0000003f 00000000
00:00:08.124625 Gst: 00000004/0002  04000143 04c0003f 000003ff 00000000
00:00:08.124626 Hst:                1c004143 04c0003f 000003ff 00000000
00:00:08.124627 Gst: 00000004/0003  04000163 01c0003f 00003fff 00000004
00:00:08.124627 Hst:                1c03c163 01c0003f 00003fff 00000004
00:00:08.124628 Gst: 00000004/0004  04000000 00000000 00000000 00000000
00:00:08.124628 Hst:                00000000 00000000 00000000 00000000
00:00:08.124629 Gst: 00000005/0000  00000000 00000000 00000000 00000000
00:00:08.124629 Hst:                00000040 00000040 00000003 11121020
00:00:08.124630 Gst: 00000006/0000  00000004 00000000 00000000 00000000
00:00:08.124631 Hst:                0017eff7 00000002 00000009 00000000
00:00:08.124631 Gst: 00000007/0000  00000002 208c2569 00000000 30000400
00:00:08.124632 Hst:                00000002 f3bfa7eb 18c05fce fc100710
00:00:08.124632 Gst: 00000007/0001  00000000 00000000 00000000 00000000
00:00:08.124633 Hst:                00000000 00000000 00000000 00040000
00:00:08.124634 Gst: 00000007/0002  00000000 00000000 00000000 00000000
00:00:08.124634 Hst:                00000000 00000000 00000000 00000001
00:00:08.124635 Gst: 00000007/0003  00000000 00000000 00000000 00000000
00:00:08.124635 Hst:                00000000 00000000 00000000 00000000
00:00:08.124636 Gst: 00000008/0000  00000000 00000000 00000000 00000000
00:00:08.124636 Hst:                00000000 00000000 00000000 00000000
00:00:08.124637 Gst: 00000009/0000  00000000 00000000 00000000 00000000
00:00:08.124637 Hst:                00000000 00000000 00000000 00000000
00:00:08.124638 Gst: 0000000a/0000  00000000 00000000 00000000 00000000
00:00:08.124638 Hst:                08300805 00000000 0000000f 00008604
00:00:08.124639 Gst: 0000000b/0000  00000000 00000001 00000100 00000000
00:00:08.124639 Hst:                00000001 00000002 00000100 00000004
00:00:08.124640 Gst: 0000000b/0001  00000001 00000002 00000201 00000000
00:00:08.124640 Hst:                00000004 00000008 00000201 00000004
00:00:08.124641 Gst: 0000000b/0002  00000000 00000000 00000002 00000000
00:00:08.124641 Hst:                00000000 00000000 00000002 00000004
00:00:08.124642 Gst: 0000000c/0000  00000000 00000000 00000000 00000000
00:00:08.124642 Hst:                00000000 00000000 00000000 00000000
00:00:08.124643 Gst: 0000000d/0000  00000007 00000340 00000340 00000000
00:00:08.124644 Hst:                000002e7 00000a80 00000a88 00000000
00:00:08.124644 Gst: 0000000d/0001  00000000 00000a10 00000000 00000000
00:00:08.124645 Hst:                0000000f 00000a10 00003900 00000000
00:00:08.124645 Gst: 0000000d/0002  00000100 00000240 00000000 00000000
00:00:08.124646 Hst:                00000100 00000240 00000000 00000000
00:00:08.124646 Gst: 0000000d/0003  00000000 00000000 00000000 00000000
00:00:08.124647 Hst:                00000000 00000000 00000000 00000000
00:00:08.124647 Gst: 0000000d/0004  00000000 00000000 00000000 00000000
00:00:08.124648 Hst:                00000000 00000000 00000000 00000000
00:00:08.124649 Gst: 0000000d/0005  00000000 00000000 00000000 00000000
00:00:08.124649 Hst:                00000040 00000440 00000000 00000000
00:00:08.124650 Gst: 0000000d/0006  00000000 00000000 00000000 00000000
00:00:08.124650 Hst:                00000200 00000480 00000000 00000000
00:00:08.124651 Gst: 0000000d/0007  00000000 00000000 00000000 00000000
00:00:08.124651 Hst:                00000400 00000680 00000000 00000000
00:00:08.124652 Gst: 0000000d/0008  00000000 00000000 00000000 00000000
00:00:08.124652 Hst:                00000080 00000000 00000001 00000000
00:00:08.124653 Gst: 0000000d/0009  00000000 00000000 00000000 00000000
00:00:08.124653 Hst:                00000008 00000a80 00000000 00000000
00:00:08.124654 Gst: 0000000d/000a  00000000 00000000 00000000 00000000
00:00:08.124654 Hst:                00000000 00000000 00000000 00000000
00:00:08.124655 Gst: 0000000d/000b  00000000 00000000 00000000 00000000
00:00:08.124655 Hst:                00000010 00000000 00000001 00000000
00:00:08.124656 Gst: 0000000d/000c  00000000 00000000 00000000 00000000
00:00:08.124656 Hst:                00000018 00000000 00000001 00000000
00:00:08.124657 Gst: 0000000d/000d  00000000 00000000 00000000 00000000
00:00:08.124657 Hst:                00000008 00000000 00000001 00000000
00:00:08.124658 Gst: 0000000d/000e  00000000 00000000 00000000 00000000
00:00:08.124659 Hst:                00000000 00000000 00000000 00000000
00:00:08.124659 Gst: 0000000e/0000  00000000 00000000 00000000 00000000
00:00:08.124660 Hst:                00000000 00000000 00000000 00000000
00:00:08.124660 Gst: 0000000f/0000  00000000 00000000 00000000 00000000
00:00:08.124661 Hst:                00000000 00000000 00000000 00000000
00:00:08.124661 Gst: 00000010/0000  00000000 00000000 00000000 00000000
00:00:08.124662 Hst:                00000000 00000004 00000000 00000000
00:00:08.124662 Hst: 00000011/0000  00000000 00000000 00000000 00000000
00:00:08.124663 Hst: 00000012/0000  00000000 00000000 00000000 00000000
00:00:08.124664 Hst: 00000013/0000  00000000 00000000 00000000 00000000
00:00:08.124664 Hst: 00000014/0000  00000001 0000004f 00000007 00000000
00:00:08.124665 Hst: 00000015/0000  00000002 0000007e 0249f000 00000000
00:00:08.124665 Hst: 00000016/0000  00000960 00001068 00000064 00000000
00:00:08.124666 Hst: 00000017/0000  00000000 00000000 00000000 00000000
00:00:08.124667 Hst: 00000018/0000  00000008 00000000 00000000 00000000
00:00:08.124667 Hst: 00000019/0000  00000007 00000014 00000003 00000000
00:00:08.124668 Hst: 0000001a/0000  00000000 00000000 00000000 00000000
00:00:08.124668 Hst: 0000001b/0000  00000000 00000000 00000000 00000000
00:00:08.124669                                Name: GenuineIntel
00:00:08.124670                            Supports: 0x00000000-0x00000016
00:00:08.124671                              Family:  6 	Extended: 0 	Effective: 6
00:00:08.124673                               Model: 12 	Extended: 8 	Effective: 140
00:00:08.124674                            Stepping: 1
00:00:08.124674                                Type: 0 (primary)
00:00:08.124675                             APIC ID: 0x00
00:00:08.124676                        Logical CPUs: 2
00:00:08.124676                        CLFLUSH Size: 8
00:00:08.124677                            Brand ID: 0x00
00:00:08.124678 Features
00:00:08.124678   Mnemonic - Description                                  = Guest (Host)
00:00:08.124679   FPU - x87 FPU on Chip                                   = 1 (1)
00:00:08.124681   VME - Virtual 8086 Mode Enhancements                    = 1 (1)
00:00:08.124682   DE - Debugging extensions                               = 1 (1)
00:00:08.124682   PSE - Page Size Extension                               = 1 (1)
00:00:08.124683   TSC - Time Stamp Counter                                = 1 (1)
00:00:08.124684   MSR - Model Specific Registers                          = 1 (1)
00:00:08.124685   PAE - Physical Address Extension                        = 1 (1)
00:00:08.124685   MCE - Machine Check Exception                           = 1 (1)
00:00:08.124686   CX8 - CMPXCHG8B instruction                             = 1 (1)
00:00:08.124687   APIC - APIC On-Chip                                     = 1 (1)
00:00:08.124688   SEP - SYSENTER and SYSEXIT Present                      = 1 (1)
00:00:08.124689   MTRR - Memory Type Range Registers                      = 1 (1)
00:00:08.124689   PGE - PTE Global Bit                                    = 1 (1)
00:00:08.124690   MCA - Machine Check Architecture                        = 1 (1)
00:00:08.124691   CMOV - Conditional Move instructions                    = 1 (1)
00:00:08.124692   PAT - Page Attribute Table                              = 1 (1)
00:00:08.124694   PSE-36 - 36-bit Page Size Extension                     = 1 (1)
00:00:08.124695   PSN - Processor Serial Number                           = 0 (0)
00:00:08.124696   CLFSH - CLFLUSH instruction                             = 1 (1)
00:00:08.124696   DS - Debug Store                                        = 0 (1)
00:00:08.124697   ACPI - Thermal Mon. & Soft. Clock Ctrl.                 = 0 (1)
00:00:08.124698   MMX - Intel MMX Technology                              = 1 (1)
00:00:08.124699   FXSR - FXSAVE and FXRSTOR instructions                  = 1 (1)
00:00:08.124700   SSE - SSE support                                       = 1 (1)
00:00:08.124701   SSE2 - SSE2 support                                     = 1 (1)
00:00:08.124702   SS - Self Snoop                                         = 0 (1)
00:00:08.124702   HTT - Hyper-Threading Technology                        = 1 (1)
00:00:08.124703   TM - Therm. Monitor                                     = 0 (1)
00:00:08.124704   PBE - Pending Break Enabled                             = 0 (1)
00:00:08.124705   SSE3 - SSE3 support                                     = 1 (1)
00:00:08.124706   PCLMUL - PCLMULQDQ support (for AES-GCM)                = 1 (1)
00:00:08.124707   DTES64 - DS Area 64-bit Layout                          = 0 (1)
00:00:08.124707   MONITOR - MONITOR/MWAIT instructions                    = 0 (1)
00:00:08.124708   CPL-DS - CPL Qualified Debug Store                      = 0 (1)
00:00:08.124709   VMX - Virtual Machine Extensions                        = 0 (1)
00:00:08.124710   SMX - Safer Mode Extensions                             = 0 (0)
00:00:08.124710   EST - Enhanced SpeedStep Technology                     = 0 (1)
00:00:08.124711   TM2 - Terminal Monitor 2                                = 0 (1)
00:00:08.124712   SSSE3 - Supplemental Streaming SIMD Extensions 3        = 1 (1)
00:00:08.124713   CNTX-ID - L1 Context ID                                 = 0 (0)
00:00:08.124714   SDBG - Silicon Debug interface                          = 0 (1)
00:00:08.124714   FMA - Fused Multiply Add extensions                     = 1 (1)
00:00:08.124715   CX16 - CMPXCHG16B instruction                           = 1 (1)
00:00:08.124716   TPRUPDATE - xTPR Update Control                         = 0 (1)
00:00:08.124717   PDCM - Perf/Debug Capability MSR                        = 0 (1)
00:00:08.124717   PCID - Process Context Identifiers                      = 1 (1)
00:00:08.124718   DCA - Direct Cache Access                               = 0 (0)
00:00:08.124719   SSE4_1 - SSE4_1 support                                 = 1 (1)
00:00:08.124719   SSE4_2 - SSE4_2 support                                 = 1 (1)
00:00:08.124720   X2APIC - x2APIC support                                 = 1 (1)
00:00:08.124721   MOVBE - MOVBE instruction                               = 1 (1)
00:00:08.124722   POPCNT - POPCNT instruction                             = 1 (1)
00:00:08.124723   TSCDEADL - Time Stamp Counter Deadline                  = 0 (1)
00:00:08.124723   AES - AES instructions                                  = 1 (1)
00:00:08.124724   XSAVE - XSAVE instruction                               = 1 (1)
00:00:08.124725   OSXSAVE - OSXSAVE instruction                           = 0 (1)
00:00:08.124726   AVX - AVX support                                       = 1 (1)
00:00:08.124726   F16C - 16-bit floating point conversion instructions    = 1 (1)
00:00:08.124727   RDRAND - RDRAND instruction                             = 1 (1)
00:00:08.124728   HVP - Hypervisor Present (we're a guest)                = 1 (0)
00:00:08.124729 Structured Extended Feature Flags Enumeration (leaf 7):
00:00:08.124729 Sub-leaf 0
00:00:08.124729   Mnemonic - Description                                  = Guest (Host)
00:00:08.124730   FSGSBASE - RDFSBASE/RDGSBASE/WRFSBASE/WRGSBASE instr.   = 1 (1)
00:00:08.124731   TSCADJUST - Supports MSR_IA32_TSC_ADJUST                = 0 (1)
00:00:08.124731   SGX - Supports Software Guard Extensions                = 0 (0)
00:00:08.124732   BMI1 - Advanced Bit Manipulation extension 1            = 1 (1)
00:00:08.124733   HLE - Hardware Lock Elision                             = 0 (0)
00:00:08.124733   AVX2 - Advanced Vector Extensions 2                     = 1 (1)
00:00:08.124734   FDP_EXCPTN_ONLY - FPU DP only updated on exceptions     = 1 (1)
00:00:08.124735   SMEP - Supervisor Mode Execution Prevention             = 0 (1)
00:00:08.124735   BMI2 - Advanced Bit Manipulation extension 2            = 1 (1)
00:00:08.124736   ERMS - Enhanced REP MOVSB/STOSB instructions            = 0 (1)
00:00:08.124737   INVPCID - INVPCID instruction                           = 1 (1)
00:00:08.124737   RTM - Restricted Transactional Memory                   = 0 (0)
00:00:08.124738   PQM - Platform Quality of Service Monitoring            = 0 (0)
00:00:08.124739   DEPFPU_CS_DS - Deprecates FPU CS, FPU DS values if set  = 1 (1)
00:00:08.124739   MPE - Intel Memory Protection Extensions                = 0 (0)
00:00:08.124740   PQE - Platform Quality of Service Enforcement           = 0 (1)
00:00:08.124741   AVX512F - AVX512 Foundation instructions                = 0 (1)
00:00:08.124741   17 - Reserved                                           = 0 (1)
00:00:08.124742   RDSEED - RDSEED instruction                             = 1 (1)
00:00:08.124744   ADX - ADCX/ADOX instructions                            = 1 (1)
00:00:08.124745   SMAP - Supervisor Mode Access Prevention                = 0 (1)
00:00:08.124746   21 - Reserved                                           = 0 (1)
00:00:08.124747   CLFLUSHOPT - CLFLUSHOPT (Cache Line Flush) instruction  = 1 (1)
00:00:08.124748   CLWB - CLWB instruction                                 = 0 (1)
00:00:08.124748   INTEL_PT - Intel Processor Trace                        = 0 (1)
00:00:08.124749   AVX512PF - AVX512 Prefetch instructions                 = 0 (0)
00:00:08.124750   AVX512ER - AVX512 Exponential & Reciprocal instructions = 0 (0)
00:00:08.124750   AVX512CD - AVX512 Conflict Detection instructions       = 0 (1)
00:00:08.124751   SHA - Secure Hash Algorithm extensions                  = 1 (1)
00:00:08.124752   30 - Reserved                                           = 0 (1)
00:00:08.124753   31 - Reserved                                           = 0 (1)
00:00:08.124754   PREFETCHWT1 - PREFETCHWT1 instruction                   = 0 (0)
00:00:08.124754    1 - Reserved                                           = 0 (1)
00:00:08.124755   UMIP - User mode insturction prevention                 = 0 (1)
00:00:08.124756   PKU - Protection Key for Usermode pages                 = 0 (1)
00:00:08.124757   OSPKE - CR4.PKU mirror                                  = 0 (0)
00:00:08.124758    6 - Reserved                                           = 0 (1)
00:00:08.124759    7 - Reserved                                           = 0 (1)
00:00:08.124759    8 - Reserved                                           = 0 (1)
00:00:08.124760    9 - Reserved                                           = 0 (1)
00:00:08.124761   10 - Reserved                                           = 0 (1)
00:00:08.124762   11 - Reserved                                           = 0 (1)
00:00:08.124763   12 - Reserved                                           = 0 (1)
00:00:08.124764   14 - Reserved                                           = 0 (1)
00:00:08.124765   MAWAU - Value used by BNDLDX & BNDSTX                   = 0x0 (0x0)
00:00:08.124766   RDPID - Read processor ID support                       = 0 (1)
00:00:08.124766   23 - Reserved                                           = 0 (1)
00:00:08.124767   27 - Reserved                                           = 0 (1)
00:00:08.124768   28 - Reserved                                           = 0 (1)
00:00:08.124769   SGX_LC - Supports SGX Launch Configuration              = 0 (0)
00:00:08.124770    4 - Reserved                                           = 0 (1)
00:00:08.124770    8 - Reserved                                           = 0 (1)
00:00:08.124771   MCU_OPT_CTRL - Supports IA32_MCU_OPT_CTRL               = 0 (1)
00:00:08.124772   MD_CLEAR - Supports MDS related buffer clearing         = 1 (1)
00:00:08.124773   TSX_FORCE_ABORT - Supports IA32_TSX_FORCE_ABORT         = 0 (0)
00:00:08.124773   CET_IBT - Supports indirect branch tracking w/ CET      = 0 (1)
00:00:08.124774   IBRS_IBPB - IA32_SPEC_CTRL.IBRS and IA32_PRED_CMD.IBPB  = 0 (1)
00:00:08.124774   STIBP - Supports IA32_SPEC_CTRL.STIBP                   = 0 (1)
00:00:08.124775   FLUSH_CMD - Supports IA32_FLUSH_CMD                     = 1 (1)
00:00:08.124776   ARCHCAP - Supports IA32_ARCH_CAP                        = 1 (1)
00:00:08.124777   CORECAP - Supports IA32_CORE_CAP                        = 0 (1)
00:00:08.124777   SSBD - Supports IA32_SPEC_CTRL.SSBD                     = 0 (1)
00:00:08.124778  Sub-leaf 2
00:00:08.124778   Mnemonic - Description                                  = Guest (Host)
00:00:08.124779   PSFD - Supports IA32_SPEC_CTRL[7] (PSFD)                = 0 (1)
00:00:08.124780   IPRED_CTRL - Supports IA32_SPEC_CTRL[4:3] (IPRED_DIS)   = 0 (0)
00:00:08.124780   RRSBA_CTRL - Supports IA32_SPEC_CTRL[6:5] (RRSBA_DIS)   = 0 (0)
00:00:08.124781   DDPD_U - Supports IA32_SPEC_CTRL[8] (DDPD_U)            = 0 (0)
00:00:08.124782   BHI_CTRL - Supports IA32_SPEC_CTRL[10] (BHI_DIS_S)      = 0 (0)
00:00:08.124782   MCDT_NO - No MXCSR Config Dependent Timing issues       = 0 (0)
00:00:08.124783   UC_LOCK_DIS - Supports UC-lock disable and causing #AC  = 0 (0)
00:00:08.124783   MONITOR_MITG_NO - No MONITOR/UMONITOR power issues      = 0 (0)
00:00:08.124784 Processor Extended State Enumeration (leaf 0xd):
00:00:08.124786    XSAVE area cur/max size by XCR0, Guest: 0x340/0x340
00:00:08.124787    XSAVE area cur/max size by XCR0,  Host: 0xa80/0xa88
00:00:08.124788                    Valid XCR0 bits, Guest: 0x00000000`00000007 ( x87 SSE YMM_Hi128 )
00:00:08.124789                    Valid XCR0 bits,  Host: 0x00000000`000002e7 ( x87 SSE YMM_Hi128 Opmask ZMM_Hi256 Hi16_ZMM 9 )
00:00:08.124791                     XSAVE features, Guest
00:00:08.124792                     XSAVE features,  Host XSAVEOPT XSAVEC XGETBC1 XSAVES
00:00:08.124793       XSAVE area cur size XCR0|XSS, Guest: 0xa10
00:00:08.124794       XSAVE area cur size XCR0|XSS,  Host: 0xa10
00:00:08.124794                Valid IA32_XSS bits, Guest: 0x00000000`00000000
00:00:08.124795                Valid IA32_XSS bits,  Host: 0x00003900`00000000 ( 40 43 44 45 )
00:00:08.124796   State #2, Guest: off=0x0240, cb=0x0100 IA32_XSS-bit -- YMM_Hi128
00:00:08.124798   State #2,  Host:  off=0x0240, cb=0x0100 IA32_XSS-bit -- YMM_Hi128
00:00:08.124799   State #5,  Host:  off=0x0440, cb=0x0040 IA32_XSS-bit -- Opmask
00:00:08.124800   State #6,  Host:  off=0x0480, cb=0x0200 IA32_XSS-bit -- ZMM_Hi256
00:00:08.124801   State #7,  Host:  off=0x0680, cb=0x0400 IA32_XSS-bit -- Hi16_ZMM
00:00:08.124802   State #8,  Host:  off=0x0000, cb=0x0080 XCR0-bit -- 8
00:00:08.124803   State #9,  Host:  off=0x0a80, cb=0x0008 IA32_XSS-bit -- 9
00:00:08.124804   State #11,  Host:  off=0x0000, cb=0x0010 XCR0-bit -- 11
00:00:08.124805   State #12,  Host:  off=0x0000, cb=0x0018 XCR0-bit -- 12
00:00:08.124805   State #13,  Host:  off=0x0000, cb=0x0008 XCR0-bit -- 13
00:00:08.124811          Raw Hypervisor CPUID Leaves
00:00:08.124811      Leaf/sub-leaf  eax      ebx      ecx      edx
00:00:08.124811 Gst: 40000000/0000  40000001 4b4d564b 564b4d56 0000004d
00:00:08.124812 Gst: 40000001/0000  01000089 00000000 00000000 00000000
00:00:08.124813          Raw Extended CPUID Leaves
00:00:08.124814      Leaf/sub-leaf  eax      ebx      ecx      edx
00:00:08.124814 Gst: 80000000/0000  80000008 00000000 00000000 00000000
00:00:08.124815 Hst:                80000008 00000000 00000000 00000000
00:00:08.124815 Gst: 80000001/0000  00000000 00000000 00000121 28100800
00:00:08.124816 Hst:                00000000 00000000 00000121 2c100800
00:00:08.124816 Gst: 80000002/0000  68743131 6e654720 746e4920 52286c65
00:00:08.124817 Hst:                68743131 6e654720 746e4920 52286c65
00:00:08.124818 Gst: 80000003/0000  6f432029 54286572 6920294d 31312d35
00:00:08.124818 Hst:                6f432029 54286572 6920294d 31312d35
00:00:08.124819 Gst: 80000004/0000  37473533 32204020 4730342e 00007a48
00:00:08.124820 Hst:                37473533 32204020 4730342e 00007a48
00:00:08.124820 Gst: 80000005/0000  00000000 00000000 00000000 00000000
00:00:08.124821 Hst:                00000000 00000000 00000000 00000000
00:00:08.124821 Gst: 80000006/0000  00000000 00000000 01007040 00000000
00:00:08.124822 Hst:                00000000 00000000 01007040 00000000
00:00:08.124822 Gst: 80000007/0000  00000000 00000000 00000000 00000100
00:00:08.124823 Hst:                00000000 00000000 00000000 00000100
00:00:08.124824 Gst: 80000008/0000  00003027 00000000 00000000 00000000
00:00:08.124824 Hst:                00003027 00000000 00000000 00000000
00:00:08.124825 Ext Name:                        
00:00:08.124825 Ext Supports:                    0x80000000-0x80000008
00:00:08.124826 Family:                          0  	Extended: 0 	Effective: 0
00:00:08.124826 Model:                           0  	Extended: 0 	Effective: 0
00:00:08.124827 Stepping:                        0
00:00:08.124827 Brand ID:                        0x000
00:00:08.124827 Ext Features
00:00:08.124828   Mnemonic - Description                                  = Guest (Host)
00:00:08.124829   FPU - x87 FPU on Chip                                   = 0 (0)
00:00:08.124830   VME - Virtual 8086 Mode Enhancements                    = 0 (0)
00:00:08.124830   DE - Debugging extensions                               = 0 (0)
00:00:08.124831   PSE - Page Size Extension                               = 0 (0)
00:00:08.124832   TSC - Time Stamp Counter                                = 0 (0)
00:00:08.124834   MSR - K86 Model Specific Registers                      = 0 (0)
00:00:08.124835   PAE - Physical Address Extension                        = 0 (0)
00:00:08.124836   MCE - Machine Check Exception                           = 0 (0)
00:00:08.124836   CX8 - CMPXCHG8B instruction                             = 0 (0)
00:00:08.124837   APIC - APIC On-Chip                                     = 0 (0)
00:00:08.124838   SEP - SYSCALL/SYSRET                                    = 1 (1)
00:00:08.124839   MTRR - Memory Type Range Registers                      = 0 (0)
00:00:08.124839   PGE - PTE Global Bit                                    = 0 (0)
00:00:08.124840   MCA - Machine Check Architecture                        = 0 (0)
00:00:08.124841   CMOV - Conditional Move instructions                    = 0 (0)
00:00:08.124841   PAT - Page Attribute Table                              = 0 (0)
00:00:08.124842   PSE-36 - 36-bit Page Size Extension                     = 0 (0)
00:00:08.124843   NX - No-Execute/Execute-Disable                         = 1 (1)
00:00:08.124844   AXMMX - AMD Extensions to MMX instructions              = 0 (0)
00:00:08.124845   MMX - Intel MMX Technology                              = 0 (0)
00:00:08.124845   FXSR - FXSAVE and FXRSTOR Instructions                  = 0 (0)
00:00:08.124846   FFXSR - AMD fast FXSAVE and FXRSTOR instructions        = 0 (0)
00:00:08.124847   Page1GB - 1 GB large page                               = 0 (1)
00:00:08.124847   RDTSCP - RDTSCP instruction                             = 1 (1)
00:00:08.124848   LM - AMD64 Long Mode                                    = 1 (1)
00:00:08.124849   3DNOWEXT - AMD Extensions to 3DNow                      = 0 (0)
00:00:08.124850   3DNOW - AMD 3DNow                                       = 0 (0)
00:00:08.124851   LahfSahf - LAHF/SAHF support in 64-bit mode             = 1 (1)
00:00:08.124851   CmpLegacy - Core multi-processing legacy mode           = 0 (0)
00:00:08.124852   SVM - AMD Secure Virtual Machine extensions             = 0 (0)
00:00:08.124852   EXTAPIC - AMD Extended APIC registers                   = 0 (0)
00:00:08.124853   CR8L - AMD LOCK MOV CR0 means MOV CR8                   = 0 (0)
00:00:08.124854   ABM - AMD Advanced Bit Manipulation                     = 1 (1)
00:00:08.124854   SSE4A - SSE4A instructions                              = 0 (0)
00:00:08.124855   MISALIGNSSE - AMD Misaligned SSE mode                   = 0 (0)
00:00:08.124856   3DNOWPRF - AMD PREFETCH and PREFETCHW instructions      = 1 (1)
00:00:08.124856   OSVW - AMD OS Visible Workaround                        = 0 (0)
00:00:08.124857   IBS - Instruct Based Sampling                           = 0 (0)
00:00:08.124858   XOP - Extended Operation support                        = 0 (0)
00:00:08.124859   SKINIT - SKINIT, STGI, and DEV support                  = 0 (0)
00:00:08.124859   WDT - AMD Watchdog Timer support                        = 0 (0)
00:00:08.124862   LWP - Lightweight Profiling support                     = 0 (0)
00:00:08.124863   FMA4 - Four operand FMA instruction support             = 0 (0)
00:00:08.124864   TCE - Translation Cache Extension support               = 0 (0)
00:00:08.124865   NodeId - NodeId in MSR C001_100C                        = 0 (0)
00:00:08.124866   TBM - Trailing Bit Manipulation instructions            = 0 (0)
00:00:08.124867   TOPOEXT - Topology Extensions                           = 0 (0)
00:00:08.124868   PRFEXTCORE - Performance Counter Extensions support     = 0 (0)
00:00:08.124870   PRFEXTNB - NB Performance Counter Extensions support    = 0 (0)
00:00:08.124871   DATABPEXT - Data-access Breakpoint Extension            = 0 (0)
00:00:08.124872   PERFTSC - Performance Time Stamp Counter                = 0 (0)
00:00:08.124873   PCX_L2I - L2I/L3 Performance Counter Extensions         = 0 (0)
00:00:08.124874   MONITORX - MWAITX and MONITORX instructions             = 0 (0)
00:00:08.124875   AddrMaskExt - BP Addressing masking extended to bit 31  = 0 (0)
00:00:08.124876 Full Name:                       "11th Gen Intel(R) Core(TM) i5-1135G7 @ 2.40GHz"
00:00:08.124876 TLB 2/4M Instr/Uni:              res0     0 entries
00:00:08.124877 TLB 2/4M Data:                   res0     0 entries
00:00:08.124877 TLB 4K Instr/Uni:                res0     0 entries
00:00:08.124878 TLB 4K Data:                     res0     0 entries
00:00:08.124878 L1 Instr Cache Line Size:        0 bytes
00:00:08.124878 L1 Instr Cache Lines Per Tag:    0
00:00:08.124879 L1 Instr Cache Associativity:    res0  
00:00:08.124879 L1 Instr Cache Size:             0 KB
00:00:08.124879 L1 Data Cache Line Size:         0 bytes
00:00:08.124879 L1 Data Cache Lines Per Tag:     0
00:00:08.124880 L1 Data Cache Associativity:     res0  
00:00:08.124880 L1 Data Cache Size:              0 KB
00:00:08.124880 L2 TLB 2/4M Instr/Uni:           off       0 entries
00:00:08.124881 L2 TLB 2/4M Data:                off       0 entries
00:00:08.124881 L2 TLB 4K Instr/Uni:             off       0 entries
00:00:08.124881 L2 TLB 4K Data:                  off       0 entries
00:00:08.124882 L2 Cache Line Size:              64 bytes
00:00:08.124882 L2 Cache Lines Per Tag:          0
00:00:08.124882 L2 Cache Associativity:          res7  
00:00:08.124883 L2 Cache Size:                   256 KB
00:00:08.124883 L3 Cache Line Size:              0 bytes
00:00:08.124883 L3 Cache Lines Per Tag:          0
00:00:08.124884 L3 Cache Associativity:          off   
00:00:08.124884 L3 Cache Size:                   0 KB
00:00:08.124884 APM Features EDX
00:00:08.124884   Mnemonic - Description                                  = Guest (Host)
00:00:08.124887   TS - Temperature Sensor                                 = 0 (0)
00:00:08.124888   FID - Frequency ID control                              = 0 (0)
00:00:08.124888   VID - Voltage ID control                                = 0 (0)
00:00:08.124889   TTP - Thermal Trip                                      = 0 (0)
00:00:08.124890   TM - Hardware Thermal Control (HTC)                     = 0 (0)
00:00:08.124891   100MHzSteps - 100 MHz Multiplier control                = 0 (0)
00:00:08.124891   HwPstate - Hardware P-state control                     = 0 (0)
00:00:08.124892   TscInvariant - Invariant Time Stamp Counter             = 1 (1)
00:00:08.124893   CPB - Core Performance Boost                            = 0 (0)
00:00:08.124894   EffFreqRO - Read-only Effective Frequency Interface     = 0 (0)
00:00:08.124894   ProcFdbkIf - Processor Feedback Interface               = 0 (0)
00:00:08.124895   ProcPwrRep - Core power reporting interface support     = 0 (0)
00:00:08.124895   ConnectedStandby - Connected Standby                    = 0 (0)
00:00:08.124896   RAPL - Running average power limit                      = 0 (0)
00:00:08.124897 Physical Address Width:          39 bits
00:00:08.124897 Virtual Address Width:           48 bits
00:00:08.124899 Max page count for INVLPGB:      0x3027
00:00:08.124900 Max ECX for RDPRU:               0x0
00:00:08.124902 ********************* End of CPUID dump *********************
00:00:08.124905 *********************** VT-x features ***********************
00:00:08.124909 Nested hardware virtualization - VMX features
00:00:08.124909   Mnemonic - Description                                  = guest (host)
00:00:08.124909   VMX - Virtual-Machine Extensions                        = 0 (1)
00:00:08.124910   InsOutInfo - INS/OUTS instruction info.                 = 0 (1)
00:00:08.124910   ExtIntExit - External interrupt exiting                 = 0 (1)
00:00:08.124910   NmiExit - NMI exiting                                   = 0 (1)
00:00:08.124911   VirtNmi - Virtual NMIs                                  = 0 (1)
00:00:08.124911   PreemptTimer - VMX preemption timer                     = 0 (1)
00:00:08.124912   PostedInt - Posted interrupts                           = 0 (1)
00:00:08.124912   IntWindowExit - Interrupt-window exiting                = 0 (1)
00:00:08.124912   TscOffsetting - TSC offsetting                          = 0 (1)
00:00:08.124913   HltExit - HLT exiting                                   = 0 (1)
00:00:08.124913   InvlpgExit - INVLPG exiting                             = 0 (1)
00:00:08.124913   MwaitExit - MWAIT exiting                               = 0 (1)
00:00:08.124914   RdpmcExit - RDPMC exiting                               = 0 (1)
00:00:08.124914   RdtscExit - RDTSC exiting                               = 0 (1)
00:00:08.124914   Cr3LoadExit - CR3-load exiting                          = 0 (1)
00:00:08.124915   Cr3StoreExit - CR3-store exiting                        = 0 (1)
00:00:08.124915   TertiaryExecCtls - Activate tertiary controls           = 0 (1)
00:00:08.124916   Cr8LoadExit  - CR8-load exiting                         = 0 (1)
00:00:08.124916   Cr8StoreExit - CR8-store exiting                        = 0 (1)
00:00:08.124916   UseTprShadow - Use TPR shadow                           = 0 (1)
00:00:08.124917   NmiWindowExit - NMI-window exiting                      = 0 (1)
00:00:08.124917   MovDRxExit - Mov-DR exiting                             = 0 (1)
00:00:08.124917   UncondIoExit - Unconditional I/O exiting                = 0 (1)
00:00:08.124918   UseIoBitmaps - Use I/O bitmaps                          = 0 (1)
00:00:08.124918   MonitorTrapFlag - Monitor Trap Flag                     = 0 (1)
00:00:08.124918   UseMsrBitmaps - MSR bitmaps                             = 0 (1)
00:00:08.124919   MonitorExit - MONITOR exiting                           = 0 (1)
00:00:08.124919   PauseExit - PAUSE exiting                               = 0 (1)
00:00:08.124919   SecondaryExecCtl - Activate secondary controls          = 0 (1)
00:00:08.124923   VirtApic - Virtualize-APIC accesses                     = 0 (1)
00:00:08.124923   Ept - Extended Page Tables                              = 0 (1)
00:00:08.124923   DescTableExit - Descriptor-table exiting                = 0 (1)
00:00:08.124924   Rdtscp - Enable RDTSCP                                  = 0 (1)
00:00:08.124924   VirtX2ApicMode - Virtualize-x2APIC mode                 = 0 (1)
00:00:08.124924   Vpid - Enable VPID                                      = 0 (1)
00:00:08.124925   WbinvdExit - WBINVD exiting                             = 0 (1)
00:00:08.124925   UnrestrictedGuest - Unrestricted guest                  = 0 (1)
00:00:08.124925   ApicRegVirt - APIC-register virtualization              = 0 (1)
00:00:08.124926   VirtIntDelivery - Virtual-interrupt delivery            = 0 (1)
00:00:08.124926   PauseLoopExit - PAUSE-loop exiting                      = 0 (1)
00:00:08.124926   RdrandExit - RDRAND exiting                             = 0 (1)
00:00:08.124927   Invpcid - Enable INVPCID                                = 0 (1)
00:00:08.124927   VmFuncs - Enable VM Functions                           = 0 (1)
00:00:08.124928   VmcsShadowing - VMCS shadowing                          = 0 (0)
00:00:08.124928   RdseedExiting - RDSEED exiting                          = 0 (1)
00:00:08.124928   PML - Page-Modification Log                             = 0 (1)
00:00:08.124930   EptVe - EPT violations can cause #VE                    = 0 (1)
00:00:08.124931   ConcealVmxFromPt - Conceal VMX from Processor Trace     = 0 (1)
00:00:08.124931   XsavesXRstors - Enable XSAVES/XRSTORS                   = 0 (1)
00:00:08.124931   PasidTranslate - PASID translation                      = 0 (0)
00:00:08.124932   ModeBasedExecuteEpt - Mode-based execute permissions    = 0 (1)
00:00:08.124932   SppEpt - Sub-page page write permissions for EPT        = 0 (0)
00:00:08.124932   PtEpt - Processor Trace address' translatable by EPT    = 0 (1)
00:00:08.124933   UseTscScaling - Use TSC scaling                         = 0 (1)
00:00:08.124933   UserWaitPause - Enable TPAUSE, UMONITOR and UMWAIT      = 0 (0)
00:00:08.124933   Pconfig - Enable PCONFIG                                = 0 (0)
00:00:08.124934   EnclvExit - ENCLV exiting                               = 0 (0)
00:00:08.124934   BusLockDetect - VMM Bus-Lock detection                  = 0 (0)
00:00:08.124934   InstrTimeout - Instruction timeout                      = 0 (0)
00:00:08.124935   LoadIwKeyExit - LOADIWKEY exiting                       = 0 (1)
00:00:08.124935   HLAT - Hypervisor-managed linear-address translation    = 0 (0)
00:00:08.124936   EptPagingWrite - EPT paging-write                       = 0 (0)
00:00:08.124936   GstPagingVerify - Guest-paging verification             = 0 (0)
00:00:08.124936   IpiVirt - IPI virtualization                            = 0 (0)
00:00:08.124937   VirtSpecCtrl - Virtualize IA32_SPEC_CTRL                = 0 (0)
00:00:08.124937   EntryLoadDebugCtls - Load debug controls on VM-entry    = 0 (1)
00:00:08.124937   Ia32eModeGuest - IA-32e mode guest                      = 0 (1)
00:00:08.124938   EntryLoadEferMsr - Load IA32_EFER MSR on VM-entry       = 0 (1)
00:00:08.124938   EntryLoadPatMsr - Load IA32_PAT MSR on VM-entry         = 0 (1)
00:00:08.124938   ExitSaveDebugCtls - Save debug controls on VM-exit      = 0 (1)
00:00:08.124939   HostAddrSpaceSize - Host address-space size             = 0 (1)
00:00:08.124939   ExitAckExtInt - Acknowledge interrupt on VM-exit        = 0 (1)
00:00:08.124939   ExitSavePatMsr - Save IA32_PAT MSR on VM-exit           = 0 (1)
00:00:08.124940   ExitLoadPatMsr - Load IA32_PAT MSR on VM-exit           = 0 (1)
00:00:08.124940   ExitSaveEferMsr - Save IA32_EFER MSR on VM-exit         = 0 (1)
00:00:08.124940   ExitLoadEferMsr - Load IA32_EFER MSR on VM-exit         = 0 (1)
00:00:08.124941   SavePreemptTimer - Save VMX-preemption timer            = 0 (1)
00:00:08.124941   SecondaryExitCtls - Secondary VM-exit controls          = 0 (0)
00:00:08.124942   ExitSaveEferLma - Save IA32_EFER.LMA on VM-exit         = 0 (1)
00:00:08.124944   IntelPt - Intel Processor Trace in VMX operation        = 0 (1)
00:00:08.124944   VmwriteAll - VMWRITE to any supported VMCS field        = 0 (1)
00:00:08.124944   EntryInjectSoftInt - Inject softint. with 0-len instr.  = 0 (1)
00:00:08.124945 
00:00:08.124945 ******************* End of VT-x features ********************
00:00:08.125029 VMEmt: Halt method global1 (5)
00:00:08.125197 VMEmt: HaltedGlobal1 config: cNsSpinBlockThresholdCfg=50000
00:00:08.125226 Changing the VM state from 'CREATING' to 'CREATED'
00:00:08.127405 Changing the VM state from 'CREATED' to 'POWERING_ON'
00:00:08.127549 VMSVGA3d: cap[0]=0x00000000 {3D}
00:00:08.127553 VMSVGA3d: cap[1]=0x00000000 {MAX_LIGHTS}
00:00:08.127553 VMSVGA3d: cap[2]=0x00000000 {MAX_TEXTURES}
00:00:08.127554 VMSVGA3d: cap[3]=0x00000000 {MAX_CLIP_PLANES}
00:00:08.127555 VMSVGA3d: cap[4]=0x00000000 {VERTEX_SHADER_VERSION}
00:00:08.127555 VMSVGA3d: cap[5]=0x00000000 {VERTEX_SHADER}
00:00:08.127556 VMSVGA3d: cap[6]=0x00000000 {FRAGMENT_SHADER_VERSION}
00:00:08.127556 VMSVGA3d: cap[7]=0x00000000 {FRAGMENT_SHADER}
00:00:08.127557 VMSVGA3d: cap[8]=0x00000000 {MAX_RENDER_TARGETS}
00:00:08.127558 VMSVGA3d: cap[9]=0x00000000 {S23E8_TEXTURES}
00:00:08.127558 VMSVGA3d: cap[10]=0x00000000 {S10E5_TEXTURES}
00:00:08.127559 VMSVGA3d: cap[11]=0x00000000 {MAX_FIXED_VERTEXBLEND}
00:00:08.127559 VMSVGA3d: cap[12]=0x00000000 {D16_BUFFER_FORMAT}
00:00:08.127560 VMSVGA3d: cap[13]=0x00000000 {D24S8_BUFFER_FORMAT}
00:00:08.127560 VMSVGA3d: cap[14]=0x00000000 {D24X8_BUFFER_FORMAT}
00:00:08.127561 VMSVGA3d: cap[15]=0x00000000 {QUERY_TYPES}
00:00:08.127561 VMSVGA3d: cap[16]=0x00000000 {TEXTURE_GRADIENT_SAMPLING}
00:00:08.127562 VMSVGA3d: cap[17]=0.000000 {MAX_POINT_SIZE}
00:00:08.127563 VMSVGA3d: cap[18]=0x00000000 {MAX_SHADER_TEXTURES}
00:00:08.127564 VMSVGA3d: cap[19]=0x00004000 {MAX_TEXTURE_WIDTH}
00:00:08.127565 VMSVGA3d: cap[20]=0x00004000 {MAX_TEXTURE_HEIGHT}
00:00:08.127565 VMSVGA3d: cap[21]=0x00000000 {MAX_VOLUME_EXTENT}
00:00:08.127566 VMSVGA3d: cap[22]=0x00000000 {MAX_TEXTURE_REPEAT}
00:00:08.127566 VMSVGA3d: cap[23]=0x00000000 {MAX_TEXTURE_ASPECT_RATIO}
00:00:08.127567 VMSVGA3d: cap[24]=0x00000000 {MAX_TEXTURE_ANISOTROPY}
00:00:08.127567 VMSVGA3d: cap[25]=0x00000000 {MAX_PRIMITIVE_COUNT}
00:00:08.127568 VMSVGA3d: cap[26]=0x00000000 {MAX_VERTEX_INDEX}
00:00:08.127569 VMSVGA3d: cap[27]=0x00000000 {MAX_VERTEX_SHADER_INSTRUCTIONS}
00:00:08.127569 VMSVGA3d: cap[28]=0x00000000 {MAX_FRAGMENT_SHADER_INSTRUCTIONS}
00:00:08.127570 VMSVGA3d: cap[29]=0x00000000 {MAX_VERTEX_SHADER_TEMPS}
00:00:08.127571 VMSVGA3d: cap[30]=0x00000000 {MAX_FRAGMENT_SHADER_TEMPS}
00:00:08.127571 VMSVGA3d: cap[31]=0x00000000 {TEXTURE_OPS}
00:00:08.127572 VMSVGA3d: cap[32]=0x00000000 {SURFACEFMT_X8R8G8B8}
00:00:08.127573 VMSVGA3d: cap[33]=0x00000000 {SURFACEFMT_A8R8G8B8}
00:00:08.127573 VMSVGA3d: cap[34]=0x00000000 {SURFACEFMT_A2R10G10B10}
00:00:08.127574 VMSVGA3d: cap[35]=0x00000000 {SURFACEFMT_X1R5G5B5}
00:00:08.127575 VMSVGA3d: cap[36]=0x00000000 {SURFACEFMT_A1R5G5B5}
00:00:08.127575 VMSVGA3d: cap[37]=0x00000000 {SURFACEFMT_A4R4G4B4}
00:00:08.127576 VMSVGA3d: cap[38]=0x00000000 {SURFACEFMT_R5G6B5}
00:00:08.127576 VMSVGA3d: cap[39]=0x00000000 {SURFACEFMT_LUMINANCE16}
00:00:08.127577 VMSVGA3d: cap[40]=0x00000000 {SURFACEFMT_LUMINANCE8_ALPHA8}
00:00:08.127577 VMSVGA3d: cap[41]=0x00000000 {SURFACEFMT_ALPHA8}
00:00:08.127578 VMSVGA3d: cap[42]=0x00000000 {SURFACEFMT_LUMINANCE8}
00:00:08.127578 VMSVGA3d: cap[43]=0x00000000 {SURFACEFMT_Z_D16}
00:00:08.127579 VMSVGA3d: cap[44]=0x00000000 {SURFACEFMT_Z_D24S8}
00:00:08.127581 VMSVGA3d: cap[45]=0x00000000 {SURFACEFMT_Z_D24X8}
00:00:08.127582 VMSVGA3d: cap[46]=0x00000000 {SURFACEFMT_DXT1}
00:00:08.127582 VMSVGA3d: cap[47]=0x00000000 {SURFACEFMT_DXT2}
00:00:08.127583 VMSVGA3d: cap[48]=0x00000000 {SURFACEFMT_DXT3}
00:00:08.127583 VMSVGA3d: cap[49]=0x00000000 {SURFACEFMT_DXT4}
00:00:08.127584 VMSVGA3d: cap[50]=0x00000000 {SURFACEFMT_DXT5}
00:00:08.127584 VMSVGA3d: cap[51]=0x00000000 {SURFACEFMT_BUMPX8L8V8U8}
00:00:08.127585 VMSVGA3d: cap[52]=0x00000000 {SURFACEFMT_A2W10V10U10}
00:00:08.127585 VMSVGA3d: cap[53]=0x00000000 {SURFACEFMT_BUMPU8V8}
00:00:08.127586 VMSVGA3d: cap[54]=0x00000000 {SURFACEFMT_Q8W8V8U8}
00:00:08.127586 VMSVGA3d: cap[55]=0x00000000 {SURFACEFMT_CxV8U8}
00:00:08.127587 VMSVGA3d: cap[56]=0x00000000 {SURFACEFMT_R_S10E5}
00:00:08.127588 VMSVGA3d: cap[57]=0x00000000 {SURFACEFMT_R_S23E8}
00:00:08.127588 VMSVGA3d: cap[58]=0x00000000 {SURFACEFMT_RG_S10E5}
00:00:08.127589 VMSVGA3d: cap[59]=0x00000000 {SURFACEFMT_RG_S23E8}
00:00:08.127589 VMSVGA3d: cap[60]=0x00000000 {SURFACEFMT_ARGB_S10E5}
00:00:08.127590 VMSVGA3d: cap[61]=0x00000000 {SURFACEFMT_ARGB_S23E8}
00:00:08.127591 VMSVGA3d: cap[62]=0x00000000 {MISSING62}
00:00:08.127591 VMSVGA3d: cap[63]=0x00000000 {MAX_VERTEX_SHADER_TEXTURES}
00:00:08.127592 VMSVGA3d: cap[64]=0x00000000 {MAX_SIMULTANEOUS_RENDER_TARGETS}
00:00:08.127593 VMSVGA3d: cap[65]=0x00000000 {SURFACEFMT_V16U16}
00:00:08.127593 VMSVGA3d: cap[66]=0x00000000 {SURFACEFMT_G16R16}
00:00:08.127594 VMSVGA3d: cap[67]=0x00000000 {SURFACEFMT_A16B16G16R16}
00:00:08.127594 VMSVGA3d: cap[68]=0x00000000 {SURFACEFMT_UYVY}
00:00:08.127595 VMSVGA3d: cap[69]=0x00000000 {SURFACEFMT_YUY2}
00:00:08.127596 VMSVGA3d: cap[70]=0x00000000 {DEAD4}
00:00:08.127596 VMSVGA3d: cap[71]=0x00000000 {DEAD5}
00:00:08.127597 VMSVGA3d: cap[72]=0x00000000 {DEAD7}
00:00:08.127598 VMSVGA3d: cap[73]=0x00000000 {DEAD6}
00:00:08.127598 VMSVGA3d: cap[74]=0x00000000 {AUTOGENMIPMAPS}
00:00:08.127599 VMSVGA3d: cap[75]=0x00000000 {SURFACEFMT_NV12}
00:00:08.127599 VMSVGA3d: cap[76]=0x00000000 {DEAD10}
00:00:08.127600 VMSVGA3d: cap[77]=0x00000000 {MAX_CONTEXT_IDS}
00:00:08.127601 VMSVGA3d: cap[78]=0x00000000 {MAX_SURFACE_IDS}
00:00:08.127601 VMSVGA3d: cap[79]=0x00000000 {SURFACEFMT_Z_DF16}
00:00:08.127602 VMSVGA3d: cap[80]=0x00000000 {SURFACEFMT_Z_DF24}
00:00:08.127602 VMSVGA3d: cap[81]=0x00000000 {SURFACEFMT_Z_D24S8_INT}
00:00:08.127603 VMSVGA3d: cap[82]=0x00000000 {SURFACEFMT_ATI1}
00:00:08.127604 VMSVGA3d: cap[83]=0x00000000 {SURFACEFMT_ATI2}
00:00:08.127604 VMSVGA3d: cap[84]=0x00000000 {DEAD1}
00:00:08.127605 VMSVGA3d: cap[85]=0x00000000 {DEAD8}
00:00:08.127605 VMSVGA3d: cap[86]=0x00000000 {DEAD9}
00:00:08.127606 VMSVGA3d: cap[87]=0x00000000 {LINE_AA}
00:00:08.127607 VMSVGA3d: cap[88]=0x00000000 {LINE_STIPPLE}
00:00:08.127607 VMSVGA3d: cap[89]=0.000000 {MAX_LINE_WIDTH}
00:00:08.127608 VMSVGA3d: cap[90]=0.000000 {MAX_AA_LINE_WIDTH}
00:00:08.127609 VMSVGA3d: cap[91]=0x00000000 {SURFACEFMT_YV12}
00:00:08.127609 VMSVGA3d: cap[92]=0x00000000 {DEAD3}
00:00:08.127610 VMSVGA3d: cap[93]=0x00000000 {TS_COLOR_KEY}
00:00:08.127610 VMSVGA3d: cap[94]=0x00000000 {DEAD2}
00:00:08.127611 VMSVGA3d: cap[95]=0x00000000 {DXCONTEXT}
00:00:08.127611 VMSVGA3d: cap[96]=0x00000000 {DEAD11}
00:00:08.127612 VMSVGA3d: cap[97]=0x00000000 {DX_MAX_VERTEXBUFFERS}
00:00:08.127612 VMSVGA3d: cap[98]=0x00000000 {DX_MAX_CONSTANT_BUFFERS}
00:00:08.127613 VMSVGA3d: cap[99]=0x00000000 {DX_PROVOKING_VERTEX}
00:00:08.127614 VMSVGA3d: cap[100]=0x00000005 {DXFMT_X8R8G8B8}
00:00:08.127614 VMSVGA3d: cap[101]=0x00000000 {DXFMT_A8R8G8B8}
00:00:08.127615 VMSVGA3d: cap[102]=0x00000000 {DXFMT_R5G6B5}
00:00:08.127615 VMSVGA3d: cap[103]=0x00000000 {DXFMT_X1R5G5B5}
00:00:08.127616 VMSVGA3d: cap[104]=0x00000000 {DXFMT_A1R5G5B5}
00:00:08.127616 VMSVGA3d: cap[105]=0x00000000 {DXFMT_A4R4G4B4}
00:00:08.127617 VMSVGA3d: cap[106]=0x00000000 {DXFMT_Z_D32}
00:00:08.127618 VMSVGA3d: cap[107]=0x00000000 {DXFMT_Z_D16}
00:00:08.127618 VMSVGA3d: cap[108]=0x00000000 {DXFMT_Z_D24S8}
00:00:08.127619 VMSVGA3d: cap[109]=0x00000000 {DXFMT_Z_D15S1}
00:00:08.127619 VMSVGA3d: cap[110]=0x00000000 {DXFMT_LUMINANCE8}
00:00:08.127620 VMSVGA3d: cap[111]=0x00000000 {DXFMT_LUMINANCE4_ALPHA4}
00:00:08.127620 VMSVGA3d: cap[112]=0x00000000 {DXFMT_LUMINANCE16}
00:00:08.127621 VMSVGA3d: cap[113]=0x00000000 {DXFMT_LUMINANCE8_ALPHA8}
00:00:08.127621 VMSVGA3d: cap[114]=0x00000000 {DXFMT_DXT1}
00:00:08.127622 VMSVGA3d: cap[115]=0x00000000 {DXFMT_DXT2}
00:00:08.127622 VMSVGA3d: cap[116]=0x00000000 {DXFMT_DXT3}
00:00:08.127623 VMSVGA3d: cap[117]=0x00000000 {DXFMT_DXT4}
00:00:08.127624 VMSVGA3d: cap[118]=0x00000000 {DXFMT_DXT5}
00:00:08.127624 VMSVGA3d: cap[119]=0x00000000 {DXFMT_BUMPU8V8}
00:00:08.127625 VMSVGA3d: cap[120]=0x00000000 {DXFMT_BUMPL6V5U5}
00:00:08.127625 VMSVGA3d: cap[121]=0x00000000 {DXFMT_BUMPX8L8V8U8}
00:00:08.127626 VMSVGA3d: cap[122]=0x00000000 {DXFMT_FORMAT_DEAD1}
00:00:08.127626 VMSVGA3d: cap[123]=0x00000000 {DXFMT_ARGB_S10E5}
00:00:08.127627 VMSVGA3d: cap[124]=0x00000000 {DXFMT_ARGB_S23E8}
00:00:08.127627 VMSVGA3d: cap[125]=0x00000000 {DXFMT_A2R10G10B10}
00:00:08.127628 VMSVGA3d: cap[126]=0x00000000 {DXFMT_V8U8}
00:00:08.127629 VMSVGA3d: cap[127]=0x00000000 {DXFMT_Q8W8V8U8}
00:00:08.127629 VMSVGA3d: cap[128]=0x00000000 {DXFMT_CxV8U8}
00:00:08.127630 VMSVGA3d: cap[129]=0x00000000 {DXFMT_X8L8V8U8}
00:00:08.127630 VMSVGA3d: cap[130]=0x00000000 {DXFMT_A2W10V10U10}
00:00:08.127631 VMSVGA3d: cap[131]=0x00000000 {DXFMT_ALPHA8}
00:00:08.127631 VMSVGA3d: cap[132]=0x00000000 {DXFMT_R_S10E5}
00:00:08.127632 VMSVGA3d: cap[133]=0x00000000 {DXFMT_R_S23E8}
00:00:08.127632 VMSVGA3d: cap[134]=0x00000000 {DXFMT_RG_S10E5}
00:00:08.127633 VMSVGA3d: cap[135]=0x00000000 {DXFMT_RG_S23E8}
00:00:08.127633 VMSVGA3d: cap[136]=0x00000000 {DXFMT_BUFFER}
00:00:08.127634 VMSVGA3d: cap[137]=0x00000000 {DXFMT_Z_D24X8}
00:00:08.127635 VMSVGA3d: cap[138]=0x00000000 {DXFMT_V16U16}
00:00:08.127635 VMSVGA3d: cap[139]=0x00000000 {DXFMT_G16R16}
00:00:08.127636 VMSVGA3d: cap[140]=0x00000000 {DXFMT_A16B16G16R16}
00:00:08.127636 VMSVGA3d: cap[141]=0x00000000 {DXFMT_UYVY}
00:00:08.127637 VMSVGA3d: cap[142]=0x00000000 {DXFMT_YUY2}
00:00:08.127637 VMSVGA3d: cap[143]=0x00000000 {DXFMT_NV12}
00:00:08.127638 VMSVGA3d: cap[144]=0x00000000 {DXFMT_FORMAT_DEAD2}
00:00:08.127638 VMSVGA3d: cap[145]=0x00000000 {DXFMT_R32G32B32A32_TYPELESS}
00:00:08.127639 VMSVGA3d: cap[146]=0x00000000 {DXFMT_R32G32B32A32_UINT}
00:00:08.127640 VMSVGA3d: cap[147]=0x00000000 {DXFMT_R32G32B32A32_SINT}
00:00:08.127640 VMSVGA3d: cap[148]=0x00000000 {DXFMT_R32G32B32_TYPELESS}
00:00:08.127641 VMSVGA3d: cap[149]=0x00000000 {DXFMT_R32G32B32_FLOAT}
00:00:08.127641 VMSVGA3d: cap[150]=0x00000000 {DXFMT_R32G32B32_UINT}
00:00:08.127642 VMSVGA3d: cap[151]=0x00000000 {DXFMT_R32G32B32_SINT}
00:00:08.127642 VMSVGA3d: cap[152]=0x00000000 {DXFMT_R16G16B16A16_TYPELESS}
00:00:08.127643 VMSVGA3d: cap[153]=0x00000000 {DXFMT_R16G16B16A16_UINT}
00:00:08.127643 VMSVGA3d: cap[154]=0x00000000 {DXFMT_R16G16B16A16_SNORM}
00:00:08.127644 VMSVGA3d: cap[155]=0x00000000 {DXFMT_R16G16B16A16_SINT}
00:00:08.127644 VMSVGA3d: cap[156]=0x00000000 {DXFMT_R32G32_TYPELESS}
00:00:08.127645 VMSVGA3d: cap[157]=0x00000000 {DXFMT_R32G32_UINT}
00:00:08.127645 VMSVGA3d: cap[158]=0x00000000 {DXFMT_R32G32_SINT}
00:00:08.127646 VMSVGA3d: cap[159]=0x00000000 {DXFMT_R32G8X24_TYPELESS}
00:00:08.127646 VMSVGA3d: cap[160]=0x00000000 {DXFMT_D32_FLOAT_S8X24_UINT}
00:00:08.127647 VMSVGA3d: cap[161]=0x00000000 {DXFMT_R32_FLOAT_X8X24}
00:00:08.127648 VMSVGA3d: cap[162]=0x00000000 {DXFMT_X32_G8X24_UINT}
00:00:08.127648 VMSVGA3d: cap[163]=0x00000000 {DXFMT_R10G10B10A2_TYPELESS}
00:00:08.127651 VMSVGA3d: cap[164]=0x00000000 {DXFMT_R10G10B10A2_UINT}
00:00:08.127651 VMSVGA3d: cap[165]=0x00000000 {DXFMT_R11G11B10_FLOAT}
00:00:08.127652 VMSVGA3d: cap[166]=0x00000000 {DXFMT_R8G8B8A8_TYPELESS}
00:00:08.127653 VMSVGA3d: cap[167]=0x00000000 {DXFMT_R8G8B8A8_UNORM}
00:00:08.127653 VMSVGA3d: cap[168]=0x00000000 {DXFMT_R8G8B8A8_UNORM_SRGB}
00:00:08.127654 VMSVGA3d: cap[169]=0x00000000 {DXFMT_R8G8B8A8_UINT}
00:00:08.127654 VMSVGA3d: cap[170]=0x00000000 {DXFMT_R8G8B8A8_SINT}
00:00:08.127655 VMSVGA3d: cap[171]=0x00000000 {DXFMT_R16G16_TYPELESS}
00:00:08.127655 VMSVGA3d: cap[172]=0x00000000 {DXFMT_R16G16_UINT}
00:00:08.127656 VMSVGA3d: cap[173]=0x00000000 {DXFMT_R16G16_SINT}
00:00:08.127657 VMSVGA3d: cap[174]=0x00000000 {DXFMT_R32_TYPELESS}
00:00:08.127657 VMSVGA3d: cap[175]=0x00000000 {DXFMT_D32_FLOAT}
00:00:08.127658 VMSVGA3d: cap[176]=0x00000000 {DXFMT_R32_UINT}
00:00:08.127658 VMSVGA3d: cap[177]=0x00000000 {DXFMT_R32_SINT}
00:00:08.127659 VMSVGA3d: cap[178]=0x00000000 {DXFMT_R24G8_TYPELESS}
00:00:08.127659 VMSVGA3d: cap[179]=0x00000000 {DXFMT_D24_UNORM_S8_UINT}
00:00:08.127660 VMSVGA3d: cap[180]=0x00000000 {DXFMT_R24_UNORM_X8}
00:00:08.127661 VMSVGA3d: cap[181]=0x00000000 {DXFMT_X24_G8_UINT}
00:00:08.127661 VMSVGA3d: cap[182]=0x00000000 {DXFMT_R8G8_TYPELESS}
00:00:08.127662 VMSVGA3d: cap[183]=0x00000000 {DXFMT_R8G8_UNORM}
00:00:08.127662 VMSVGA3d: cap[184]=0x00000000 {DXFMT_R8G8_UINT}
00:00:08.127663 VMSVGA3d: cap[185]=0x00000000 {DXFMT_R8G8_SINT}
00:00:08.127664 VMSVGA3d: cap[186]=0x00000000 {DXFMT_R16_TYPELESS}
00:00:08.127664 VMSVGA3d: cap[187]=0x00000000 {DXFMT_R16_UNORM}
00:00:08.127665 VMSVGA3d: cap[188]=0x00000000 {DXFMT_R16_UINT}
00:00:08.127665 VMSVGA3d: cap[189]=0x00000000 {DXFMT_R16_SNORM}
00:00:08.127666 VMSVGA3d: cap[190]=0x00000000 {DXFMT_R16_SINT}
00:00:08.127667 VMSVGA3d: cap[191]=0x00000000 {DXFMT_R8_TYPELESS}
00:00:08.127667 VMSVGA3d: cap[192]=0x00000000 {DXFMT_R8_UNORM}
00:00:08.127668 VMSVGA3d: cap[193]=0x00000000 {DXFMT_R8_UINT}
00:00:08.127669 VMSVGA3d: cap[194]=0x00000000 {DXFMT_R8_SNORM}
00:00:08.127669 VMSVGA3d: cap[195]=0x00000000 {DXFMT_R8_SINT}
00:00:08.127670 VMSVGA3d: cap[196]=0x00000000 {DXFMT_P8}
00:00:08.127671 VMSVGA3d: cap[197]=0x00000000 {DXFMT_R9G9B9E5_SHAREDEXP}
00:00:08.127671 VMSVGA3d: cap[198]=0x00000000 {DXFMT_R8G8_B8G8_UNORM}
00:00:08.127672 VMSVGA3d: cap[199]=0x00000000 {DXFMT_G8R8_G8B8_UNORM}
00:00:08.127672 VMSVGA3d: cap[200]=0x00000000 {DXFMT_BC1_TYPELESS}
00:00:08.127673 VMSVGA3d: cap[201]=0x00000000 {DXFMT_BC1_UNORM_SRGB}
00:00:08.127673 VMSVGA3d: cap[202]=0x00000000 {DXFMT_BC2_TYPELESS}
00:00:08.127674 VMSVGA3d: cap[203]=0x00000000 {DXFMT_BC2_UNORM_SRGB}
00:00:08.127675 VMSVGA3d: cap[204]=0x00000000 {DXFMT_BC3_TYPELESS}
00:00:08.127675 VMSVGA3d: cap[205]=0x00000000 {DXFMT_BC3_UNORM_SRGB}
00:00:08.127676 VMSVGA3d: cap[206]=0x00000000 {DXFMT_BC4_TYPELESS}
00:00:08.127676 VMSVGA3d: cap[207]=0x00000000 {DXFMT_ATI1}
00:00:08.127677 VMSVGA3d: cap[208]=0x00000000 {DXFMT_BC4_SNORM}
00:00:08.127677 VMSVGA3d: cap[209]=0x00000000 {DXFMT_BC5_TYPELESS}
00:00:08.127678 VMSVGA3d: cap[210]=0x00000000 {DXFMT_ATI2}
00:00:08.127678 VMSVGA3d: cap[211]=0x00000000 {DXFMT_BC5_SNORM}
00:00:08.127679 VMSVGA3d: cap[212]=0x00000000 {DXFMT_R10G10B10_XR_BIAS_A2_UNORM}
00:00:08.127680 VMSVGA3d: cap[213]=0x00000000 {DXFMT_B8G8R8A8_TYPELESS}
00:00:08.127680 VMSVGA3d: cap[214]=0x00000000 {DXFMT_B8G8R8A8_UNORM_SRGB}
00:00:08.127681 VMSVGA3d: cap[215]=0x00000000 {DXFMT_B8G8R8X8_TYPELESS}
00:00:08.127681 VMSVGA3d: cap[216]=0x00000000 {DXFMT_B8G8R8X8_UNORM_SRGB}
00:00:08.127682 VMSVGA3d: cap[217]=0x00000000 {DXFMT_Z_DF16}
00:00:08.127683 VMSVGA3d: cap[218]=0x00000000 {DXFMT_Z_DF24}
00:00:08.127683 VMSVGA3d: cap[219]=0x00000000 {DXFMT_Z_D24S8_INT}
00:00:08.127684 VMSVGA3d: cap[220]=0x00000000 {DXFMT_YV12}
00:00:08.127684 VMSVGA3d: cap[221]=0x00000000 {DXFMT_R32G32B32A32_FLOAT}
00:00:08.127685 VMSVGA3d: cap[222]=0x00000000 {DXFMT_R16G16B16A16_FLOAT}
00:00:08.127685 VMSVGA3d: cap[223]=0x00000000 {DXFMT_R16G16B16A16_UNORM}
00:00:08.127686 VMSVGA3d: cap[224]=0x00000000 {DXFMT_R32G32_FLOAT}
00:00:08.127686 VMSVGA3d: cap[225]=0x00000000 {DXFMT_R10G10B10A2_UNORM}
00:00:08.127687 VMSVGA3d: cap[226]=0x00000000 {DXFMT_R8G8B8A8_SNORM}
00:00:08.127688 VMSVGA3d: cap[227]=0x00000000 {DXFMT_R16G16_FLOAT}
00:00:08.127688 VMSVGA3d: cap[228]=0x00000000 {DXFMT_R16G16_UNORM}
00:00:08.127689 VMSVGA3d: cap[229]=0x00000000 {DXFMT_R16G16_SNORM}
00:00:08.127689 VMSVGA3d: cap[230]=0x00000000 {DXFMT_R32_FLOAT}
00:00:08.127690 VMSVGA3d: cap[231]=0x00000000 {DXFMT_R8G8_SNORM}
00:00:08.127691 VMSVGA3d: cap[232]=0x00000000 {DXFMT_R16_FLOAT}
00:00:08.127691 VMSVGA3d: cap[233]=0x00000000 {DXFMT_D16_UNORM}
00:00:08.127692 VMSVGA3d: cap[234]=0x00000000 {DXFMT_A8_UNORM}
00:00:08.127692 VMSVGA3d: cap[235]=0x00000000 {DXFMT_BC1_UNORM}
00:00:08.127693 VMSVGA3d: cap[236]=0x00000000 {DXFMT_BC2_UNORM}
00:00:08.127694 VMSVGA3d: cap[237]=0x00000000 {DXFMT_BC3_UNORM}
00:00:08.127694 VMSVGA3d: cap[238]=0x00000000 {DXFMT_B5G6R5_UNORM}
00:00:08.127695 VMSVGA3d: cap[239]=0x00000000 {DXFMT_B5G5R5A1_UNORM}
00:00:08.127696 VMSVGA3d: cap[240]=0x00000000 {DXFMT_B8G8R8A8_UNORM}
00:00:08.127696 VMSVGA3d: cap[241]=0x00000000 {DXFMT_B8G8R8X8_UNORM}
00:00:08.127697 VMSVGA3d: cap[242]=0x00000000 {DXFMT_BC4_UNORM}
00:00:08.127698 VMSVGA3d: cap[243]=0x00000000 {DXFMT_BC5_UNORM}
00:00:08.127698 VMSVGA3d: cap[244]=0x00000000 {SM41}
00:00:08.127699 VMSVGA3d: cap[245]=0x00000000 {MULTISAMPLE_2X}
00:00:08.127699 VMSVGA3d: cap[246]=0x00000000 {MULTISAMPLE_4X}
00:00:08.127700 VMSVGA3d: cap[247]=0x00000000 {MS_FULL_QUALITY}
00:00:08.127700 VMSVGA3d: cap[248]=0x00000000 {LOGICOPS}
00:00:08.127701 VMSVGA3d: cap[249]=0x00000000 {LOGIC_BLENDOPS}
00:00:08.127701 VMSVGA3d: cap[250]=0x00000000 {RESERVED_1}
00:00:08.127702 VMSVGA3d: cap[251]=0x00000000 {DXFMT_BC6H_TYPELESS}
00:00:08.127703 VMSVGA3d: cap[252]=0x00000000 {DXFMT_BC6H_UF16}
00:00:08.127703 VMSVGA3d: cap[253]=0x00000000 {DXFMT_BC6H_SF16}
00:00:08.127704 VMSVGA3d: cap[254]=0x00000000 {DXFMT_BC7_TYPELESS}
00:00:08.127704 VMSVGA3d: cap[255]=0x00000000 {DXFMT_BC7_UNORM}
00:00:08.127705 VMSVGA3d: cap[256]=0x00000000 {DXFMT_BC7_UNORM_SRGB}
00:00:08.127705 VMSVGA3d: cap[257]=0x00000000 {RESERVED_2}
00:00:08.127706 VMSVGA3d: cap[258]=0x00000000 {SM5}
00:00:08.127706 VMSVGA3d: cap[259]=0x00000000 {MULTISAMPLE_8X}
00:00:08.127711 AIOMgr: Endpoints without assigned bandwidth groups:
00:00:08.127737 AIOMgr:     D:\VirtualBox VMs\Linux Server\Server.vdi
00:00:08.127833 Changing the VM state from 'POWERING_ON' to 'RUNNING'
00:00:08.127848 Console: Machine state changed to 'Running'
00:00:08.138133 VMMDev: Guest Log: BIOS: VirtualBox 7.2.2
00:00:08.138233 PCI: Setting up resources and interrupts
00:00:08.138589 PIT: mode=2 count=0x10000 (65536) - 18.20 Hz (ch=0)
00:00:08.155389 Display::i_handleDisplayResize: uScreenId=0 pvVRAM=0000000000000000 w=720 h=400 bpp=0 cbLine=0x0 flags=0x0 origin=0,0
00:00:08.155771 VMMDev: Guest Log: CPUID EDX: 0x178bfbff
00:00:08.155855 PIIX3 ATA: Ctl#0: RESET, DevSel=0 AIOIf=0 CmdIf0=0x00 (-1 usec ago) CmdIf1=0x00 (-1 usec ago)
00:00:08.155888 PIIX3 ATA: Ctl#0: finished processing RESET
00:00:08.157860 AHCI#0: Reset the HBA
00:00:08.157880 VD#0: Cancelling all active requests
00:00:08.157923 AHCI#0: Port 0 reset
00:00:08.157954 VD#0: Cancelling all active requests
00:00:08.158533 VMMDev: Guest Log: BIOS: AHCI 0-P#0: PCHS=16383/16/63 LCHS=1024/255/63 0x0000000002800000 sectors
00:00:08.161715 PIT: mode=2 count=0x48d3 (18643) - 64.00 Hz (ch=0)
00:00:08.194199 Display::i_handleDisplayResize: uScreenId=0 pvVRAM=0000025ae99b0000 w=640 h=480 bpp=32 cbLine=0xA00 flags=0x0 origin=0,0
00:00:08.216571 GUI: UIMachineViewNormal::resendSizeHint: Restoring guest size-hint for screen 0 to 800x600
00:00:08.264552 GUI: UIMediumEnumerator: Medium-enumeration finished!
00:00:08.264587 GUI: UIMachineLogicNormal::sltCheckForRequestedVisualStateType: Requested-state=1, Machine-state=6
00:00:08.330831 GUI: UIMediumEnumerator: Medium-enumeration finished!
00:00:10.655483 PIT: mode=2 count=0x10000 (65536) - 18.20 Hz (ch=0)
00:00:10.655729 VMMDev: Guest Log: BIOS: Boot : bseqnr=1, bootseq=0132
00:00:10.657178 VMMDev: Guest Log: BIOS: Booting from Hard Disk...
00:00:10.662684 Display::i_handleDisplayResize: uScreenId=0 pvVRAM=0000000000000000 w=720 h=400 bpp=0 cbLine=0x0 flags=0x0 origin=0,0
00:00:10.930446 Display::i_handleDisplayResize: uScreenId=0 pvVRAM=0000025ae9adc000 w=640 h=480 bpp=32 cbLine=0xA00 flags=0x0 origin=0,0
00:00:39.772328 Display::i_handleDisplayResize: uScreenId=0 pvVRAM=0000000000000000 w=720 h=400 bpp=0 cbLine=0x0 flags=0x0 origin=0,0
00:00:40.117284 GUI: UIMediumEnumerator: Medium-enumeration finished!
00:00:40.861611 GIM: KVM: VCPU  0: Enabled system-time struct. at 0x000000001b602000 - u32TscScale=0xd3a3e32d i8TscShift=-1 uVersion=2 fFlags=0x1 uTsc=0x127000c6f3 uVirtNanoTS=0x79f0f287c TscKHz=2419200
00:00:40.861709 TM: Switching TSC mode from 'VirtTSCEmulated' to 'RealTSCOffset'
00:00:41.027753 GIM: KVM: Enabled wall-clock struct. at 0x000000001b601000 - u32Sec=1776160902 u32Nano=745217400 uVersion=2
00:00:41.040692 PIT: mode=2 count=0x4a9 (1193) - 1000.15 Hz (ch=0)
00:00:41.041115 APIC0: Switched mode to x2APIC
00:00:41.194625 PIT: mode=0 count=0x10000 (65536) - 18.20 Hz (ch=0)
00:00:41.195870 APIC1: Switched mode to x2APIC
00:00:41.195933 GIM: KVM: VCPU  1: Enabled system-time struct. at 0x000000001b602040 - u32TscScale=0xd3a3e32d i8TscShift=-1 uVersion=2 fFlags=0x1 uTsc=0x12a03c0815 uVirtNanoTS=0x7b2ff0417 TscKHz=2419200
00:00:41.392838 OHCI: Software reset
00:00:41.576591 PIIX3 ATA: Ctl#0: RESET, DevSel=0 AIOIf=0 CmdIf0=0xa1 (-1 usec ago) CmdIf1=0x00 (-1 usec ago)
00:00:41.576701 PIIX3 ATA: Ctl#0: finished processing RESET
00:00:41.579511 OHCI: USB Reset
00:00:41.633746 OHCI: Software reset
00:00:41.633921 OHCI: USB Operational
00:00:41.636147 EHCI: Hardware reset
00:00:41.636379 EHCI: USB Operational
00:00:41.678546 EHCI: USB Suspended
00:00:42.035992 IEM: rdmsr(0xc0011029) -> #GP(0)
00:00:42.357009 AHCI#0: Reset the HBA
00:00:42.357046 VD#0: Cancelling all active requests
00:00:42.388714 AHCI#0: Port 0 reset
00:00:42.390136 VD#0: Cancelling all active requests
00:00:42.414483 GCMInterceptedIOPortRead: Unknown vmware hypervisor call: rcx=0xa (cmd), rbx=0x0 (len/whatever), rsi=0x1 (input), rdi=0xffff8e85819cfe00 (input), rdx=0x5658 (flags + chid) at 0010:ffffffffc0710155
00:00:46.700178 AIOMgr: Async flushes not supported
00:00:49.888790 VMMDev: Guest Log: vboxguest: host-version: 7.2.2r170484 0x8000000f
00:00:49.888850 VMMDev: Guest Additions information report: Version 6.0.0 r127566 '6.0.0'
00:00:49.888883 VMMDev: Guest Additions information report: Interface = 0x00010004 osType = 0x00053100 (Linux >= 2.6, 64-bit)
00:00:49.889129 GUI: UISession::sltAdditionsChange: GA state doesn't really changed, still notifying listeners.
00:00:49.889150 GUI: UIMachineLogicNormal::sltCheckForRequestedVisualStateType: Requested-state=1, Machine-state=6
00:00:49.889285 VMMDev: Guest Additions capability report: (0x0 -> 0x0) seamless: no, hostWindowMapping: no, graphics: no
00:00:49.889390 VMMDev: vmmDevReqHandler_HeartbeatConfigure: No change (fHeartbeatActive=false)
00:00:49.889408 VMMDev: Heartbeat flatline timer set to trigger after 4 000 000 000 ns
00:00:49.889439 GUI: UISession::sltAdditionsChange: GA state doesn't really changed, still notifying listeners.
00:00:49.889458 GUI: UIMachineLogicNormal::sltCheckForRequestedVisualStateType: Requested-state=1, Machine-state=6
00:00:49.890295 VMMDev: Guest Log: vbg_heartbeat_init: Setting up heartbeat to trigger every 2000 milliseconds
00:00:49.890930 GUI: UISession::sltAdditionsChange: GA state really changed, notifying listeners.
00:00:49.895379 GUI: UIMachineViewNormal::adjustGuestScreenSize: Adjust guest-screen size if necessary
00:00:49.895427 GUI: UIMachineLogicNormal::sltCheckForRequestedVisualStateType: Requested-state=1, Machine-state=6
00:00:50.642988 Enabling different vbva mode
00:00:50.676844 VMSVGA: 3D disabled, but command 1115 will be processed
00:00:50.677069 VMSVGA: 3D disabled, but command 1115 will be processed
00:00:50.677116 VMSVGA: 3D disabled, but command 1115 will be processed
00:00:50.677122 VMSVGA: 3D disabled, but command 1115 will be processed
00:00:50.677136 VMSVGA: 3D disabled, but command 1115 will be processed
00:00:50.677141 VMSVGA: 3D disabled, but command 1135 will be processed
00:00:50.677210 VMSVGA: 3D disabled, but command 1097 will be processed
00:00:50.677252 VMSVGA: 3D disabled, but command 1099 will be processed
00:00:50.677275 Display::i_handleDisplayResize: uScreenId=0 pvVRAM=0000025ae07b0000 w=1280 h=800 bpp=32 cbLine=0x1400 flags=0x1 origin=0,0
00:00:50.853357 AC97: Reset
00:00:50.853396 AC97: Mixer reset (EAID=0x809, EACS=0x9)
00:00:50.853405 AC97: Record select to left=mic, right=mic
00:00:50.853410 Audio Mixer: MUTING master volume of 'AC'97 Mixer' -- channel volumes: ff ff ff ff ff ff ff ff ff ff ff ff
00:00:50.853423 Audio Mixer: MUTING sink 'AC'97 Mixer/Line In' -- channel volumes: 00 00 00 00 00 00 00 00 00 00 00 00
00:00:50.853432 Audio Mixer: MUTING sink 'AC'97 Mixer/Microphone In' -- channel volumes: 00 00 00 00 00 00 00 00 00 00 00 00
00:00:50.853438 Audio Mixer: MUTING sink 'AC'97 Mixer/PCM Output' -- channel volumes: 00 00 00 00 00 00 00 00 00 00 00 00
00:00:50.853443 Audio Mixer: MUTING sink 'AC'97 Mixer/PCM Output' -- channel volumes: 00 00 00 00 00 00 00 00 00 00 00 00
00:00:50.853447 Audio Mixer: MUTING sink 'AC'97 Mixer/Line In' -- channel volumes: 00 00 00 00 00 00 00 00 00 00 00 00
00:00:50.853451 Audio Mixer: MUTING sink 'AC'97 Mixer/Line In' -- channel volumes: 00 00 00 00 00 00 00 00 00 00 00 00
00:00:50.853456 Audio Mixer: MUTING sink 'AC'97 Mixer/Microphone In' -- channel volumes: 00 00 00 00 00 00 00 00 00 00 00 00
00:00:50.853613 Audio Mixer: MUTING sink 'AC'97 Mixer/Line In' -- channel volumes: 00 00 00 00 00 00 00 00 00 00 00 00
00:00:50.853635 Audio Mixer: MUTING sink 'AC'97 Mixer/Line In' -- channel volumes: 00 00 00 00 00 00 00 00 00 00 00 00
00:00:50.853680 Audio Mixer: MUTING sink 'AC'97 Mixer/Line In' -- channel volumes: 00 00 00 00 00 00 00 00 00 00 00 00
00:00:50.853687 Audio Mixer: MUTING sink 'AC'97 Mixer/Line In' -- channel volumes: 00 00 00 00 00 00 00 00 00 00 00 00
00:00:50.853727 AC97: Reset
00:00:50.853732 AC97: Mixer reset (EAID=0x809, EACS=0x9)
00:00:50.853754 AC97: Record select to left=mic, right=mic
00:00:50.853759 Audio Mixer: MUTING master volume of 'AC'97 Mixer' -- channel volumes: ff ff ff ff ff ff ff ff ff ff ff ff
00:00:50.853764 Audio Mixer: MUTING sink 'AC'97 Mixer/Line In' -- channel volumes: 00 00 00 00 00 00 00 00 00 00 00 00
00:00:50.853769 Audio Mixer: MUTING sink 'AC'97 Mixer/Microphone In' -- channel volumes: 00 00 00 00 00 00 00 00 00 00 00 00
00:00:50.853773 Audio Mixer: MUTING sink 'AC'97 Mixer/PCM Output' -- channel volumes: 00 00 00 00 00 00 00 00 00 00 00 00
00:00:50.853778 Audio Mixer: MUTING sink 'AC'97 Mixer/PCM Output' -- channel volumes: 00 00 00 00 00 00 00 00 00 00 00 00
00:00:50.853783 Audio Mixer: MUTING sink 'AC'97 Mixer/Line In' -- channel volumes: 00 00 00 00 00 00 00 00 00 00 00 00
00:00:50.853787 Audio Mixer: MUTING sink 'AC'97 Mixer/Line In' -- channel volumes: 00 00 00 00 00 00 00 00 00 00 00 00
00:00:50.853791 Audio Mixer: MUTING sink 'AC'97 Mixer/Microphone In' -- channel volumes: 00 00 00 00 00 00 00 00 00 00 00 00
00:00:50.855927 Audio Mixer: Setting master volume of 'AC'97 Mixer' -- channel volumes: ff ff ff ff ff ff ff ff ff ff ff ff
00:00:50.855957 Audio Mixer: MUTING sink 'AC'97 Mixer/Line In' -- channel volumes: 00 00 00 00 00 00 00 00 00 00 00 00
00:00:50.855962 Audio Mixer: MUTING sink 'AC'97 Mixer/Microphone In' -- channel volumes: 00 00 00 00 00 00 00 00 00 00 00 00
00:00:50.855967 Audio Mixer: MUTING sink 'AC'97 Mixer/PCM Output' -- channel volumes: 00 00 00 00 00 00 00 00 00 00 00 00
00:00:50.858134 Audio Mixer: MUTING master volume of 'AC'97 Mixer' -- channel volumes: ff ff ff ff ff ff ff ff ff ff ff ff
00:00:50.858167 Audio Mixer: MUTING sink 'AC'97 Mixer/Line In' -- channel volumes: 00 00 00 00 00 00 00 00 00 00 00 00
00:00:50.858172 Audio Mixer: MUTING sink 'AC'97 Mixer/Microphone In' -- channel volumes: 00 00 00 00 00 00 00 00 00 00 00 00
00:00:50.858177 Audio Mixer: MUTING sink 'AC'97 Mixer/PCM Output' -- channel volumes: 00 00 00 00 00 00 00 00 00 00 00 00
00:00:50.858211 Audio Mixer: MUTING master volume of 'AC'97 Mixer' -- channel volumes: ff ff ff ff ff ff ff ff ff ff ff ff
00:00:50.858217 Audio Mixer: MUTING sink 'AC'97 Mixer/Line In' -- channel volumes: 00 00 00 00 00 00 00 00 00 00 00 00
00:00:50.858222 Audio Mixer: MUTING sink 'AC'97 Mixer/Microphone In' -- channel volumes: 00 00 00 00 00 00 00 00 00 00 00 00
00:00:50.858226 Audio Mixer: MUTING sink 'AC'97 Mixer/PCM Output' -- channel volumes: 00 00 00 00 00 00 00 00 00 00 00 00
00:00:50.858504 Audio Mixer: MUTING master volume of 'AC'97 Mixer' -- channel volumes: ff ff ff ff ff ff ff ff ff ff ff ff
00:00:50.858523 Audio Mixer: MUTING sink 'AC'97 Mixer/Line In' -- channel volumes: 00 00 00 00 00 00 00 00 00 00 00 00
00:00:50.858532 Audio Mixer: MUTING sink 'AC'97 Mixer/Microphone In' -- channel volumes: 00 00 00 00 00 00 00 00 00 00 00 00
00:00:50.858536 Audio Mixer: MUTING sink 'AC'97 Mixer/PCM Output' -- channel volumes: 00 00 00 00 00 00 00 00 00 00 00 00
00:00:50.858553 Audio Mixer: MUTING master volume of 'AC'97 Mixer' -- channel volumes: 83 83 83 83 83 83 83 83 83 83 83 83
00:00:50.858559 Audio Mixer: MUTING sink 'AC'97 Mixer/Line In' -- channel volumes: 00 00 00 00 00 00 00 00 00 00 00 00
00:00:50.858563 Audio Mixer: MUTING sink 'AC'97 Mixer/Microphone In' -- channel volumes: 00 00 00 00 00 00 00 00 00 00 00 00
00:00:50.858567 Audio Mixer: MUTING sink 'AC'97 Mixer/PCM Output' -- channel volumes: 00 00 00 00 00 00 00 00 00 00 00 00
00:00:50.858597 Audio Mixer: MUTING master volume of 'AC'97 Mixer' -- channel volumes: bf bf bf bf bf bf bf bf bf bf bf bf
00:00:50.858603 Audio Mixer: MUTING sink 'AC'97 Mixer/Line In' -- channel volumes: 00 00 00 00 00 00 00 00 00 00 00 00
00:00:50.858607 Audio Mixer: MUTING sink 'AC'97 Mixer/Microphone In' -- channel volumes: 00 00 00 00 00 00 00 00 00 00 00 00
00:00:50.858611 Audio Mixer: MUTING sink 'AC'97 Mixer/PCM Output' -- channel volumes: 00 00 00 00 00 00 00 00 00 00 00 00
00:00:50.858650 Audio Mixer: MUTING master volume of 'AC'97 Mixer' -- channel volumes: 83 83 83 83 83 83 83 83 83 83 83 83
00:00:50.858656 Audio Mixer: MUTING sink 'AC'97 Mixer/Line In' -- channel volumes: 00 00 00 00 00 00 00 00 00 00 00 00
00:00:50.858660 Audio Mixer: MUTING sink 'AC'97 Mixer/Microphone In' -- channel volumes: 00 00 00 00 00 00 00 00 00 00 00 00
00:00:50.858666 Audio Mixer: MUTING sink 'AC'97 Mixer/PCM Output' -- channel volumes: 00 00 00 00 00 00 00 00 00 00 00 00
00:00:50.859487 Audio Mixer: MUTING sink 'AC'97 Mixer/PCM Output' -- channel volumes: 00 00 00 00 00 00 00 00 00 00 00 00
00:00:50.859518 Audio Mixer: MUTING sink 'AC'97 Mixer/Line In' -- channel volumes: 00 00 00 00 00 00 00 00 00 00 00 00
00:00:50.859525 Audio Mixer: MUTING sink 'AC'97 Mixer/Line In' -- channel volumes: 00 00 00 00 00 00 00 00 00 00 00 00
00:00:50.859561 Audio Mixer: MUTING sink 'AC'97 Mixer/Line In' -- channel volumes: 00 00 00 00 00 00 00 00 00 00 00 00
00:00:50.859568 Audio Mixer: MUTING sink 'AC'97 Mixer/Line In' -- channel volumes: 00 00 00 00 00 00 00 00 00 00 00 00
00:00:50.859594 Audio Mixer: MUTING sink 'AC'97 Mixer/Line In' -- channel volumes: 00 00 00 00 00 00 00 00 00 00 00 00
00:00:50.859599 Audio Mixer: MUTING sink 'AC'97 Mixer/Line In' -- channel volumes: 00 00 00 00 00 00 00 00 00 00 00 00
00:00:50.859625 Audio Mixer: MUTING sink 'AC'97 Mixer/Line In' -- channel volumes: 00 00 00 00 00 00 00 00 00 00 00 00
00:00:50.859631 Audio Mixer: MUTING sink 'AC'97 Mixer/Line In' -- channel volumes: 00 00 00 00 00 00 00 00 00 00 00 00
00:00:50.859648 AC97: Record select to left=mic, right=mic
00:00:50.859665 Audio Mixer: MUTING sink 'AC'97 Mixer/Line In' -- channel volumes: 00 00 00 00 00 00 00 00 00 00 00 00
00:00:50.859670 Audio Mixer: MUTING sink 'AC'97 Mixer/Line In' -- channel volumes: 00 00 00 00 00 00 00 00 00 00 00 00
00:00:51.013532 GUI: UIMediumEnumerator: Medium-enumeration finished!
00:13:45.139282 WasAPI: Device state for '{0.0.0.00000000}.{84d55425-7a0a-4e5a-8dd3-6ca262647c4a}' changed to NOTPRESENT (0x4)
00:13:45.139324 Audio: Device configuration of driver 'WasAPI' has changed
00:13:45.482627 Audio: Found 6 devices for driver 'WasAPI'
00:13:45.482656 Audio: Device 'Headphones (OPPO Enco Buds3 Pro)':
00:13:45.482656 Audio:   ID              = {0.0.0.00000000}.{118781e0-514f-4c20-b0f9-473a82d98599}
00:13:45.482657 Audio:   Usage           = output
00:13:45.482658 Audio:   Flags           = DEFAULT_OUT
00:13:45.482658 Audio:   Input channels  = 0
00:13:45.482658 Audio:   Output channels = 2
00:13:45.482662 Audio: Device 'Headphones (OPPO Enco Buds3 Pro)':
00:13:45.482662 Audio:   ID              = {0.0.0.00000000}.{118781e0-514f-4c20-b0f9-473a82d98599}
00:13:45.482663 Audio:   Usage           = output
00:13:45.482663 Audio:   Flags           = NONE
00:13:45.482663 Audio:   Input channels  = 0
00:13:45.482663 Audio:   Output channels = 2
00:13:45.482671 Audio: Device 'Speaker (Realtek(R) Audio)':
00:13:45.482671 Audio:   ID              = {0.0.0.00000000}.{f3f11c6b-1213-4b06-bc9b-2c5347df0a6d}
00:13:45.482671 Audio:   Usage           = output
00:13:45.482672 Audio:   Flags           = NONE
00:13:45.482672 Audio:   Input channels  = 0
00:13:45.482672 Audio:   Output channels = 2
00:13:45.482677 Audio: Device 'Microphone Array (Intel® Smart Sound Technology for Digital Microphones)':
00:13:45.482678 Audio:   ID              = {0.0.1.00000000}.{76d89b0a-6656-41f1-a428-aaa7c4315f47}
00:13:45.482678 Audio:   Usage           = input
00:13:45.482678 Audio:   Flags           = DEFAULT_IN
00:13:45.482678 Audio:   Input channels  = 2
00:13:45.482679 Audio:   Output channels = 0
00:13:45.482681 Audio: Device 'Microphone Array (Intel® Smart Sound Technology for Digital Microphones)':
00:13:45.482681 Audio:   ID              = {0.0.1.00000000}.{76d89b0a-6656-41f1-a428-aaa7c4315f47}
00:13:45.482682 Audio:   Usage           = input
00:13:45.482682 Audio:   Flags           = NONE
00:13:45.482682 Audio:   Input channels  = 2
00:13:45.482682 Audio:   Output channels = 0
00:13:45.482685 Audio: Device 'Headset (OPPO Enco Buds3 Pro)':
00:13:45.482685 Audio:   ID              = {0.0.1.00000000}.{862e1efa-6e0d-4f0d-8b3e-1dba4c6694be}
00:13:45.482685 Audio:   Usage           = input
00:13:45.482686 Audio:   Flags           = NONE
00:13:45.482686 Audio:   Input channels  = 1
00:13:45.482686 Audio:   Output channels = 0
00:13:54.788724 WasAPI: Device state for '{0.0.0.00000000}.{84d55425-7a0a-4e5a-8dd3-6ca262647c4a}' changed to ACTIVE (0x1)
00:13:54.788762 Audio: Device configuration of driver 'WasAPI' has changed
00:13:55.136950 Audio: Found 7 devices for driver 'WasAPI'
00:13:55.136978 Audio: Device 'Headphones (OPPO Enco Buds3 Pro)':
00:13:55.136979 Audio:   ID              = {0.0.0.00000000}.{118781e0-514f-4c20-b0f9-473a82d98599}
00:13:55.136980 Audio:   Usage           = output
00:13:55.136981 Audio:   Flags           = DEFAULT_OUT
00:13:55.136981 Audio:   Input channels  = 0
00:13:55.136982 Audio:   Output channels = 2
00:13:55.136988 Audio: Device 'Headphones (OPPO Enco Buds3 Pro)':
00:13:55.136988 Audio:   ID              = {0.0.0.00000000}.{118781e0-514f-4c20-b0f9-473a82d98599}
00:13:55.136989 Audio:   Usage           = output
00:13:55.136989 Audio:   Flags           = NONE
00:13:55.136990 Audio:   Input channels  = 0
00:13:55.136990 Audio:   Output channels = 2
00:13:55.136996 Audio: Device 'VA249HG (HD Audio Driver for Display Audio)':
00:13:55.136996 Audio:   ID              = {0.0.0.00000000}.{84d55425-7a0a-4e5a-8dd3-6ca262647c4a}
00:13:55.136997 Audio:   Usage           = output
00:13:55.136997 Audio:   Flags           = NONE
00:13:55.136998 Audio:   Input channels  = 0
00:13:55.136998 Audio:   Output channels = 2
00:13:55.137004 Audio: Device 'Speaker (Realtek(R) Audio)':
00:13:55.137004 Audio:   ID              = {0.0.0.00000000}.{f3f11c6b-1213-4b06-bc9b-2c5347df0a6d}
00:13:55.137005 Audio:   Usage           = output
00:13:55.137005 Audio:   Flags           = NONE
00:13:55.137006 Audio:   Input channels  = 0
00:13:55.137006 Audio:   Output channels = 2
00:13:55.137011 Audio: Device 'Microphone Array (Intel® Smart Sound Technology for Digital Microphones)':
00:13:55.137012 Audio:   ID              = {0.0.1.00000000}.{76d89b0a-6656-41f1-a428-aaa7c4315f47}
00:13:55.137012 Audio:   Usage           = input
00:13:55.137012 Audio:   Flags           = DEFAULT_IN
00:13:55.137013 Audio:   Input channels  = 2
00:13:55.137013 Audio:   Output channels = 0
00:13:55.137019 Audio: Device 'Microphone Array (Intel® Smart Sound Technology for Digital Microphones)':
00:13:55.137019 Audio:   ID              = {0.0.1.00000000}.{76d89b0a-6656-41f1-a428-aaa7c4315f47}
00:13:55.137020 Audio:   Usage           = input
00:13:55.137020 Audio:   Flags           = NONE
00:13:55.137021 Audio:   Input channels  = 2
00:13:55.137021 Audio:   Output channels = 0
00:13:55.137036 Audio: Device 'Headset (OPPO Enco Buds3 Pro)':
00:13:55.137036 Audio:   ID              = {0.0.1.00000000}.{862e1efa-6e0d-4f0d-8b3e-1dba4c6694be}
00:13:55.137037 Audio:   Usage           = input
00:13:55.137037 Audio:   Flags           = NONE
00:13:55.137038 Audio:   Input channels  = 1
00:13:55.137038 Audio:   Output channels = 0
00:21:36.719124 WasAPI: Device state for '{0.0.0.00000000}.{118781e0-514f-4c20-b0f9-473a82d98599}' changed to UNPLUGGED (0x8)
00:21:36.719156 Audio: Device configuration of driver 'WasAPI' has changed
00:21:36.754814 Audio: The output device for WasAPI is changing.
00:21:36.754854 Audio: Device configuration of driver 'WasAPI' has changed
00:21:36.776661 WasAPI: Device state for '{0.0.1.00000000}.{862e1efa-6e0d-4f0d-8b3e-1dba4c6694be}' changed to UNPLUGGED (0x8)
00:21:36.776697 Audio: Device configuration of driver 'WasAPI' has changed
00:21:37.125799 Audio: Found 5 devices for driver 'WasAPI'
00:21:37.125839 Audio: Device 'Speaker (Realtek(R) Audio)':
00:21:37.125840 Audio:   ID              = {0.0.0.00000000}.{f3f11c6b-1213-4b06-bc9b-2c5347df0a6d}
00:21:37.125841 Audio:   Usage           = output
00:21:37.125842 Audio:   Flags           = DEFAULT_OUT
00:21:37.125842 Audio:   Input channels  = 0
00:21:37.125843 Audio:   Output channels = 2
00:21:37.125850 Audio: Device 'VA249HG (HD Audio Driver for Display Audio)':
00:21:37.125851 Audio:   ID              = {0.0.0.00000000}.{84d55425-7a0a-4e5a-8dd3-6ca262647c4a}
00:21:37.125851 Audio:   Usage           = output
00:21:37.125852 Audio:   Flags           = NONE
00:21:37.125852 Audio:   Input channels  = 0
00:21:37.125853 Audio:   Output channels = 2
00:21:37.125858 Audio: Device 'Speaker (Realtek(R) Audio)':
00:21:37.125859 Audio:   ID              = {0.0.0.00000000}.{f3f11c6b-1213-4b06-bc9b-2c5347df0a6d}
00:21:37.125859 Audio:   Usage           = output
00:21:37.125860 Audio:   Flags           = NONE
00:21:37.125860 Audio:   Input channels  = 0
00:21:37.125861 Audio:   Output channels = 2
00:21:37.125866 Audio: Device 'Microphone Array (Intel® Smart Sound Technology for Digital Microphones)':
00:21:37.125866 Audio:   ID              = {0.0.1.00000000}.{76d89b0a-6656-41f1-a428-aaa7c4315f47}
00:21:37.125867 Audio:   Usage           = input
00:21:37.125868 Audio:   Flags           = DEFAULT_IN
00:21:37.125868 Audio:   Input channels  = 2
00:21:37.125869 Audio:   Output channels = 0
00:21:37.125873 Audio: Device 'Microphone Array (Intel® Smart Sound Technology for Digital Microphones)':
00:21:37.125874 Audio:   ID              = {0.0.1.00000000}.{76d89b0a-6656-41f1-a428-aaa7c4315f47}
00:21:37.125875 Audio:   Usage           = input
00:21:37.125875 Audio:   Flags           = NONE
00:21:37.125876 Audio:   Input channels  = 2
00:21:37.125876 Audio:   Output channels = 0
00:32:19.507596 WasAPI: Device state for '{0.0.0.00000000}.{84d55425-7a0a-4e5a-8dd3-6ca262647c4a}' changed to NOTPRESENT (0x4)
00:32:19.507637 Audio: Device configuration of driver 'WasAPI' has changed
00:32:19.899793 Audio: Found 4 devices for driver 'WasAPI'
00:32:19.899825 Audio: Device 'Speaker (Realtek(R) Audio)':
00:32:19.899825 Audio:   ID              = {0.0.0.00000000}.{f3f11c6b-1213-4b06-bc9b-2c5347df0a6d}
00:32:19.899826 Audio:   Usage           = output
00:32:19.899826 Audio:   Flags           = DEFAULT_OUT
00:32:19.899827 Audio:   Input channels  = 0
00:32:19.899827 Audio:   Output channels = 2
00:32:19.899830 Audio: Device 'Speaker (Realtek(R) Audio)':
00:32:19.899831 Audio:   ID              = {0.0.0.00000000}.{f3f11c6b-1213-4b06-bc9b-2c5347df0a6d}
00:32:19.899831 Audio:   Usage           = output
00:32:19.899831 Audio:   Flags           = NONE
00:32:19.899832 Audio:   Input channels  = 0
00:32:19.899832 Audio:   Output channels = 2
00:32:19.899834 Audio: Device 'Microphone Array (Intel® Smart Sound Technology for Digital Microphones)':
00:32:19.899835 Audio:   ID              = {0.0.1.00000000}.{76d89b0a-6656-41f1-a428-aaa7c4315f47}
00:32:19.899835 Audio:   Usage           = input
00:32:19.899835 Audio:   Flags           = DEFAULT_IN
00:32:19.899836 Audio:   Input channels  = 2
00:32:19.899836 Audio:   Output channels = 0
00:32:19.899845 Audio: Device 'Microphone Array (Intel® Smart Sound Technology for Digital Microphones)':
00:32:19.899845 Audio:   ID              = {0.0.1.00000000}.{76d89b0a-6656-41f1-a428-aaa7c4315f47}
00:32:19.899845 Audio:   Usage           = input
00:32:19.899845 Audio:   Flags           = NONE
00:32:19.899846 Audio:   Input channels  = 2
00:32:19.899846 Audio:   Output channels = 0
00:45:32.433798 TM: Giving up catch-up attempt at a 475 487 263 557 ns lag; new total: 475 487 263 557 ns
00:45:34.434395 WasAPI: Device state for '{0.0.0.00000000}.{84d55425-7a0a-4e5a-8dd3-6ca262647c4a}' changed to ACTIVE (0x1)
00:45:34.434430 Audio: Device configuration of driver 'WasAPI' has changed
00:45:34.815395 Audio: Found 5 devices for driver 'WasAPI'
00:45:34.815423 Audio: Device 'Speaker (Realtek(R) Audio)':
00:45:34.815423 Audio:   ID              = {0.0.0.00000000}.{f3f11c6b-1213-4b06-bc9b-2c5347df0a6d}
00:45:34.815424 Audio:   Usage           = output
00:45:34.815424 Audio:   Flags           = DEFAULT_OUT
00:45:34.815425 Audio:   Input channels  = 0
00:45:34.815425 Audio:   Output channels = 2
00:45:34.815428 Audio: Device 'VA249HG (HD Audio Driver for Display Audio)':
00:45:34.815429 Audio:   ID              = {0.0.0.00000000}.{84d55425-7a0a-4e5a-8dd3-6ca262647c4a}
00:45:34.815429 Audio:   Usage           = output
00:45:34.815429 Audio:   Flags           = NONE
00:45:34.815430 Audio:   Input channels  = 0
00:45:34.815430 Audio:   Output channels = 2
00:45:34.815433 Audio: Device 'Speaker (Realtek(R) Audio)':
00:45:34.815433 Audio:   ID              = {0.0.0.00000000}.{f3f11c6b-1213-4b06-bc9b-2c5347df0a6d}
00:45:34.815433 Audio:   Usage           = output
00:45:34.815434 Audio:   Flags           = NONE
00:45:34.815434 Audio:   Input channels  = 0
00:45:34.815434 Audio:   Output channels = 2
00:45:34.815437 Audio: Device 'Microphone Array (Intel® Smart Sound Technology for Digital Microphones)':
00:45:34.815437 Audio:   ID              = {0.0.1.00000000}.{76d89b0a-6656-41f1-a428-aaa7c4315f47}
00:45:34.815438 Audio:   Usage           = input
00:45:34.815438 Audio:   Flags           = DEFAULT_IN
00:45:34.815438 Audio:   Input channels  = 2
00:45:34.815439 Audio:   Output channels = 0
00:45:34.815442 Audio: Device 'Microphone Array (Intel® Smart Sound Technology for Digital Microphones)':
00:45:34.815442 Audio:   ID              = {0.0.1.00000000}.{76d89b0a-6656-41f1-a428-aaa7c4315f47}
00:45:34.815442 Audio:   Usage           = input
00:45:34.815443 Audio:   Flags           = NONE
00:45:34.815443 Audio:   Input channels  = 2
00:45:34.815443 Audio:   Output channels = 0
00:45:35.780592 WasAPI: Device state for '{0.0.0.00000000}.{84d55425-7a0a-4e5a-8dd3-6ca262647c4a}' changed to NOTPRESENT (0x4)
00:45:35.780618 Audio: Device configuration of driver 'WasAPI' has changed
00:45:35.807795 GUI: UIDesktopWidgetWatchdog::sltHandleHostScreenResized: Screen 0 is formally resized to: 0x0 x 1536x864
00:45:35.807877 GUI: UIMachineLogic: Host-screen geometry changed
00:45:35.807892 GUI: UIDesktopWidgetWatchdog::sltHandleHostScreenWorkAreaResized: Screen 0 work area is formally resized to: 0x0 x 1536x816
00:45:35.807897 GUI: UIMachineLogic: Host-screen available-area changed
00:45:35.808539 GUI: UIMachineLogic: Host-screen count changed
00:45:36.172541 Audio: Found 4 devices for driver 'WasAPI'
00:45:36.172567 Audio: Device 'Speaker (Realtek(R) Audio)':
00:45:36.172568 Audio:   ID              = {0.0.0.00000000}.{f3f11c6b-1213-4b06-bc9b-2c5347df0a6d}
00:45:36.172569 Audio:   Usage           = output
00:45:36.172569 Audio:   Flags           = DEFAULT_OUT
00:45:36.172570 Audio:   Input channels  = 0
00:45:36.172570 Audio:   Output channels = 2
00:45:36.172574 Audio: Device 'Speaker (Realtek(R) Audio)':
00:45:36.172574 Audio:   ID              = {0.0.0.00000000}.{f3f11c6b-1213-4b06-bc9b-2c5347df0a6d}
00:45:36.172575 Audio:   Usage           = output
00:45:36.172575 Audio:   Flags           = NONE
00:45:36.172575 Audio:   Input channels  = 0
00:45:36.172576 Audio:   Output channels = 2
00:45:36.172585 Audio: Device 'Microphone Array (Intel® Smart Sound Technology for Digital Microphones)':
00:45:36.172585 Audio:   ID              = {0.0.1.00000000}.{76d89b0a-6656-41f1-a428-aaa7c4315f47}
00:45:36.172586 Audio:   Usage           = input
00:45:36.172586 Audio:   Flags           = DEFAULT_IN
00:45:36.172586 Audio:   Input channels  = 2
00:45:36.172587 Audio:   Output channels = 0
00:45:36.172591 Audio: Device 'Microphone Array (Intel® Smart Sound Technology for Digital Microphones)':
00:45:36.172592 Audio:   ID              = {0.0.1.00000000}.{76d89b0a-6656-41f1-a428-aaa7c4315f47}
00:45:36.172592 Audio:   Usage           = input
00:45:36.172592 Audio:   Flags           = NONE
00:45:36.172593 Audio:   Input channels  = 2
00:45:36.172593 Audio:   Output channels = 0
00:45:37.719266 GUI: UIMachineLogic: Host-screen count changed
00:45:37.827536 GUI: UIDesktopWidgetWatchdog::sltHandleHostScreenResized: Screen 1 is formally resized to: -1920x0 x 1536x864
00:45:37.827569 GUI: UIMachineLogic: Host-screen geometry changed
00:45:37.827580 GUI: UIDesktopWidgetWatchdog::sltHandleHostScreenWorkAreaResized: Screen 1 work area is formally resized to: -1920x0 x 1536x816
00:45:37.827586 GUI: UIMachineLogic: Host-screen available-area changed
00:45:38.417858 WasAPI: Device state for '{0.0.0.00000000}.{84d55425-7a0a-4e5a-8dd3-6ca262647c4a}' changed to ACTIVE (0x1)
00:45:38.417893 Audio: Device configuration of driver 'WasAPI' has changed
00:45:38.788681 Audio: Found 5 devices for driver 'WasAPI'
00:45:38.788708 Audio: Device 'Speaker (Realtek(R) Audio)':
00:45:38.788709 Audio:   ID              = {0.0.0.00000000}.{f3f11c6b-1213-4b06-bc9b-2c5347df0a6d}
00:45:38.788709 Audio:   Usage           = output
00:45:38.788710 Audio:   Flags           = DEFAULT_OUT
00:45:38.788710 Audio:   Input channels  = 0
00:45:38.788711 Audio:   Output channels = 2
00:45:38.788715 Audio: Device 'VA249HG (HD Audio Driver for Display Audio)':
00:45:38.788715 Audio:   ID              = {0.0.0.00000000}.{84d55425-7a0a-4e5a-8dd3-6ca262647c4a}
00:45:38.788715 Audio:   Usage           = output
00:45:38.788716 Audio:   Flags           = NONE
00:45:38.788716 Audio:   Input channels  = 0
00:45:38.788716 Audio:   Output channels = 2
00:45:38.788719 Audio: Device 'Speaker (Realtek(R) Audio)':
00:45:38.788719 Audio:   ID              = {0.0.0.00000000}.{f3f11c6b-1213-4b06-bc9b-2c5347df0a6d}
00:45:38.788720 Audio:   Usage           = output
00:45:38.788720 Audio:   Flags           = NONE
00:45:38.788720 Audio:   Input channels  = 0
00:45:38.788721 Audio:   Output channels = 2
00:45:38.788724 Audio: Device 'Microphone Array (Intel® Smart Sound Technology for Digital Microphones)':
00:45:38.788724 Audio:   ID              = {0.0.1.00000000}.{76d89b0a-6656-41f1-a428-aaa7c4315f47}
00:45:38.788724 Audio:   Usage           = input
00:45:38.788725 Audio:   Flags           = DEFAULT_IN
00:45:38.788725 Audio:   Input channels  = 2
00:45:38.788725 Audio:   Output channels = 0
00:45:38.788728 Audio: Device 'Microphone Array (Intel® Smart Sound Technology for Digital Microphones)':
00:45:38.788728 Audio:   ID              = {0.0.1.00000000}.{76d89b0a-6656-41f1-a428-aaa7c4315f47}
00:45:38.788728 Audio:   Usage           = input
00:45:38.788729 Audio:   Flags           = NONE
00:45:38.788729 Audio:   Input channels  = 2
00:45:38.788729 Audio:   Output channels = 0
00:46:03.528500 WasAPI: Device state for '{0.0.0.00000000}.{84d55425-7a0a-4e5a-8dd3-6ca262647c4a}' changed to NOTPRESENT (0x4)
00:46:03.528514 Audio: Device configuration of driver 'WasAPI' has changed
00:46:03.980586 Audio: Found 4 devices for driver 'WasAPI'
00:46:03.980610 Audio: Device 'Speaker (Realtek(R) Audio)':
00:46:03.980610 Audio:   ID              = {0.0.0.00000000}.{f3f11c6b-1213-4b06-bc9b-2c5347df0a6d}
00:46:03.980610 Audio:   Usage           = output
00:46:03.980611 Audio:   Flags           = DEFAULT_OUT
00:46:03.980611 Audio:   Input channels  = 0
00:46:03.980611 Audio:   Output channels = 2
00:46:03.980619 Audio: Device 'Speaker (Realtek(R) Audio)':
00:46:03.980619 Audio:   ID              = {0.0.0.00000000}.{f3f11c6b-1213-4b06-bc9b-2c5347df0a6d}
00:46:03.980619 Audio:   Usage           = output
00:46:03.980619 Audio:   Flags           = NONE
00:46:03.980620 Audio:   Input channels  = 0
00:46:03.980620 Audio:   Output channels = 2
00:46:03.980624 Audio: Device 'Microphone Array (Intel® Smart Sound Technology for Digital Microphones)':
00:46:03.980624 Audio:   ID              = {0.0.1.00000000}.{76d89b0a-6656-41f1-a428-aaa7c4315f47}
00:46:03.980624 Audio:   Usage           = input
00:46:03.980624 Audio:   Flags           = DEFAULT_IN
00:46:03.980625 Audio:   Input channels  = 2
00:46:03.980625 Audio:   Output channels = 0
00:46:03.980627 Audio: Device 'Microphone Array (Intel® Smart Sound Technology for Digital Microphones)':
00:46:03.980627 Audio:   ID              = {0.0.1.00000000}.{76d89b0a-6656-41f1-a428-aaa7c4315f47}
00:46:03.980627 Audio:   Usage           = input
00:46:03.980627 Audio:   Flags           = NONE
00:46:03.980627 Audio:   Input channels  = 2
00:46:03.980628 Audio:   Output channels = 0
00:46:35.630183 TM: Giving up catch-up attempt at a 60 003 312 770 ns lag; new total: 535 490 576 327 ns
00:47:38.220950 TM: Giving up catch-up attempt at a 60 051 147 467 ns lag; new total: 595 541 723 794 ns
00:48:40.229844 TM: Giving up catch-up attempt at a 60 027 818 277 ns lag; new total: 655 569 542 071 ns
00:49:42.722311 TM: Giving up catch-up attempt at a 60 006 794 228 ns lag; new total: 715 576 336 299 ns
00:50:45.821224 TM: Giving up catch-up attempt at a 60 003 610 448 ns lag; new total: 775 579 946 747 ns
00:51:48.764161 TM: Giving up catch-up attempt at a 60 017 179 980 ns lag; new total: 835 597 126 727 ns
00:52:52.036999 TM: Giving up catch-up attempt at a 60 009 787 375 ns lag; new total: 895 606 914 102 ns
00:53:55.053682 TM: Giving up catch-up attempt at a 60 031 760 784 ns lag; new total: 955 638 674 886 ns
00:54:57.548461 TM: Giving up catch-up attempt at a 60 024 366 007 ns lag; new total: 1 015 663 040 893 ns
00:56:00.323329 TM: Giving up catch-up attempt at a 60 007 974 828 ns lag; new total: 1 075 671 015 721 ns
00:58:59.467714 TM: Giving up catch-up attempt at a 179 123 693 483 ns lag; new total: 1 254 794 709 204 ns
00:58:59.467767 VMMDev: vmmDevHeartbeatFlatlinedTimer: Guest seems to be unresponsive. Last heartbeat received 177 seconds ago
00:58:59.470244 VMMDev: GuestHeartBeat: Guest is alive (gone 177 939 353 534 ns)
01:55:41.023492 TM: Giving up catch-up attempt at a 3 401 319 318 756 ns lag; new total: 4 656 114 027 960 ns
01:55:41.023523 VMMDev: vmmDevHeartbeatFlatlinedTimer: Guest seems to be unresponsive. Last heartbeat received 3396 seconds ago
01:55:41.028496 VMMDev: GuestHeartBeat: Guest is alive (gone 3 396 561 746 207 ns)
01:55:41.744640 Pausing VM execution, reason 'HostSuspend'
01:55:41.767663 Changing the VM state from 'RUNNING' to 'SUSPENDING'
01:55:41.787489 AIOMgr: Endpoint for file 'D:\VirtualBox VMs\Linux Server\Server.vdi' (flags 000c0781) created successfully
01:55:41.788608 PDMR3Suspend: 20 902 153 ns run time
01:55:41.788627 Changing the VM state from 'SUSPENDING' to 'SUSPENDED'
01:55:41.788638 Console: Machine state changed to 'Paused'
03:37:35.506425 Resuming VM execution, reason 'HostResume'
03:37:35.506697 Changing the VM state from 'SUSPENDED' to 'RESUMING'
03:37:35.507338 AIOMgr: Endpoint for file 'D:\VirtualBox VMs\Linux Server\Server.vdi' (flags 000c0723) created successfully
03:37:35.509757 Changing the VM state from 'RESUMING' to 'RUNNING'
03:37:35.509787 Console: Machine state changed to 'Running'
03:37:37.635207 GUI: UIMachineLogic: Host-screen count changed
03:37:37.730987 GUI: UIDesktopWidgetWatchdog::sltHandleHostScreenResized: Screen 0 is formally resized to: 0x0 x 1536x864
03:37:37.731030 GUI: UIMachineLogic: Host-screen geometry changed
03:37:37.731042 GUI: UIDesktopWidgetWatchdog::sltHandleHostScreenWorkAreaResized: Screen 0 work area is formally resized to: 0x0 x 1536x816
03:37:37.731047 GUI: UIMachineLogic: Host-screen available-area changed
03:37:39.098329 GUI: UIMachineLogic: Host-screen count changed
03:37:39.451641 VMMDev: vmmDevHeartbeatFlatlinedTimer: Guest seems to be unresponsive. Last heartbeat received 4 seconds ago
03:37:39.796510 GUI: UIDesktopWidgetWatchdog::sltHandleHostScreenResized: Screen 1 is formally resized to: -1920x0 x 1536x864
03:37:39.797115 GUI: UIMachineLogic: Host-screen geometry changed
03:37:39.797138 GUI: UIDesktopWidgetWatchdog::sltHandleHostScreenWorkAreaResized: Screen 1 work area is formally resized to: -1920x0 x 1536x816
03:37:39.797145 GUI: UIMachineLogic: Host-screen available-area changed
03:37:53.464574 WasAPI: Device state for '{0.0.0.00000000}.{84d55425-7a0a-4e5a-8dd3-6ca262647c4a}' changed to ACTIVE (0x1)
03:37:53.464614 Audio: Device configuration of driver 'WasAPI' has changed
03:37:53.991274 Audio: Found 5 devices for driver 'WasAPI'
03:37:53.991331 Audio: Device 'Speaker (Realtek(R) Audio)':
03:37:53.991332 Audio:   ID              = {0.0.0.00000000}.{f3f11c6b-1213-4b06-bc9b-2c5347df0a6d}
03:37:53.991333 Audio:   Usage           = output
03:37:53.991334 Audio:   Flags           = DEFAULT_OUT
03:37:53.991335 Audio:   Input channels  = 0
03:37:53.991335 Audio:   Output channels = 2
03:37:53.991341 Audio: Device 'VA249HG (HD Audio Driver for Display Audio)':
03:37:53.991341 Audio:   ID              = {0.0.0.00000000}.{84d55425-7a0a-4e5a-8dd3-6ca262647c4a}
03:37:53.991342 Audio:   Usage           = output
03:37:53.991342 Audio:   Flags           = NONE
03:37:53.991343 Audio:   Input channels  = 0
03:37:53.991343 Audio:   Output channels = 2
03:37:53.991347 Audio: Device 'Speaker (Realtek(R) Audio)':
03:37:53.991347 Audio:   ID              = {0.0.0.00000000}.{f3f11c6b-1213-4b06-bc9b-2c5347df0a6d}
03:37:53.991348 Audio:   Usage           = output
03:37:53.991348 Audio:   Flags           = NONE
03:37:53.991349 Audio:   Input channels  = 0
03:37:53.991349 Audio:   Output channels = 2
03:37:53.991353 Audio: Device 'Microphone Array (Intel® Smart Sound Technology for Digital Microphones)':
03:37:53.991353 Audio:   ID              = {0.0.1.00000000}.{76d89b0a-6656-41f1-a428-aaa7c4315f47}
03:37:53.991354 Audio:   Usage           = input
03:37:53.991354 Audio:   Flags           = DEFAULT_IN
03:37:53.991355 Audio:   Input channels  = 2
03:37:53.991355 Audio:   Output channels = 0
03:37:53.991359 Audio: Device 'Microphone Array (Intel® Smart Sound Technology for Digital Microphones)':
03:37:53.991359 Audio:   ID              = {0.0.1.00000000}.{76d89b0a-6656-41f1-a428-aaa7c4315f47}
03:37:53.991360 Audio:   Usage           = input
03:37:53.991360 Audio:   Flags           = NONE
03:37:53.991360 Audio:   Input channels  = 2
03:37:53.991361 Audio:   Output channels = 0
03:38:02.874353 VMMDev: GuestHeartBeat: Guest is alive (gone 27 422 719 995 ns)
03:38:02.878029 AIOMgr: Async flushes not supported
03:38:07.637057 WasAPI: Device state for '{0.0.1.00000000}.{862e1efa-6e0d-4f0d-8b3e-1dba4c6694be}' changed to UNPLUGGED (0x8)
03:38:07.637130 Audio: Device configuration of driver 'WasAPI' has changed
03:38:08.002915 Audio: Found 5 devices for driver 'WasAPI'
03:38:08.002967 Audio: Device 'Speaker (Realtek(R) Audio)':
03:38:08.002968 Audio:   ID              = {0.0.0.00000000}.{f3f11c6b-1213-4b06-bc9b-2c5347df0a6d}
03:38:08.002969 Audio:   Usage           = output
03:38:08.002969 Audio:   Flags           = DEFAULT_OUT
03:38:08.002969 Audio:   Input channels  = 0
03:38:08.002970 Audio:   Output channels = 2
03:38:08.002975 Audio: Device 'VA249HG (HD Audio Driver for Display Audio)':
03:38:08.002975 Audio:   ID              = {0.0.0.00000000}.{84d55425-7a0a-4e5a-8dd3-6ca262647c4a}
03:38:08.002975 Audio:   Usage           = output
03:38:08.002976 Audio:   Flags           = NONE
03:38:08.002976 Audio:   Input channels  = 0
03:38:08.002976 Audio:   Output channels = 2
03:38:08.002991 Audio: Device 'Speaker (Realtek(R) Audio)':
03:38:08.002992 Audio:   ID              = {0.0.0.00000000}.{f3f11c6b-1213-4b06-bc9b-2c5347df0a6d}
03:38:08.002992 Audio:   Usage           = output
03:38:08.002993 Audio:   Flags           = NONE
03:38:08.002993 Audio:   Input channels  = 0
03:38:08.002993 Audio:   Output channels = 2
03:38:08.003005 Audio: Device 'Microphone Array (Intel® Smart Sound Technology for Digital Microphones)':
03:38:08.003006 Audio:   ID              = {0.0.1.00000000}.{76d89b0a-6656-41f1-a428-aaa7c4315f47}
03:38:08.003007 Audio:   Usage           = input
03:38:08.003007 Audio:   Flags           = DEFAULT_IN
03:38:08.003007 Audio:   Input channels  = 2
03:38:08.003008 Audio:   Output channels = 0
03:38:08.003012 Audio: Device 'Microphone Array (Intel® Smart Sound Technology for Digital Microphones)':
03:38:08.003012 Audio:   ID              = {0.0.1.00000000}.{76d89b0a-6656-41f1-a428-aaa7c4315f47}
03:38:08.003012 Audio:   Usage           = input
03:38:08.003013 Audio:   Flags           = NONE
03:38:08.003013 Audio:   Input channels  = 2
03:38:08.003013 Audio:   Output channels = 0
03:38:09.607096 WasAPI: Device state for '{0.0.0.00000000}.{118781e0-514f-4c20-b0f9-473a82d98599}' changed to UNPLUGGED (0x8)
03:38:09.607120 Audio: Device configuration of driver 'WasAPI' has changed
03:38:09.724574 WasAPI: Device state for '{0.0.0.00000000}.{118781e0-514f-4c20-b0f9-473a82d98599}' changed to UNPLUGGED (0x8)
03:38:09.724606 Audio: Device configuration of driver 'WasAPI' has changed
03:38:09.757357 WasAPI: Device state for '{0.0.0.00000000}.{118781e0-514f-4c20-b0f9-473a82d98599}' changed to ACTIVE (0x1)
03:38:09.757462 Audio: Device configuration of driver 'WasAPI' has changed
03:38:09.799615 Audio: The output device for WasAPI is changing.
03:38:09.799640 Audio: Device configuration of driver 'WasAPI' has changed
03:38:09.813672 WasAPI: Device state for '{0.0.1.00000000}.{862e1efa-6e0d-4f0d-8b3e-1dba4c6694be}' changed to UNPLUGGED (0x8)
03:38:09.813704 Audio: Device configuration of driver 'WasAPI' has changed
03:38:09.842279 WasAPI: Device state for '{0.0.1.00000000}.{862e1efa-6e0d-4f0d-8b3e-1dba4c6694be}' changed to ACTIVE (0x1)
03:38:09.842308 Audio: Device configuration of driver 'WasAPI' has changed
03:38:10.185811 Audio: Found 7 devices for driver 'WasAPI'
03:38:10.185840 Audio: Device 'Headphones (OPPO Enco Buds3 Pro)':
03:38:10.185841 Audio:   ID              = {0.0.0.00000000}.{118781e0-514f-4c20-b0f9-473a82d98599}
03:38:10.185842 Audio:   Usage           = output
03:38:10.185842 Audio:   Flags           = DEFAULT_OUT
03:38:10.185842 Audio:   Input channels  = 0
03:38:10.185843 Audio:   Output channels = 2
03:38:10.185847 Audio: Device 'Headphones (OPPO Enco Buds3 Pro)':
03:38:10.185848 Audio:   ID              = {0.0.0.00000000}.{118781e0-514f-4c20-b0f9-473a82d98599}
03:38:10.185848 Audio:   Usage           = output
03:38:10.185849 Audio:   Flags           = NONE
03:38:10.185849 Audio:   Input channels  = 0
03:38:10.185849 Audio:   Output channels = 2
03:38:10.185853 Audio: Device 'VA249HG (HD Audio Driver for Display Audio)':
03:38:10.185853 Audio:   ID              = {0.0.0.00000000}.{84d55425-7a0a-4e5a-8dd3-6ca262647c4a}
03:38:10.185854 Audio:   Usage           = output
03:38:10.185854 Audio:   Flags           = NONE
03:38:10.185854 Audio:   Input channels  = 0
03:38:10.185855 Audio:   Output channels = 2
03:38:10.185859 Audio: Device 'Speaker (Realtek(R) Audio)':
03:38:10.185860 Audio:   ID              = {0.0.0.00000000}.{f3f11c6b-1213-4b06-bc9b-2c5347df0a6d}
03:38:10.185860 Audio:   Usage           = output
03:38:10.185861 Audio:   Flags           = NONE
03:38:10.185861 Audio:   Input channels  = 0
03:38:10.185861 Audio:   Output channels = 2
03:38:10.185865 Audio: Device 'Microphone Array (Intel® Smart Sound Technology for Digital Microphones)':
03:38:10.185866 Audio:   ID              = {0.0.1.00000000}.{76d89b0a-6656-41f1-a428-aaa7c4315f47}
03:38:10.185866 Audio:   Usage           = input
03:38:10.185866 Audio:   Flags           = DEFAULT_IN
03:38:10.185867 Audio:   Input channels  = 2
03:38:10.185867 Audio:   Output channels = 0
03:38:10.185913 Audio: Device 'Microphone Array (Intel® Smart Sound Technology for Digital Microphones)':
03:38:10.185916 Audio:   ID              = {0.0.1.00000000}.{76d89b0a-6656-41f1-a428-aaa7c4315f47}
03:38:10.185916 Audio:   Usage           = input
03:38:10.185917 Audio:   Flags           = NONE
03:38:10.185917 Audio:   Input channels  = 2
03:38:10.185918 Audio:   Output channels = 0
03:38:10.185933 Audio: Device 'Headset (OPPO Enco Buds3 Pro)':
03:38:10.185933 Audio:   ID              = {0.0.1.00000000}.{862e1efa-6e0d-4f0d-8b3e-1dba4c6694be}
03:38:10.185933 Audio:   Usage           = input
03:38:10.185934 Audio:   Flags           = NONE
03:38:10.185934 Audio:   Input channels  = 1
03:38:10.185934 Audio:   Output channels = 0
03:39:06.626271 TM: Giving up catch-up attempt at a 60 011 167 707 ns lag; new total: 4 716 125 195 667 ns
03:40:09.268618 TM: Giving up catch-up attempt at a 60 014 403 366 ns lag; new total: 4 776 139 599 033 ns
03:41:11.790102 TM: Giving up catch-up attempt at a 60 011 955 112 ns lag; new total: 4 836 151 554 145 ns
03:42:15.267826 TM: Giving up catch-up attempt at a 60 001 550 935 ns lag; new total: 4 896 153 105 080 ns
03:43:18.072586 TM: Giving up catch-up attempt at a 60 004 417 823 ns lag; new total: 4 956 157 522 903 ns
03:44:21.082620 TM: Giving up catch-up attempt at a 60 003 999 410 ns lag; new total: 5 016 161 522 313 ns
03:45:22.702782 TM: Giving up catch-up attempt at a 60 016 012 228 ns lag; new total: 5 076 177 534 541 ns
03:46:24.880391 TM: Giving up catch-up attempt at a 60 024 878 746 ns lag; new total: 5 136 202 413 287 ns
03:47:26.756848 TM: Giving up catch-up attempt at a 60 000 641 033 ns lag; new total: 5 196 203 054 320 ns
03:48:29.437674 TM: Giving up catch-up attempt at a 60 034 983 427 ns lag; new total: 5 256 238 037 747 ns
03:49:30.906982 TM: Giving up catch-up attempt at a 60 002 022 197 ns lag; new total: 5 316 240 059 944 ns
03:50:33.814092 TM: Giving up catch-up attempt at a 60 004 278 226 ns lag; new total: 5 376 244 338 170 ns
03:51:36.716614 TM: Giving up catch-up attempt at a 60 014 220 370 ns lag; new total: 5 436 258 558 540 ns
03:52:39.572634 TM: Giving up catch-up attempt at a 60 000 512 178 ns lag; new total: 5 496 259 070 718 ns
03:53:41.784947 TM: Giving up catch-up attempt at a 60 017 282 081 ns lag; new total: 5 556 276 352 799 ns
03:54:44.751136 TM: Giving up catch-up attempt at a 60 000 717 209 ns lag; new total: 5 616 277 070 008 ns
03:55:46.923438 TM: Giving up catch-up attempt at a 60 019 890 193 ns lag; new total: 5 676 296 960 201 ns
03:56:49.476592 TM: Giving up catch-up attempt at a 60 005 858 147 ns lag; new total: 5 736 302 818 348 ns
03:57:52.294979 TM: Giving up catch-up attempt at a 60 032 993 990 ns lag; new total: 5 796 335 812 338 ns
03:58:55.226785 TM: Giving up catch-up attempt at a 60 005 513 791 ns lag; new total: 5 856 341 326 129 ns
03:59:57.953405 TM: Giving up catch-up attempt at a 60 002 940 278 ns lag; new total: 5 916 344 266 407 ns
04:01:00.856913 TM: Giving up catch-up attempt at a 60 016 446 536 ns lag; new total: 5 976 360 712 943 ns
04:02:03.821484 TM: Giving up catch-up attempt at a 60 031 576 902 ns lag; new total: 6 036 392 289 845 ns
04:03:06.132101 TM: Giving up catch-up attempt at a 60 011 724 591 ns lag; new total: 6 096 404 014 436 ns
04:04:08.720455 TM: Giving up catch-up attempt at a 60 007 782 536 ns lag; new total: 6 156 411 796 972 ns
04:05:10.962095 TM: Giving up catch-up attempt at a 60 032 092 004 ns lag; new total: 6 216 443 888 976 ns
04:06:14.014704 TM: Giving up catch-up attempt at a 60 033 635 408 ns lag; new total: 6 276 477 524 384 ns
04:07:16.923761 TM: Giving up catch-up attempt at a 60 003 216 144 ns lag; new total: 6 336 480 740 528 ns
04:08:20.181024 TM: Giving up catch-up attempt at a 60 025 976 581 ns lag; new total: 6 396 506 717 109 ns
04:09:22.939959 TM: Giving up catch-up attempt at a 60 010 528 827 ns lag; new total: 6 456 517 245 936 ns
04:10:25.628398 TM: Giving up catch-up attempt at a 60 030 163 999 ns lag; new total: 6 516 547 409 935 ns
04:11:28.296543 TM: Giving up catch-up attempt at a 60 004 549 099 ns lag; new total: 6 576 551 959 034 ns
04:12:30.352521 TM: Giving up catch-up attempt at a 60 005 904 528 ns lag; new total: 6 636 557 863 562 ns
04:13:32.780545 TM: Giving up catch-up attempt at a 60 006 775 671 ns lag; new total: 6 696 564 639 233 ns
04:14:35.118509 TM: Giving up catch-up attempt at a 60 003 945 329 ns lag; new total: 6 756 568 584 562 ns
04:15:37.466346 TM: Giving up catch-up attempt at a 60 009 747 908 ns lag; new total: 6 816 578 332 470 ns
04:16:40.254201 TM: Giving up catch-up attempt at a 60 022 563 914 ns lag; new total: 6 876 600 896 384 ns
04:17:43.205970 TM: Giving up catch-up attempt at a 60 003 288 738 ns lag; new total: 6 936 604 185 122 ns
04:18:45.978036 TM: Giving up catch-up attempt at a 60 029 507 760 ns lag; new total: 6 996 633 692 882 ns
04:19:49.643877 TM: Giving up catch-up attempt at a 60 010 701 824 ns lag; new total: 7 056 644 394 706 ns
04:20:52.353904 TM: Giving up catch-up attempt at a 60 023 782 540 ns lag; new total: 7 116 668 177 246 ns
04:21:55.718139 Changing the VM state from 'RUNNING' to 'SUSPENDING'
04:21:55.731245 AIOMgr: Endpoint for file 'D:\VirtualBox VMs\Linux Server\Server.vdi' (flags 000c0781) created successfully
04:21:55.732375 PDMR3Suspend: 14 194 039 ns run time
04:21:55.732404 Changing the VM state from 'SUSPENDING' to 'SUSPENDED'
04:21:55.732417 Console: Machine state changed to 'Paused'
04:21:56.872927 Changing the VM state from 'SUSPENDED' to 'RESUMING'
04:21:56.873436 AIOMgr: Endpoint for file 'D:\VirtualBox VMs\Linux Server\Server.vdi' (flags 000c0723) created successfully
04:21:56.874922 Changing the VM state from 'RESUMING' to 'RUNNING'
04:21:56.874957 Console: Machine state changed to 'Running'
04:21:57.069270 TM: Giving up catch-up attempt at a 60 003 869 567 ns lag; new total: 7 176 672 046 813 ns
04:21:58.754113 Changing the VM state from 'RUNNING' to 'SUSPENDING'
04:21:58.756494 AIOMgr: Async flushes not supported
04:21:58.771431 AIOMgr: Endpoint for file 'D:\VirtualBox VMs\Linux Server\Server.vdi' (flags 000c0781) created successfully
04:21:58.772313 PDMR3Suspend: 18 103 734 ns run time
04:21:58.772343 Changing the VM state from 'SUSPENDING' to 'SUSPENDED'
04:21:58.772361 Console: Machine state changed to 'Paused'
04:21:59.746312 GUI: Request for close-action to power VM off.
04:21:59.747157 GUI: Powering VM off..
04:21:59.757931 Console: Machine state changed to 'Stopping'
04:21:59.758444 Console::powerDown(): A request to power off the VM has been issued (mMachineState=Stopping, InUninit=0)
04:21:59.758743 Changing the VM state from 'SUSPENDED' to 'POWERING_OFF'
04:21:59.758766 ****************** Guest state at power off for VCpu 1 ******************
04:21:59.758784 Guest CPUM (VCPU 1) state: 
04:21:59.758837 rax=0000000000000000 rbx=0000000000000000 rcx=0000000000000000 rdx=0000000000000000
04:21:59.758840 rsi=0000000000000000 rdi=0000000000000000 r8 =0000000000000000 r9 =0000000000000000
04:21:59.758841 r10=0000000000000000 r11=0000000000000000 r12=ffff8e85818528c0 r13=0000000000000000
04:21:59.758842 r14=0000000000000000 r15=0000000000000000
04:21:59.758843 rip=ffffffffa625124b rsp=ffffd06a000abe78 rbp=ffffd06a000abe80 iopl=0  iopl=0 nv up ei pl zr na po nc
04:21:59.758847 cs={0010 base=0000000000000000 limit=ffffffff flags=0000a09b}
04:21:59.758848 ds={0000 base=0000000000000000 limit=ffffffff flags=0001c000}
04:21:59.758849 es={0000 base=0000000000000000 limit=ffffffff flags=0001c000}
04:21:59.758850 fs={0000 base=0000000000000000 limit=ffffffff flags=0001c000}
04:21:59.758851 gs={0000 base=ffff8e8619500000 limit=ffffffff flags=0001c000}
04:21:59.758851 ss={0018 base=0000000000000000 limit=ffffffff flags=0000c093}
04:21:59.758852 cr0=0000000080050033 cr2=00007b03c100a468 cr3=000000000434c003 cr4=00000000000706f0
04:21:59.758854 dr0=0000000000000000 dr1=0000000000000000 dr2=0000000000000000 dr3=0000000000000000
04:21:59.758855 dr4=0000000000000000 dr5=0000000000000000 dr6=00000000ffff0ff0 dr7=0000000000000400
04:21:59.758856 gdtr=fffffe40a1703000:007f  idtr=fffffe0000000000:0fff  eflags=00000246
04:21:59.758858 ldtr={0000 base=00000000 limit=ffffffff flags=0001c000}
04:21:59.758859 tr  ={0040 base=fffffe40a1705000 limit=00004087 flags=0000008b}
04:21:59.758860 SysEnter={cs=0010 eip=ffffffffa64019b0 esp=fffffe40a1705000}
04:21:59.758861 xcr=0000000000000007 xcr1=0000000000000000 xss=0000000000000000 (fXStateMask=0000000000000007)
04:21:59.758862 FCW=037f FSW=0000 FTW=0000 FOP=0000 MXCSR=00001f80 MXCSR_MASK=0000ffff
04:21:59.758864 FPUIP=00000000 CS=0000 Rsrvd1=0000  FPUDP=00000000 DS=0000 Rsvrd2=0000
04:21:59.758865 ST(0)=FPR0={0000'00000000'00000000} t0 +0.0000000000000000000000 * 2 ^ -16383 (*)
04:21:59.758868 ST(1)=FPR1={0000'00000000'00000000} t0 +0.0000000000000000000000 * 2 ^ -16383 (*)
04:21:59.758869 ST(2)=FPR2={0000'00000000'00000000} t0 +0.0000000000000000000000 * 2 ^ -16383 (*)
04:21:59.758870 ST(3)=FPR3={0000'00000000'00000000} t0 +0.0000000000000000000000 * 2 ^ -16383 (*)
04:21:59.758872 ST(4)=FPR4={0000'00000000'00000000} t0 +0.0000000000000000000000 * 2 ^ -16383 (*)
04:21:59.758873 ST(5)=FPR5={0000'00000000'00000000} t0 +0.0000000000000000000000 * 2 ^ -16383 (*)
04:21:59.758874 ST(6)=FPR6={0000'00000000'00000000} t0 +0.0000000000000000000000 * 2 ^ -16383 (*)
04:21:59.758878 ST(7)=FPR7={0000'00000000'00000000} t0 +0.0000000000000000000000 * 2 ^ -16383 (*)
04:21:59.758879 YMM0 =00000000'00000000'00000000'00000000'00000000'00000000'00000000'00000000
04:21:59.758881 YMM1 =00000000'00000000'00000000'00000000'00000000'00000000'ff000000'00000000
04:21:59.758883 YMM2 =00000000'00000000'00000000'00000000'6e2f646d'65747379'732f6e75'722f0001
04:21:59.758885 YMM3 =00000000'00000000'00000000'00000000'00000000'00000000'00000079'6669746f
04:21:59.758886 YMM4 =00000000'00000000'00000000'00000000'00000000'00000000'00000000'00000000
04:21:59.758888 YMM5 =00000000'00000000'00000000'00000000'00000000'00000000'00000000'00000000
04:21:59.758889 YMM6 =00000000'00000000'00000000'00000000'00000000'00000000'00000000'00000000
04:21:59.758891 YMM7 =00000000'00000000'00000000'00000000'00000000'00000000'00000000'00000000
04:21:59.758892 YMM8 =00000000'00000000'00000000'00000000'000059d9'f2c82420'000059d9'f2c823b0
04:21:59.758894 YMM9 =00000000'00000000'00000000'00000000'64643dbd'96a3db14'646415ac'c1f0ecc4
04:21:59.758895 YMM10=00000000'00000000'00000000'00000000'64646464'64646435'64646464'64646464
04:21:59.758897 YMM11=00000000'00000000'00000000'00000000'00000000'00000000'00000000'00000000
04:21:59.758898 YMM12=00000000'00000000'00000000'00000000'00000000'00000000'00000000'00000000
04:21:59.758900 YMM13=00000000'00000000'00000000'00000000'00000000'00000000'00000000'00000000
04:21:59.758901 YMM14=00000000'00000000'00000000'00000000'00000000'00000000'00000000'00000000
04:21:59.758902 YMM15=00000000'00000000'00000000'00000000'00000000'00000000'00000000'00000000
04:21:59.759132 EFER         =0000000000000d01
04:21:59.759133 PAT          =0407050600070106
04:21:59.759134 STAR         =0023001000000000
04:21:59.759134 CSTAR        =0000000000000000
04:21:59.759135 LSTAR        =ffffffffa6400080
04:21:59.759135 SFMASK       =0000000000257fd5
04:21:59.759135 KERNELGSBASE =0000000000000000
04:21:59.759136 MTRR_CAP          =0000000000000510
04:21:59.759137 MTRR_DEF_TYPE     =0000000000000c00
04:21:59.759137 MTRR_FIX64K_00000 =0606060606060606
04:21:59.759137 MTRR_FIX16K_80000 =0606060606060606
04:21:59.759138 MTRR_FIX16K_A0000 =0000000000000000
04:21:59.759138 MTRR_FIX4K_C0000  =0505050505050505
04:21:59.759138 MTRR_FIX4K_C8000  =0505050505050505
04:21:59.759139 MTRR_FIX4K_D0000  =0505050505050505
04:21:59.759139 MTRR_FIX4K_D8000  =0505050505050505
04:21:59.759140 MTRR_FIX4K_E0000  =0505050505050505
04:21:59.759140 MTRR_FIX4K_E8000  =0505050505050505
04:21:59.759140 MTRR_FIX4K_F0000  =0505050505050505
04:21:59.759140 MTRR_FIX4K_F8000  =0505050505050505
04:21:59.759141 MTRR_PHYSBASE[ 0] =0000000000000006 First=0000000000000000      0 MB [WB]
04:21:59.759145 MTRR_PHYSMASK[ 0] =0000007f80000800 Last =000000007fffffff   2047 MB [2048 MB]
04:21:59.759147 MTRR_PHYSBASE[ 1] =0000000080000006 First=0000000080000000   2048 MB [WB]
04:21:59.759148 MTRR_PHYSMASK[ 1] =0000007fe0000800 Last =000000009fffffff   2559 MB [512 MB]
04:21:59.759149 MTRR_PHYSBASE[ 2] =000000009bf00000 First=000000009bf00000   2495 MB [UC]
04:21:59.759149 MTRR_PHYSMASK[ 2] =0000007ffff00800 Last =000000009bffffff   2495 MB [1 MB]
04:21:59.759150 MTRR_PHYSBASE[ 3] =000000009c000000 First=000000009c000000   2496 MB [UC]
04:21:59.759151 MTRR_PHYSMASK[ 3] =0000007ffc000800 Last =000000009fffffff   2559 MB [64 MB]
04:21:59.759152 MTRR_PHYSBASE[ 4] =0000000000000000
04:21:59.759152 MTRR_PHYSMASK[ 4] =0000000000000000
04:21:59.759152 MTRR_PHYSBASE[ 5] =0000000000000000
04:21:59.759153 MTRR_PHYSMASK[ 5] =0000000000000000
04:21:59.759153 MTRR_PHYSBASE[ 6] =0000000000000000
04:21:59.759153 MTRR_PHYSMASK[ 6] =0000000000000000
04:21:59.759154 MTRR_PHYSBASE[ 7] =0000000000000000
04:21:59.759154 MTRR_PHYSMASK[ 7] =0000000000000000
04:21:59.759154 MTRR_PHYSBASE[ 8] =0000000000000000
04:21:59.759154 MTRR_PHYSMASK[ 8] =0000000000000000
04:21:59.759155 MTRR_PHYSBASE[ 9] =0000000000000000
04:21:59.759155 MTRR_PHYSMASK[ 9] =0000000000000000
04:21:59.759155 MTRR_PHYSBASE[10] =0000000000000000
04:21:59.759156 MTRR_PHYSMASK[10] =0000000000000000
04:21:59.759156 MTRR_PHYSBASE[11] =0000000000000000
04:21:59.759156 MTRR_PHYSMASK[11] =0000000000000000
04:21:59.759157 MTRR_PHYSBASE[12] =0000000000000000
04:21:59.759157 MTRR_PHYSMASK[12] =0000000000000000
04:21:59.759157 MTRR_PHYSBASE[13] =0000000000000000
04:21:59.759158 MTRR_PHYSMASK[13] =0000000000000000
04:21:59.759158 MTRR_PHYSBASE[14] =0000000000000000
04:21:59.759158 MTRR_PHYSMASK[14] =0000000000000000
04:21:59.759159 MTRR_PHYSBASE[15] =0000000000000000
04:21:59.759159 MTRR_PHYSMASK[15] =0000000000000000
04:21:59.759161 ***
04:21:59.759167 VCPU[1] hardware virtualization state:
04:21:59.759168 fSavedInhibit                = 0x0
04:21:59.759169 In nested-guest hwvirt mode  = false
04:21:59.759171 Hwvirt state disabled.
04:21:59.759172 ***
04:21:59.759188 Guest paging mode (VCPU #1):  AMD64+NX (changed 3 times), A20 enabled (changed 0 times)
04:21:59.759194 Guest SLAT mode (VCPU #1): Direct
04:21:59.759197 Shadow paging mode (VCPU #1): EPT
04:21:59.759198 Host paging mode:             AMD64+G+NX
04:21:59.759199 ***
04:21:59.759199 ************** End of Guest state at power off for VCpu 1 ***************
04:21:59.759228 ****************** Guest state at power off for VCpu 0 ******************
04:21:59.759230 Guest CPUM (VCPU 0) state: 
04:21:59.759232 rax=0000000000000000 rbx=0000000000000000 rcx=0000000000000000 rdx=0000000000000000
04:21:59.759234 rsi=0000000000000000 rdi=0000000000000000 r8 =0000000000000000 r9 =0000000000000000
04:21:59.759235 r10=0000000000000000 r11=0000000000000000 r12=ffffffffa760fd40 r13=0000000000000000
04:21:59.759236 r14=0000000027ba0000 r15=000000000008a000
04:21:59.759237 rip=ffffffffa625124b rsp=ffffffffa7603e18 rbp=ffffffffa7603e20 iopl=0  iopl=0 nv up ei pl zr na po nc
04:21:59.759238 cs={0010 base=0000000000000000 limit=ffffffff flags=0000a09b}
04:21:59.759239 ds={0000 base=0000000000000000 limit=ffffffff flags=0001c000}
04:21:59.759240 es={0000 base=0000000000000000 limit=ffffffff flags=0001c000}
04:21:59.759241 fs={0000 base=0000000000000000 limit=ffffffff flags=0001c000}
04:21:59.759241 gs={0000 base=ffff8e8619400000 limit=ffffffff flags=0001c000}
04:21:59.759242 ss={0018 base=0000000000000000 limit=ffffffff flags=0000c093}
04:21:59.759243 cr0=0000000080050033 cr2=000063c5ea7e6008 cr3=000000000434c005 cr4=00000000000706f0
04:21:59.759244 dr0=0000000000000000 dr1=0000000000000000 dr2=0000000000000000 dr3=0000000000000000
04:21:59.759245 dr4=0000000000000000 dr5=0000000000000000 dr6=00000000ffff0ff0 dr7=0000000000000400
04:21:59.759246 gdtr=fffffe19f8d62000:007f  idtr=fffffe0000000000:0fff  eflags=00000246
04:21:59.759247 ldtr={0000 base=00000000 limit=ffffffff flags=0001c000}
04:21:59.759248 tr  ={0040 base=fffffe19f8d64000 limit=00004087 flags=0000008b}
04:21:59.759249 SysEnter={cs=0010 eip=ffffffffa64019b0 esp=fffffe19f8d64000}
04:21:59.759251 xcr=0000000000000007 xcr1=0000000000000000 xss=0000000000000000 (fXStateMask=0000000000000007)
04:21:59.759252 FCW=037f FSW=0000 FTW=0000 FOP=0000 MXCSR=00001f80 MXCSR_MASK=0000ffff
04:21:59.759254 FPUIP=00000000 CS=0000 Rsrvd1=0000  FPUDP=00000000 DS=0000 Rsvrd2=0000
04:21:59.759256 ST(0)=FPR0={0000'00000000'00000000} t0 +0.0000000000000000000000 * 2 ^ -16383 (*)
04:21:59.759258 ST(1)=FPR1={0000'00000000'00000000} t0 +0.0000000000000000000000 * 2 ^ -16383 (*)
04:21:59.759259 ST(2)=FPR2={0000'00000000'00000000} t0 +0.0000000000000000000000 * 2 ^ -16383 (*)
04:21:59.759261 ST(3)=FPR3={0000'00000000'00000000} t0 +0.0000000000000000000000 * 2 ^ -16383 (*)
04:21:59.759263 ST(4)=FPR4={0000'00000000'00000000} t0 +0.0000000000000000000000 * 2 ^ -16383 (*)
04:21:59.759264 ST(5)=FPR5={0000'00000000'00000000} t0 +0.0000000000000000000000 * 2 ^ -16383 (*)
04:21:59.759265 ST(6)=FPR6={0000'00000000'00000000} t0 +0.0000000000000000000000 * 2 ^ -16383 (*)
04:21:59.759266 ST(7)=FPR7={0000'00000000'00000000} t0 +0.0000000000000000000000 * 2 ^ -16383 (*)
04:21:59.759267 YMM0 =00000000'00000000'00000000'00000000'00000000'0000328d'00000000'00000000
04:21:59.759268 YMM1 =00000000'00000000'00000000'00000000'00000000'315771a0'00000000'0000255a
04:21:59.759270 YMM2 =00000000'00000000'00000000'00000000'00000000'00000000'00000000'000000ff
04:21:59.759271 YMM3 =00000000'00000000'00000000'00000000'00000000'00000000'00000000'000000ff
04:21:59.759272 YMM4 =00000000'00000000'00000000'00000000'ffffffff'ffffffff'ffffffff'ffffffff
04:21:59.759273 YMM5 =00000000'00000000'00000000'00000000'ffffffff'ffffffff'ffffffff'ffffffff
04:21:59.759274 YMM6 =00000000'00000000'00000000'00000000'ffffffff'ffffffff'ffffffff'ffffffff
04:21:59.759275 YMM7 =00000000'00000000'00000000'00000000'000071c8'a54ac401'00000000'00000045
04:21:59.759276 YMM8 =00000000'00000000'00000000'00000000'000071c8'a5827690'000071c8'a5827140
04:21:59.759278 YMM9 =00000000'00000000'00000000'00000000'00000000'00000000'00000000'00000000
04:21:59.759279 YMM10=00000000'00000000'00000000'00000000'00000000'00000000'00000000'00000000
04:21:59.759280 YMM11=00000000'00000000'00000000'00000000'00000000'00000000'00000000'00000000
04:21:59.759281 YMM12=00000000'00000000'00000000'00000000'00000000'00000000'00000000'00000000
04:21:59.759282 YMM13=00000000'00000000'00000000'00000000'00000000'00000000'00000000'00000000
04:21:59.759282 YMM14=00000000'00000000'00000000'00000000'00000000'00000000'00000000'00000000
04:21:59.759283 YMM15=00000000'00000000'00000000'00000000'00000000'00000000'00000000'00000000
04:21:59.759285 EFER         =0000000000000d01
04:21:59.759285 PAT          =0407050600070106
04:21:59.759285 STAR         =0023001000000000
04:21:59.759286 CSTAR        =0000000000000000
04:21:59.759286 LSTAR        =ffffffffa6400080
04:21:59.759286 SFMASK       =0000000000257fd5
04:21:59.759287 KERNELGSBASE =0000000000000000
04:21:59.759287 MTRR_CAP          =0000000000000510
04:21:59.759287 MTRR_DEF_TYPE     =0000000000000c00
04:21:59.759288 MTRR_FIX64K_00000 =0606060606060606
04:21:59.759288 MTRR_FIX16K_80000 =0606060606060606
04:21:59.759289 MTRR_FIX16K_A0000 =0000000000000000
04:21:59.759289 MTRR_FIX4K_C0000  =0505050505050505
04:21:59.759289 MTRR_FIX4K_C8000  =0505050505050505
04:21:59.759290 MTRR_FIX4K_D0000  =0505050505050505
04:21:59.759290 MTRR_FIX4K_D8000  =0505050505050505
04:21:59.759290 MTRR_FIX4K_E0000  =0505050505050505
04:21:59.759290 MTRR_FIX4K_E8000  =0505050505050505
04:21:59.759291 MTRR_FIX4K_F0000  =0505050505050505
04:21:59.759291 MTRR_FIX4K_F8000  =0505050505050505
04:21:59.759292 MTRR_PHYSBASE[ 0] =0000000000000006 First=0000000000000000      0 MB [WB]
04:21:59.759292 MTRR_PHYSMASK[ 0] =0000007f80000800 Last =000000007fffffff   2047 MB [2048 MB]
04:21:59.759293 MTRR_PHYSBASE[ 1] =0000000080000006 First=0000000080000000   2048 MB [WB]
04:21:59.759294 MTRR_PHYSMASK[ 1] =0000007fe0000800 Last =000000009fffffff   2559 MB [512 MB]
04:21:59.759295 MTRR_PHYSBASE[ 2] =000000009bf00000 First=000000009bf00000   2495 MB [UC]
04:21:59.759296 MTRR_PHYSMASK[ 2] =0000007ffff00800 Last =000000009bffffff   2495 MB [1 MB]
04:21:59.759296 MTRR_PHYSBASE[ 3] =000000009c000000 First=000000009c000000   2496 MB [UC]
04:21:59.759297 MTRR_PHYSMASK[ 3] =0000007ffc000800 Last =000000009fffffff   2559 MB [64 MB]
04:21:59.759298 MTRR_PHYSBASE[ 4] =0000000000000000
04:21:59.759298 MTRR_PHYSMASK[ 4] =0000000000000000
04:21:59.759298 MTRR_PHYSBASE[ 5] =0000000000000000
04:21:59.759299 MTRR_PHYSMASK[ 5] =0000000000000000
04:21:59.759299 MTRR_PHYSBASE[ 6] =0000000000000000
04:21:59.759299 MTRR_PHYSMASK[ 6] =0000000000000000
04:21:59.759299 MTRR_PHYSBASE[ 7] =0000000000000000
04:21:59.759300 MTRR_PHYSMASK[ 7] =0000000000000000
04:21:59.759300 MTRR_PHYSBASE[ 8] =0000000000000000
04:21:59.759300 MTRR_PHYSMASK[ 8] =0000000000000000
04:21:59.759301 MTRR_PHYSBASE[ 9] =0000000000000000
04:21:59.759301 MTRR_PHYSMASK[ 9] =0000000000000000
04:21:59.759301 MTRR_PHYSBASE[10] =0000000000000000
04:21:59.759302 MTRR_PHYSMASK[10] =0000000000000000
04:21:59.759302 MTRR_PHYSBASE[11] =0000000000000000
04:21:59.759302 MTRR_PHYSMASK[11] =0000000000000000
04:21:59.759303 MTRR_PHYSBASE[12] =0000000000000000
04:21:59.759303 MTRR_PHYSMASK[12] =0000000000000000
04:21:59.759303 MTRR_PHYSBASE[13] =0000000000000000
04:21:59.759304 MTRR_PHYSMASK[13] =0000000000000000
04:21:59.759304 MTRR_PHYSBASE[14] =0000000000000000
04:21:59.759304 MTRR_PHYSMASK[14] =0000000000000000
04:21:59.759304 MTRR_PHYSBASE[15] =0000000000000000
04:21:59.759305 MTRR_PHYSMASK[15] =0000000000000000
04:21:59.759306 ***
04:21:59.759307 VCPU[0] hardware virtualization state:
04:21:59.759308 fSavedInhibit                = 0x0
04:21:59.759308 In nested-guest hwvirt mode  = false
04:21:59.759309 Hwvirt state disabled.
04:21:59.759309 ***
04:21:59.759311 Guest paging mode (VCPU #0):  AMD64+NX (changed 5269098 times), A20 enabled (changed 2 times)
04:21:59.759312 Guest SLAT mode (VCPU #0): Direct
04:21:59.759312 Shadow paging mode (VCPU #0): EPT
04:21:59.759313 Host paging mode:             AMD64+G+NX
04:21:59.759313 ***
04:21:59.759315 Active Timers (pVM=0000025ae2c90000)
04:21:59.759315 pTimerR3         offNext  offPrev  offSched Clock               Time             Expire HzHint State                     Description
04:21:59.759318 0000025ae2fc0180 00000007 ffffffff ffffffff Real           536630071          536629086      0 2-ACTIVE                  VGA Refresh
04:21:59.759469 0000025ae2fc0380 ffffffff 00000003 ffffffff Real           536630072          536629286      0 2-ACTIVE                  CPU Load Timer
04:21:59.759475 0000025aeb220280 ffffffff ffffffff ffffffff Virt       9595781254819      9599728951084      0 2-ACTIVE                  Heartbeat flatlined
04:21:59.759479 0000025ae92c0100 00000005 ffffffff ffffffff VrSy       2417649754547      2417768138478      8 2-ACTIVE                  APIC Timer 1
04:21:59.759482 0000025ae92c0280 0000000a 00000002 ffffffff VrSy       2417649754547      2417990000000      0 2-ACTIVE                  MC146818 RTC Second
04:21:59.759484 0000025ae92c0500 ffffffff 00000005 ffffffff VrSy       2417649754547      2999660079705      0 2-ACTIVE                  ACPI PM
04:21:59.759488 ***
04:21:59.759501 Guest GDT (GCAddr=fffffe19f8d62000 limit=7f):
04:21:59.759801 0008 - 0000ffff 00cf9b00 - base=00000000 limit=ffffffff dpl=0 CodeER Accessed Present Page 32-bit 
04:21:59.759803 0010 - 0000ffff 00af9b00 - base=00000000 limit=ffffffff dpl=0 CodeER Accessed Present Page 16-bit 
04:21:59.759805 0018 - 0000ffff 00cf9300 - base=00000000 limit=ffffffff dpl=0 DataRW Accessed Present Page 32-bit 
04:21:59.759806 0020 - 0000ffff 00cffb00 - base=00000000 limit=ffffffff dpl=3 CodeER Accessed Present Page 32-bit 
04:21:59.759807 0028 - 0000ffff 00cff300 - base=00000000 limit=ffffffff dpl=3 DataRW Accessed Present Page 32-bit 
04:21:59.759807 0030 - 0000ffff 00affb00 - base=00000000 limit=ffffffff dpl=3 CodeER Accessed Present Page 16-bit 
04:21:59.759809 0040 - 40004087 f8008bd6 - base=f8d64000 limit=00004087 dpl=0 TSS32Busy Present 16-bit 
04:21:59.759812 0078 - 00000000 0040f500 - base=00000000 limit=00000000 dpl=3 DataDownRO Accessed Present 32-bit 
04:21:59.759814 ************** End of Guest state at power off ***************
04:21:59.759894 Display::i_handleDisplayResize: uScreenId=0 pvVRAM=0000000000000000 w=1280 h=800 bpp=0 cbLine=0x0 flags=0x2 origin=0,0
04:21:59.759942 ERROR [COM]: aRC=E_ACCESSDENIED (0x80070005) aIID={6ac83d89-6ee7-4e33-8ae6-b257b2e81be8} aComponent={ConsoleWrap} aText={The virtual machine is being powered down}, preserve=false aResultDetail=0
04:21:59.761821 PDMR3PowerOff: 1 980 591 ns run time
04:21:59.761891 Changing the VM state from 'POWERING_OFF' to 'OFF'
04:21:59.768271 Changing the VM state from 'OFF' to 'DESTROYING'
04:21:59.768357 ************************* Statistics *************************
04:21:59.768385 /CPUM/MSR-Totals/Reads                         10500 times
04:21:59.768392 /CPUM/MSR-Totals/ReadsRaisingGP                    0 times
04:21:59.768396 /CPUM/MSR-Totals/ReadsUnknown                      1 times
04:21:59.768401 /CPUM/MSR-Totals/Writes                      1009484 times
04:21:59.768406 /CPUM/MSR-Totals/WritesRaisingGP                   0 times
04:21:59.768410 /CPUM/MSR-Totals/WritesToIgnoredBits               1 times
04:21:59.768414 /CPUM/MSR-Totals/WritesUnknown                     0 times
04:21:59.768419 /Devices/8237A/DmaRun                              0 ticks/call (           0 ticks,       0 calls, max         0, min      -1)
04:21:59.768425 /Devices/IDE0/ATA0/Unit0/AtapiDMA                  2 times
04:21:59.768430 /Devices/IDE0/ATA0/Unit0/AtapiPIO               2541 times
04:21:59.768434 /Devices/IDE0/ATA0/Unit0/DMA                       0 times
04:21:59.768438 /Devices/IDE0/ATA0/Unit0/PIO                       0 times
04:21:59.768442 /Devices/IDE0/ATA0/Unit0/ReadBytes                 0 bytes
04:21:59.768447 /Devices/IDE0/ATA0/Unit0/StatusYields          49378 ticks/call (     5727944 ticks,     116 calls, max   2400653, min    2528)
04:21:59.768452 /Devices/IDE0/ATA0/Unit0/WrittenBytes              0 bytes
04:21:59.768456 /Devices/IDE0/ATA0/Unit1/AtapiDMA                  0 times
04:21:59.768461 /Devices/IDE0/ATA0/Unit1/AtapiPIO                  0 times
04:21:59.768465 /Devices/IDE0/ATA0/Unit1/DMA                       0 times
04:21:59.768470 /Devices/IDE0/ATA0/Unit1/PIO                       0 times
04:21:59.768475 /Devices/IDE0/ATA0/Unit1/ReadBytes                 0 bytes
04:21:59.768479 /Devices/IDE0/ATA0/Unit1/StatusYields              0 ticks/call (           0 ticks,       0 calls, max         0, min      -1)
04:21:59.768484 /Devices/IDE0/ATA0/Unit1/WrittenBytes              0 bytes
04:21:59.768488 /Devices/IDE0/ATA1/Unit0/AtapiDMA                  0 times
04:21:59.768493 /Devices/IDE0/ATA1/Unit0/AtapiPIO                  0 times
04:21:59.768497 /Devices/IDE0/ATA1/Unit0/DMA                       0 times
04:21:59.768501 /Devices/IDE0/ATA1/Unit0/PIO                       0 times
04:21:59.768505 /Devices/IDE0/ATA1/Unit0/ReadBytes                 0 bytes
04:21:59.768509 /Devices/IDE0/ATA1/Unit0/StatusYields              0 ticks/call (           0 ticks,       0 calls, max         0, min      -1)
04:21:59.768514 /Devices/IDE0/ATA1/Unit0/WrittenBytes              0 bytes
04:21:59.768519 /Devices/IDE0/ATA1/Unit1/AtapiDMA                  0 times
04:21:59.768523 /Devices/IDE0/ATA1/Unit1/AtapiPIO                  0 times
04:21:59.768526 /Devices/IDE0/ATA1/Unit1/DMA                       0 times
04:21:59.768531 /Devices/IDE0/ATA1/Unit1/PIO                       0 times
04:21:59.768535 /Devices/IDE0/ATA1/Unit1/ReadBytes                 0 bytes
04:21:59.768539 /Devices/IDE0/ATA1/Unit1/StatusYields              0 ticks/call (           0 ticks,       0 calls, max         0, min      -1)
04:21:59.768625 /Devices/IDE0/ATA1/Unit1/WrittenBytes              0 bytes
04:21:59.768635 /Devices/VMMDev/BalloonChunks                      0 count
04:21:59.768639 /Devices/VMMDev/FastIrqAckR3                       0 count
04:21:59.768644 /Devices/VMMDev/FastIrqAckRZ                       0 count
04:21:59.768650 /Devices/VMMDev/HGCM-Kernel/BudgetAvailable 700209834 bytes
04:21:59.768654 /Devices/VMMDev/HGCM-Kernel/BudgetConfig   700209834 bytes
04:21:59.768659 /Devices/VMMDev/HGCM-Kernel/BudgetOverruns         0 bytes
04:21:59.768663 /Devices/VMMDev/HGCM-Kernel/MessageHeapUsage         0 bytes/call (           0 bytes,       0 calls, max         0, min      -1)
04:21:59.768668 /Devices/VMMDev/HGCM-Root/BudgetAvailable  700209834 bytes
04:21:59.768672 /Devices/VMMDev/HGCM-Root/BudgetConfig     700209834 bytes
04:21:59.768677 /Devices/VMMDev/HGCM-Root/BudgetOverruns           0 bytes
04:21:59.768681 /Devices/VMMDev/HGCM-Root/MessageHeapUsage         0 bytes/call (           0 bytes,       0 calls, max         0, min      -1)
04:21:59.768686 /Devices/VMMDev/HGCM-User/BudgetAvailable  700209834 bytes
04:21:59.768690 /Devices/VMMDev/HGCM-User/BudgetConfig     700209834 bytes
04:21:59.768694 /Devices/VMMDev/HGCM-User/BudgetOverruns           0 bytes
04:21:59.768698 /Devices/VMMDev/HGCM-User/MessageHeapUsage         0 bytes/call (           0 bytes,       0 calls, max         0, min      -1)
04:21:59.768703 /Devices/VMMDev/LargeReqBufAllocs                  0 count
04:21:59.768706 /Devices/VMMDev/SlowIrqAck                         0 count
04:21:59.768711 /Devices/apic/0                               379725 times
04:21:59.768759 /Devices/apic/0/Vectors/20                      5113 times
04:21:59.768766 /Devices/apic/0/Vectors/21                        25 times
04:21:59.768770 /Devices/apic/0/Vectors/22                       158 times
04:21:59.768775 /Devices/apic/0/Vectors/30                       152 times
04:21:59.768825 /Devices/apic/0/Vectors/ec                    358766 times
04:21:59.768832 /Devices/apic/0/Vectors/f6                         9 times
04:21:59.768836 /Devices/apic/0/Vectors/fb                     15144 times
04:21:59.768841 /Devices/apic/0/Vectors/fd                       358 times
04:21:59.768846 /Devices/apic/1                               103709 times
04:21:59.768854 /Devices/apic/1/Vectors/22                      2256 times
04:21:59.768858 /Devices/apic/1/Vectors/23                       623 times
04:21:59.768862 /Devices/apic/1/Vectors/24                      7677 times
04:21:59.768886 /Devices/apic/1/Vectors/ec                     65699 times
04:21:59.768891 /Devices/apic/1/Vectors/f6                       769 times
04:21:59.768896 /Devices/apic/1/Vectors/fb                     26100 times
04:21:59.768900 /Devices/apic/1/Vectors/fd                       587 times
04:21:59.768904 /Devices/e1000#0/ReceiveBytes                      0 bytes
04:21:59.768909 /Devices/e1000#0/TransmitBytes                 34396 bytes
04:21:59.768912 /Devices/e1000#0/iStatIntLost                      0 ns
04:21:59.768917 /Devices/e1000#0/iStatIntLostOne                   0 ns
04:21:59.768921 /Devices/e1000#0/u64ArmedAt                        0 ns
04:21:59.768925 /Devices/e1000#0/uStatDescCtx                      0 ns
04:21:59.768929 /Devices/e1000#0/uStatDescDat                      0 ns
04:21:59.768934 /Devices/e1000#0/uStatDescLeg                    119 ns
04:21:59.768939 /Devices/e1000#0/uStatInt                       2257 ns
04:21:59.768943 /Devices/e1000#0/uStatIntEarly                     0 ns
04:21:59.768947 /Devices/e1000#0/uStatIntICS                    2138 ns
04:21:59.768952 /Devices/e1000#0/uStatIntIMS                       2 ns
04:21:59.768956 /Devices/e1000#0/uStatIntLate                      2 ns
04:21:59.768960 /Devices/e1000#0/uStatIntLower                     1 ns
04:21:59.768964 /Devices/e1000#0/uStatIntMasked                    1 ns
04:21:59.768969 /Devices/e1000#0/uStatIntRDTR                      0 ns
04:21:59.768973 /Devices/e1000#0/uStatIntRXDMT0                    0 ns
04:21:59.768981 /Devices/e1000#0/uStatIntRx                        0 ns
04:21:59.768987 /Devices/e1000#0/uStatIntSkip                    121 ns
04:21:59.768991 /Devices/e1000#0/uStatIntTXQE                      0 ns
04:21:59.768995 /Devices/e1000#0/uStatIntTry                    2379 ns
04:21:59.768999 /Devices/e1000#0/uStatIntTx                      119 ns
04:21:59.769003 /Devices/e1000#0/uStatMaxTxDelay                   0 ns
04:21:59.769007 /Devices/e1000#0/uStatNoIntICR                     0 ns
04:21:59.769011 /Devices/e1000#0/uStatRAD                          0 ns
04:21:59.769015 /Devices/e1000#0/uStatRID                          0 ns
04:21:59.769019 /Devices/e1000#0/uStatRxFrm                        0 ns
04:21:59.769023 /Devices/e1000#0/uStatTAD                          0 ns
04:21:59.769027 /Devices/e1000#0/uStatTID                          0 ns
04:21:59.769031 /Devices/e1000#0/uStatTx1514                     119 ns
04:21:59.769035 /Devices/e1000#0/uStatTx16384                      0 ns
04:21:59.769039 /Devices/e1000#0/uStatTx2962                       0 ns
04:21:59.769043 /Devices/e1000#0/uStatTx32768                      0 ns
04:21:59.769047 /Devices/e1000#0/uStatTx4410                       0 ns
04:21:59.769051 /Devices/e1000#0/uStatTx5858                       0 ns
04:21:59.769055 /Devices/e1000#0/uStatTx7306                       0 ns
04:21:59.769059 /Devices/e1000#0/uStatTx8754                       0 ns
04:21:59.769062 /Devices/e1000#0/uStatTxDelayExp                   0 ns
04:21:59.769066 /Devices/e1000#0/uStatTxDelayed                    0 ns
04:21:59.769070 /Devices/e1000#0/uStatTxFrm                      119 ns
04:21:59.769074 /Devices/e1000#0/uStatTxIDE                        0 ns
04:21:59.769079 /Devices/e1000#0/uStatTxLarge                      0 ns
04:21:59.769082 /Devices/e1000#0/uStatTxNoRS                       0 ns
04:21:59.769086 /Devices/e1000#1/ReceiveBytes                      0 bytes
04:21:59.769091 /Devices/e1000#1/TransmitBytes                     0 bytes
04:21:59.769095 /Devices/e1000#1/iStatIntLost                      0 ns
04:21:59.769100 /Devices/e1000#1/iStatIntLostOne                   0 ns
04:21:59.769103 /Devices/e1000#1/u64ArmedAt                        0 ns
04:21:59.769107 /Devices/e1000#1/uStatDescCtx                      0 ns
04:21:59.769111 /Devices/e1000#1/uStatDescDat                      0 ns
04:21:59.769115 /Devices/e1000#1/uStatDescLeg                      0 ns
04:21:59.769120 /Devices/e1000#1/uStatInt                          0 ns
04:21:59.769123 /Devices/e1000#1/uStatIntEarly                     0 ns
04:21:59.769127 /Devices/e1000#1/uStatIntICS                       0 ns
04:21:59.769131 /Devices/e1000#1/uStatIntIMS                       0 ns
04:21:59.769135 /Devices/e1000#1/uStatIntLate                      0 ns
04:21:59.769138 /Devices/e1000#1/uStatIntLower                     0 ns
04:21:59.769142 /Devices/e1000#1/uStatIntMasked                    0 ns
04:21:59.769146 /Devices/e1000#1/uStatIntRDTR                      0 ns
04:21:59.769149 /Devices/e1000#1/uStatIntRXDMT0                    0 ns
04:21:59.769152 /Devices/e1000#1/uStatIntRx                        0 ns
04:21:59.769156 /Devices/e1000#1/uStatIntSkip                      0 ns
04:21:59.769160 /Devices/e1000#1/uStatIntTXQE                      0 ns
04:21:59.769164 /Devices/e1000#1/uStatIntTry                       0 ns
04:21:59.769168 /Devices/e1000#1/uStatIntTx                        0 ns
04:21:59.769172 /Devices/e1000#1/uStatMaxTxDelay                   0 ns
04:21:59.769175 /Devices/e1000#1/uStatNoIntICR                     0 ns
04:21:59.769179 /Devices/e1000#1/uStatRAD                          0 ns
04:21:59.769182 /Devices/e1000#1/uStatRID                          0 ns
04:21:59.769186 /Devices/e1000#1/uStatRxFrm                        0 ns
04:21:59.769189 /Devices/e1000#1/uStatTAD                          0 ns
04:21:59.769195 /Devices/e1000#1/uStatTID                          0 ns
04:21:59.769199 /Devices/e1000#1/uStatTx1514                       0 ns
04:21:59.769205 /Devices/e1000#1/uStatTx16384                      0 ns
04:21:59.769210 /Devices/e1000#1/uStatTx2962                       0 ns
04:21:59.769214 /Devices/e1000#1/uStatTx32768                      0 ns
04:21:59.769217 /Devices/e1000#1/uStatTx4410                       0 ns
04:21:59.769221 /Devices/e1000#1/uStatTx5858                       0 ns
04:21:59.769224 /Devices/e1000#1/uStatTx7306                       0 ns
04:21:59.769228 /Devices/e1000#1/uStatTx8754                       0 ns
04:21:59.769231 /Devices/e1000#1/uStatTxDelayExp                   0 ns
04:21:59.769235 /Devices/e1000#1/uStatTxDelayed                    0 ns
04:21:59.769238 /Devices/e1000#1/uStatTxFrm                        0 ns
04:21:59.769242 /Devices/e1000#1/uStatTxIDE                        0 ns
04:21:59.769245 /Devices/e1000#1/uStatTxLarge                      0 ns
04:21:59.769249 /Devices/e1000#1/uStatTxNoRS                       0 ns
04:21:59.769275 /Devices/ichac97/Stream0/ReSetUp-Change          288 ns/call (        2595 ns,       9 calls, max       540, min     221)
04:21:59.769282 /Devices/ichac97/Stream0/Reset                  2757 ns/call (        2757 ns,       1 calls, max      2757, min    2757)
04:21:59.769287 /Devices/ichac97/Stream0/WriteBdBar                1 times
04:21:59.769291 /Devices/ichac97/Stream0/WriteCr                   2 times
04:21:59.769296 /Devices/ichac97/Stream0/reg-CR                    0 
04:21:59.769299 /Devices/ichac97/Stream0/reg-SR                    1 
04:21:59.769304 /Devices/ichac97/Stream1/ReSetUp-Change          832 ns/call (        7488 ns,       9 calls, max      2583, min     235)
04:21:59.769308 /Devices/ichac97/Stream1/Reset                   255 ns/call (         255 ns,       1 calls, max       255, min     255)
04:21:59.769313 /Devices/ichac97/Stream1/WriteBdBar                1 times
04:21:59.769316 /Devices/ichac97/Stream1/WriteCr                   2 times
04:21:59.769320 /Devices/ichac97/Stream1/reg-CR                    0 
04:21:59.769325 /Devices/ichac97/Stream1/reg-SR                    1 
04:21:59.769330 /Devices/ichac97/Stream2/ReSetUp-Change          293 ns/call (        2643 ns,       9 calls, max       458, min     227)
04:21:59.769335 /Devices/ichac97/Stream2/Reset                   214 ns/call (         214 ns,       1 calls, max       214, min     214)
04:21:59.769340 /Devices/ichac97/Stream2/WriteBdBar                1 times
04:21:59.769343 /Devices/ichac97/Stream2/WriteCr                   2 times
04:21:59.769348 /Devices/ichac97/Stream2/reg-CR                    0 
04:21:59.769351 /Devices/ichac97/Stream2/reg-SR                    1 
04:21:59.769356 /Devices/ichac97/UnimplementedNabmReads            0 times
04:21:59.769359 /Devices/ichac97/UnimplementedNabmWrites           0 times
04:21:59.769362 /Devices/ichac97/UnimplementedNamReads             0 times
04:21:59.769365 /Devices/ichac97/UnimplementedNamWrites           57 times
04:21:59.769398 /Devices/mc146818/Irq                              0 times
04:21:59.769403 /Devices/mc146818/IrqClear                         0 times
04:21:59.769407 /Devices/mc146818/PiActive                         0 ticks/call (           0 ticks,       0 calls, max         0, min      -1)
04:21:59.769411 /Devices/mc146818/PieFlip                          0 times
04:21:59.769415 /Devices/mc146818/TimerCB                          0 times
04:21:59.769420 /Devices/vga/HgmsiMdaCgaAccesses                   0 times
04:21:59.769423 /Devices/vga/VMSVGA/Cmd/3dActivateSurface          0 times
04:21:59.769427 /Devices/vga/VMSVGA/Cmd/3dBeginQuery               0 times
04:21:59.769431 /Devices/vga/VMSVGA/Cmd/3dBlitSurfaceToScreenProf         0 ticks/call (           0 ticks,       0 calls, max         0, min      -1)
04:21:59.769436 /Devices/vga/VMSVGA/Cmd/3dClear                    0 times
04:21:59.769440 /Devices/vga/VMSVGA/Cmd/3dContextDefine            0 times
04:21:59.769447 /Devices/vga/VMSVGA/Cmd/3dContextDestroy           0 times
04:21:59.769451 /Devices/vga/VMSVGA/Cmd/3dDeactivateSurface         0 times
04:21:59.769457 /Devices/vga/VMSVGA/Cmd/3dDrawPrimitives           0 times
04:21:59.769463 /Devices/vga/VMSVGA/Cmd/3dEndQuery                 0 times
04:21:59.769466 /Devices/vga/VMSVGA/Cmd/3dGenerateMipmaps          0 times
04:21:59.769470 /Devices/vga/VMSVGA/Cmd/3dPresent                  0 times
04:21:59.769474 /Devices/vga/VMSVGA/Cmd/3dPresentReadBack          0 times
04:21:59.769477 /Devices/vga/VMSVGA/Cmd/3dSetClipPlane             0 times
04:21:59.769481 /Devices/vga/VMSVGA/Cmd/3dSetLightData             0 times
04:21:59.769485 /Devices/vga/VMSVGA/Cmd/3dSetLightEnable           0 times
04:21:59.769488 /Devices/vga/VMSVGA/Cmd/3dSetMaterial              0 times
04:21:59.769492 /Devices/vga/VMSVGA/Cmd/3dSetRenderState           0 times
04:21:59.769496 /Devices/vga/VMSVGA/Cmd/3dSetRenderTarget          0 times
04:21:59.769499 /Devices/vga/VMSVGA/Cmd/3dSetScissorRect           0 times
04:21:59.769502 /Devices/vga/VMSVGA/Cmd/3dSetShader                0 times
04:21:59.769506 /Devices/vga/VMSVGA/Cmd/3dSetShaderConst           0 times
04:21:59.769509 /Devices/vga/VMSVGA/Cmd/3dSetTextureState          0 times
04:21:59.769513 /Devices/vga/VMSVGA/Cmd/3dSetTransform             0 times
04:21:59.769516 /Devices/vga/VMSVGA/Cmd/3dSetViewPort              0 times
04:21:59.769520 /Devices/vga/VMSVGA/Cmd/3dSetZRange                0 times
04:21:59.769524 /Devices/vga/VMSVGA/Cmd/3dShaderDefine             0 times
04:21:59.769527 /Devices/vga/VMSVGA/Cmd/3dShaderDestroy            0 times
04:21:59.769531 /Devices/vga/VMSVGA/Cmd/3dSurfaceCopy              0 times
04:21:59.769534 /Devices/vga/VMSVGA/Cmd/3dSurfaceDefine            0 times
04:21:59.769538 /Devices/vga/VMSVGA/Cmd/3dSurfaceDefineV2          0 times
04:21:59.769542 /Devices/vga/VMSVGA/Cmd/3dSurfaceDestroy           0 times
04:21:59.769545 /Devices/vga/VMSVGA/Cmd/3dSurfaceDma               0 times
04:21:59.769549 /Devices/vga/VMSVGA/Cmd/3dSurfaceScreen            0 times
04:21:59.769553 /Devices/vga/VMSVGA/Cmd/3dSurfaceStretchBlt         0 times
04:21:59.769557 /Devices/vga/VMSVGA/Cmd/3dWaitForQuery             0 times
04:21:59.769560 /Devices/vga/VMSVGA/Cmd/AnnotationCopy             0 times
04:21:59.769564 /Devices/vga/VMSVGA/Cmd/AnnotationFill             0 times
04:21:59.769568 /Devices/vga/VMSVGA/Cmd/BlitGmrFbToScreen          0 times
04:21:59.769572 /Devices/vga/VMSVGA/Cmd/BlitScreentoGmrFb          0 times
04:21:59.769576 /Devices/vga/VMSVGA/Cmd/DefineAlphaCursor          0 times
04:21:59.769580 /Devices/vga/VMSVGA/Cmd/DefineCursor               0 times
04:21:59.769584 /Devices/vga/VMSVGA/Cmd/DefineGmr2                 0 times
04:21:59.769588 /Devices/vga/VMSVGA/Cmd/DefineGmr2/Free            0 times
04:21:59.769592 /Devices/vga/VMSVGA/Cmd/DefineGmr2/Modify          0 times
04:21:59.769596 /Devices/vga/VMSVGA/Cmd/DefineGmrFb                0 times
04:21:59.769600 /Devices/vga/VMSVGA/Cmd/DefineScreen               0 times
04:21:59.769604 /Devices/vga/VMSVGA/Cmd/DestroyScreen              0 times
04:21:59.769608 /Devices/vga/VMSVGA/Cmd/DisplayCursor              0 times
04:21:59.769612 /Devices/vga/VMSVGA/Cmd/Escape                     0 times
04:21:59.769616 /Devices/vga/VMSVGA/Cmd/Fence                  18027 times
04:21:59.769621 /Devices/vga/VMSVGA/Cmd/InvalidCmd                 0 times
04:21:59.769625 /Devices/vga/VMSVGA/Cmd/MoveCursor                 0 times
04:21:59.769629 /Devices/vga/VMSVGA/Cmd/RectCopy                   0 times
04:21:59.769632 /Devices/vga/VMSVGA/Cmd/RectFill                   0 times
04:21:59.769636 /Devices/vga/VMSVGA/Cmd/RectRopCopy                0 times
04:21:59.769640 /Devices/vga/VMSVGA/Cmd/RemapGmr2                  0 times
04:21:59.769644 /Devices/vga/VMSVGA/Cmd/RemapGmr2/Modify           0 times
04:21:59.769647 /Devices/vga/VMSVGA/Cmd/Update                     0 times
04:21:59.769651 /Devices/vga/VMSVGA/Cmd/UpdateVerbose              0 times
04:21:59.769655 /Devices/vga/VMSVGA/EmtDelayOnBusyFifo             0 ticks/call (           0 ticks,       0 calls, max         0, min      -1)
04:21:59.769662 /Devices/vga/VMSVGA/FifoCommands                   0 times
04:21:59.769667 /Devices/vga/VMSVGA/FifoCursorFetchAgain           0 times
04:21:59.769670 /Devices/vga/VMSVGA/FifoCursorNoChange             0 times
04:21:59.769674 /Devices/vga/VMSVGA/FifoCursorPosition             0 times
04:21:59.769677 /Devices/vga/VMSVGA/FifoCursorVisiblity            0 times
04:21:59.769681 /Devices/vga/VMSVGA/FifoErrors                     0 times
04:21:59.769685 /Devices/vga/VMSVGA/FifoExtendedSleep       95726314 ticks/call (5168072272124 ticks,   53988 calls, max 36288622334, min    5015)
04:21:59.769690 /Devices/vga/VMSVGA/FifoStalls                     0 ticks/call (           0 ticks,       0 calls, max         0, min      -1)
04:21:59.769695 /Devices/vga/VMSVGA/FifoTodoTimeout               10 times
04:21:59.769699 /Devices/vga/VMSVGA/FifoTodoWoken              17989 times
04:21:59.769703 /Devices/vga/VMSVGA/FifoUnknownCommands            0 times
04:21:59.769706 /Devices/vga/VMSVGA/FifoWatchdogWakeUps       111772 times
04:21:59.769710 /Devices/vga/VMSVGA/Reg/BitsPerPixelRead           0 times
04:21:59.769715 /Devices/vga/VMSVGA/Reg/BitsPerPixelWrite          0 times
04:21:59.769719 /Devices/vga/VMSVGA/Reg/BlueMaskRead               0 times
04:21:59.769723 /Devices/vga/VMSVGA/Reg/BusyRead                   0 times
04:21:59.769727 /Devices/vga/VMSVGA/Reg/BusyWrite                  0 times
04:21:59.769731 /Devices/vga/VMSVGA/Reg/BytesPerLineRead           0 times
04:21:59.769735 /Devices/vga/VMSVGA/Reg/CapabilitesRead            1 times
04:21:59.769739 /Devices/vga/VMSVGA/Reg/CmdPrependHighRead         0 times
04:21:59.769742 /Devices/vga/VMSVGA/Reg/CmdPrependHighWrite         0 times
04:21:59.769746 /Devices/vga/VMSVGA/Reg/CmdPrependLowRead          0 times
04:21:59.769753 /Devices/vga/VMSVGA/Reg/CmdPrependLowWrite         0 times
04:21:59.769760 /Devices/vga/VMSVGA/Reg/CommandHighRead            0 times
04:21:59.769764 /Devices/vga/VMSVGA/Reg/CommandHighWrite       18028 times
04:21:59.769768 /Devices/vga/VMSVGA/Reg/CommandLowRead             0 times
04:21:59.769772 /Devices/vga/VMSVGA/Reg/CommandLowWrite        18028 times
04:21:59.769776 /Devices/vga/VMSVGA/Reg/ConfigDoneRead             1 times
04:21:59.769780 /Devices/vga/VMSVGA/Reg/ConfigDoneWrite            1 times
04:21:59.769783 /Devices/vga/VMSVGA/Reg/CursorIdRead               0 times
04:21:59.769788 /Devices/vga/VMSVGA/Reg/CursorIdWrite              0 times
04:21:59.769792 /Devices/vga/VMSVGA/Reg/CursorOnRead               0 times
04:21:59.769796 /Devices/vga/VMSVGA/Reg/CursorOnWrite              0 times
04:21:59.769800 /Devices/vga/VMSVGA/Reg/CursorXRead                0 times
04:21:59.769804 /Devices/vga/VMSVGA/Reg/CursorXWrite               0 times
04:21:59.769807 /Devices/vga/VMSVGA/Reg/CursorYRead                0 times
04:21:59.769811 /Devices/vga/VMSVGA/Reg/CursorYWrite               0 times
04:21:59.769815 /Devices/vga/VMSVGA/Reg/DepthRead                  0 times
04:21:59.769819 /Devices/vga/VMSVGA/Reg/DepthWrite                 0 times
04:21:59.769823 /Devices/vga/VMSVGA/Reg/DevCapRead               264 times
04:21:59.769827 /Devices/vga/VMSVGA/Reg/DevCapWrite              264 times
04:21:59.769830 /Devices/vga/VMSVGA/Reg/DisplayHeightRead          0 times
04:21:59.769835 /Devices/vga/VMSVGA/Reg/DisplayHeightWrite         0 times
04:21:59.769839 /Devices/vga/VMSVGA/Reg/DisplayIdRead              0 times
04:21:59.769843 /Devices/vga/VMSVGA/Reg/DisplayIdWrite             0 times
04:21:59.769847 /Devices/vga/VMSVGA/Reg/DisplayIsPrimaryRead         0 times
04:21:59.769851 /Devices/vga/VMSVGA/Reg/DisplayIsPrimaryWrite         0 times
04:21:59.769855 /Devices/vga/VMSVGA/Reg/DisplayPositionXRead         0 times
04:21:59.769859 /Devices/vga/VMSVGA/Reg/DisplayPositionXWrite         0 times
04:21:59.769863 /Devices/vga/VMSVGA/Reg/DisplayPositionYRead         0 times
04:21:59.769866 /Devices/vga/VMSVGA/Reg/DisplayPositionYWrite         0 times
04:21:59.769870 /Devices/vga/VMSVGA/Reg/DisplayWidthRead           0 times
04:21:59.769876 /Devices/vga/VMSVGA/Reg/DisplayWidthWrite          0 times
04:21:59.769880 /Devices/vga/VMSVGA/Reg/EnableRead                 1 times
04:21:59.769885 /Devices/vga/VMSVGA/Reg/EnableWrite                4 times
04:21:59.769888 /Devices/vga/VMSVGA/Reg/FbOffsetRead               0 times
04:21:59.769892 /Devices/vga/VMSVGA/Reg/FbSizeRead                 0 times
04:21:59.769895 /Devices/vga/VMSVGA/Reg/FbStartRead                0 times
04:21:59.769900 /Devices/vga/VMSVGA/Reg/GBMemSizeRead              1 times
04:21:59.769903 /Devices/vga/VMSVGA/Reg/GmrDescriptorWrite         0 times
04:21:59.769908 /Devices/vga/VMSVGA/Reg/GmrDescriptorWrite/Errors         0 times
04:21:59.769912 /Devices/vga/VMSVGA/Reg/GmrDescriptorWrite/Free         0 times
04:21:59.769916 /Devices/vga/VMSVGA/Reg/GmrIdRead                  0 times
04:21:59.769919 /Devices/vga/VMSVGA/Reg/GmrIdWrite                 0 times
04:21:59.769923 /Devices/vga/VMSVGA/Reg/GmrMaxDescriptorLengthRead         0 times
04:21:59.769927 /Devices/vga/VMSVGA/Reg/GmrMaxIdsRead              1 times
04:21:59.769930 /Devices/vga/VMSVGA/Reg/GmrsMaxPagesRead           1 times
04:21:59.769935 /Devices/vga/VMSVGA/Reg/GreenMaskRead              0 times
04:21:59.769939 /Devices/vga/VMSVGA/Reg/GuestIdRead                0 times
04:21:59.769943 /Devices/vga/VMSVGA/Reg/GuestIdWrite               0 times
04:21:59.769946 /Devices/vga/VMSVGA/Reg/HeightRead                 2 times
04:21:59.769950 /Devices/vga/VMSVGA/Reg/HeightWrite                0 times
04:21:59.769954 /Devices/vga/VMSVGA/Reg/HostBitsPerPixelRead         0 times
04:21:59.769958 /Devices/vga/VMSVGA/Reg/IdRead                     1 times
04:21:59.769962 /Devices/vga/VMSVGA/Reg/IdWrite                    1 times
04:21:59.769966 /Devices/vga/VMSVGA/Reg/IrqMaskRead                0 times
04:21:59.769970 /Devices/vga/VMSVGA/Reg/IrqMaskWrite               1 times
04:21:59.769981 /Devices/vga/VMSVGA/Reg/MaxHeightRead              1 times
04:21:59.769985 /Devices/vga/VMSVGA/Reg/MaxPrimBBMemRead           1 times
04:21:59.769989 /Devices/vga/VMSVGA/Reg/MaxWidthRead               1 times
04:21:59.769993 /Devices/vga/VMSVGA/Reg/MemRegsRead                1 times
04:21:59.769996 /Devices/vga/VMSVGA/Reg/MemSizeRead                1 times
04:21:59.770000 /Devices/vga/VMSVGA/Reg/MemStartRead               0 times
04:21:59.770004 /Devices/vga/VMSVGA/Reg/MemorySizeRead             1 times
04:21:59.770007 /Devices/vga/VMSVGA/Reg/MobMaxSizeRead             1 times
04:21:59.770011 /Devices/vga/VMSVGA/Reg/NumDisplaysRead           16 times
04:21:59.770015 /Devices/vga/VMSVGA/Reg/NumDisplaysWrite           0 times
04:21:59.770018 /Devices/vga/VMSVGA/Reg/NumGuestDisplaysRead         0 times
04:21:59.770022 /Devices/vga/VMSVGA/Reg/NumGuestDisplaysWrite         0 times
04:21:59.770026 /Devices/vga/VMSVGA/Reg/PaletteRead                0 times
04:21:59.770029 /Devices/vga/VMSVGA/Reg/PaletteWrite               0 times
04:21:59.770032 /Devices/vga/VMSVGA/Reg/PitchLockRead              0 times
04:21:59.770036 /Devices/vga/VMSVGA/Reg/PitchLockWrite             0 times
04:21:59.770041 /Devices/vga/VMSVGA/Reg/PseudoColorWrite           0 times
04:21:59.770044 /Devices/vga/VMSVGA/Reg/PsuedoColorRead            0 times
04:21:59.770048 /Devices/vga/VMSVGA/Reg/ReadOnlyWrite              0 times
04:21:59.770051 /Devices/vga/VMSVGA/Reg/RedMaskRead                0 times
04:21:59.770055 /Devices/vga/VMSVGA/Reg/ScratchRead                0 times
04:21:59.770058 /Devices/vga/VMSVGA/Reg/ScratchSizeRead            0 times
04:21:59.770062 /Devices/vga/VMSVGA/Reg/ScratchWrite               0 times
04:21:59.770066 /Devices/vga/VMSVGA/Reg/ScrnTgtMaxHeightRead         1 times
04:21:59.770070 /Devices/vga/VMSVGA/Reg/ScrnTgtMaxWidthRead         1 times
04:21:59.770074 /Devices/vga/VMSVGA/Reg/SyncRead                   0 times
04:21:59.770077 /Devices/vga/VMSVGA/Reg/SyncWrite                  0 times
04:21:59.770082 /Devices/vga/VMSVGA/Reg/TopRead                    0 times
04:21:59.770088 /Devices/vga/VMSVGA/Reg/TopWrite                   0 times
04:21:59.770094 /Devices/vga/VMSVGA/Reg/TracesRead                 1 times
04:21:59.770098 /Devices/vga/VMSVGA/Reg/TracesWrite                1 times
04:21:59.770102 /Devices/vga/VMSVGA/Reg/UnknownRead                0 times
04:21:59.770106 /Devices/vga/VMSVGA/Reg/UnknownWrite               0 times
04:21:59.770110 /Devices/vga/VMSVGA/Reg/VramSizeRead               1 times
04:21:59.770114 /Devices/vga/VMSVGA/Reg/WidthRead                  2 times
04:21:59.770117 /Devices/vga/VMSVGA/Reg/WidthWrite                 0 times
04:21:59.770121 /Devices/vga/VMSVGA/Reg/WriteOnlyRead              0 times
04:21:59.770125 /Drivers/AUDIO-0/TotalStreamsCreated               0 count
04:21:59.770128 /Drivers/AUDIO-1/TotalStreamsCreated               0 count
04:21:59.770136 /Drivers/AUDIO-2/TotalStreamsCreated               0 count
04:21:59.770186 /EM/CPU0/ExitHashing/Used                          0 times
04:21:59.770194 /EM/CPU0/ExitOpt/Exec                              0 ticks/call (           0 ticks,       0 calls, max         0, min      -1)
04:21:59.770199 /EM/CPU0/ExitOpt/ExecInstructions                  0 times
04:21:59.770202 /EM/CPU0/ExitOpt/ExecSavedExit                     0 times
04:21:59.770206 /EM/CPU0/ExitOpt/Probe                             0 ticks/call (           0 ticks,       0 calls, max         0, min      -1)
04:21:59.770210 /EM/CPU0/ExitOpt/ProbeInstructions                 0 times
04:21:59.770214 /EM/CPU0/ExitOpt/ProbedExecWithMax                 0 times
04:21:59.770218 /EM/CPU0/ExitOpt/ProbedNormal                      0 times
04:21:59.770222 /EM/CPU0/ExitOpt/ProbedToRing3                     0 times
04:21:59.770264 /EM/CPU1/ExitHashing/Used                          0 times
04:21:59.770271 /EM/CPU1/ExitOpt/Exec                              0 ticks/call (           0 ticks,       0 calls, max         0, min      -1)
04:21:59.770275 /EM/CPU1/ExitOpt/ExecInstructions                  0 times
04:21:59.770279 /EM/CPU1/ExitOpt/ExecSavedExit                     0 times
04:21:59.770283 /EM/CPU1/ExitOpt/Probe                             0 ticks/call (           0 ticks,       0 calls, max         0, min      -1)
04:21:59.770287 /EM/CPU1/ExitOpt/ProbeInstructions                 0 times
04:21:59.770291 /EM/CPU1/ExitOpt/ProbedExecWithMax                 0 times
04:21:59.770294 /EM/CPU1/ExitOpt/ProbedNormal                      0 times
04:21:59.770297 /EM/CPU1/ExitOpt/ProbedToRing3                     0 times
04:21:59.770302 /GIM/Hypercalls                                   12 times
04:21:59.770305 /GMM/ChunkTlbHits                              89918 times
04:21:59.770310 /GMM/ChunkTlbMisses                              651 times
04:21:59.770321 /GMM/VM/Allocated/cBasePages                  146727 pages
04:21:59.770327 /GMM/VM/Allocated/cFixedPages                      0 pages
04:21:59.770331 /GMM/VM/Allocated/cShadowPages                     0 pages
04:21:59.770335 /GMM/VM/Reserved/cBasePages                   638823 pages
04:21:59.770339 /GMM/VM/Reserved/cFixedPages                    5636 pages
04:21:59.770344 /GMM/VM/Reserved/cShadowPages                      1 pages
04:21:59.770347 /GMM/VM/cBalloonedPages                            0 pages
04:21:59.770363 /GMM/VM/cMaxBalloonedPages                         0 pages
04:21:59.770368 /GMM/VM/cPrivatePages                         146727 pages
04:21:59.770372 /GMM/VM/cReqActuallyBalloonedPages                 0 pages
04:21:59.770375 /GMM/VM/cReqBalloonedPages                         0 pages
04:21:59.770379 /GMM/VM/cReqDeflatePages                           0 pages
04:21:59.770383 /GMM/VM/cShareableModules                          0 count
04:21:59.770387 /GMM/VM/cSharedPages                               0 pages
04:21:59.770391 /GMM/VM/enmPolicy                                  1 
04:21:59.770395 /GMM/VM/enmPriority                                2 
04:21:59.770399 /GMM/VM/fBallooningEnabled                 false    
04:21:59.770403 /GMM/VM/fMayAllocate                       true     
04:21:59.770411 /GMM/VM/fSharedPagingEnabled               false    
04:21:59.770416 /GMM/cAllocatedPages                          336014 pages
04:21:59.770421 /GMM/cBalloonedPages                               0 pages
04:21:59.770425 /GMM/cChunks                                     657 count
04:21:59.770430 /GMM/cDuplicatePages                               0 pages
04:21:59.770434 /GMM/cFreedChunks                                  0 count
04:21:59.770438 /GMM/cLeftBehindSharedPages                        0 pages
04:21:59.770442 /GMM/cMaxPages                             4294967295 pages
04:21:59.770446 /GMM/cOverCommittedPages                           0 pages
04:21:59.770450 /GMM/cReservedPages                          1288920 pages
04:21:59.770454 /GMM/cShareableModules                             0 count
04:21:59.770458 /GMM/cSharedPages                                  0 pages
04:21:59.770462 /GMM/idFreeGeneration                      4611686018427387775 
04:21:59.770616 /GVMM/EMTs                                         4 count
04:21:59.770627 /GVMM/HostCPUs                                     8 count
04:21:59.770632 /GVMM/HostCpus/0                                   0 
04:21:59.770636 /GVMM/HostCpus/0/CurTimerHz                        0 Hz
04:21:59.770640 /GVMM/HostCpus/0/DesiredHz                         0 Hz
04:21:59.770643 /GVMM/HostCpus/0/PPTChanges                        0 times
04:21:59.770647 /GVMM/HostCpus/0/PPTStarts                         0 times
04:21:59.770651 /GVMM/HostCpus/0/idxCpuSet                         0 
04:21:59.770654 /GVMM/HostCpus/1                                   1 
04:21:59.770658 /GVMM/HostCpus/1/CurTimerHz                        0 Hz
04:21:59.770662 /GVMM/HostCpus/1/DesiredHz                         0 Hz
04:21:59.770667 /GVMM/HostCpus/1/PPTChanges                        0 times
04:21:59.770671 /GVMM/HostCpus/1/PPTStarts                         0 times
04:21:59.770674 /GVMM/HostCpus/1/idxCpuSet                         1 
04:21:59.770678 /GVMM/HostCpus/2                                   2 
04:21:59.770682 /GVMM/HostCpus/2/CurTimerHz                        0 Hz
04:21:59.770685 /GVMM/HostCpus/2/DesiredHz                         0 Hz
04:21:59.770689 /GVMM/HostCpus/2/PPTChanges                        0 times
04:21:59.770693 /GVMM/HostCpus/2/PPTStarts                         0 times
04:21:59.770696 /GVMM/HostCpus/2/idxCpuSet                         2 
04:21:59.770700 /GVMM/HostCpus/3                                   3 
04:21:59.770704 /GVMM/HostCpus/3/CurTimerHz                        0 Hz
04:21:59.770707 /GVMM/HostCpus/3/DesiredHz                         0 Hz
04:21:59.770711 /GVMM/HostCpus/3/PPTChanges                        0 times
04:21:59.770715 /GVMM/HostCpus/3/PPTStarts                         0 times
04:21:59.770718 /GVMM/HostCpus/3/idxCpuSet                         3 
04:21:59.770722 /GVMM/HostCpus/4                                   4 
04:21:59.770726 /GVMM/HostCpus/4/CurTimerHz                        0 Hz
04:21:59.770730 /GVMM/HostCpus/4/DesiredHz                         0 Hz
04:21:59.770733 /GVMM/HostCpus/4/PPTChanges                        0 times
04:21:59.770737 /GVMM/HostCpus/4/PPTStarts                         0 times
04:21:59.770740 /GVMM/HostCpus/4/idxCpuSet                         4 
04:21:59.770744 /GVMM/HostCpus/5                                   5 
04:21:59.770748 /GVMM/HostCpus/5/CurTimerHz                        0 Hz
04:21:59.770752 /GVMM/HostCpus/5/DesiredHz                         0 Hz
04:21:59.770756 /GVMM/HostCpus/5/PPTChanges                        0 times
04:21:59.770760 /GVMM/HostCpus/5/PPTStarts                         0 times
04:21:59.770763 /GVMM/HostCpus/5/idxCpuSet                         5 
04:21:59.770767 /GVMM/HostCpus/6                                   6 
04:21:59.770771 /GVMM/HostCpus/6/CurTimerHz                        0 Hz
04:21:59.770775 /GVMM/HostCpus/6/DesiredHz                         0 Hz
04:21:59.770779 /GVMM/HostCpus/6/PPTChanges                        0 times
04:21:59.770786 /GVMM/HostCpus/6/PPTStarts                         0 times
04:21:59.770791 /GVMM/HostCpus/6/idxCpuSet                         6 
04:21:59.770795 /GVMM/HostCpus/7                                   7 
04:21:59.770799 /GVMM/HostCpus/7/CurTimerHz                        0 Hz
04:21:59.770802 /GVMM/HostCpus/7/DesiredHz                         0 Hz
04:21:59.770806 /GVMM/HostCpus/7/PPTChanges                        0 times
04:21:59.770810 /GVMM/HostCpus/7/PPTStarts                         0 times
04:21:59.770813 /GVMM/HostCpus/7/idxCpuSet                         7 
04:21:59.770817 /GVMM/Sum/HaltBlocking                       1079082 calls
04:21:59.770821 /GVMM/Sum/HaltCalls                          1079330 calls
04:21:59.770825 /GVMM/Sum/HaltNotBlocking                        261 calls
04:21:59.770829 /GVMM/Sum/HaltTimeouts                        468237 calls
04:21:59.770833 /GVMM/Sum/HaltWakeUps                              0 calls
04:21:59.770837 /GVMM/Sum/PokeCalls                           101246 calls
04:21:59.770840 /GVMM/Sum/PokeNotBusy                          10522 calls
04:21:59.770844 /GVMM/Sum/PollCalls                             6449 calls
04:21:59.770849 /GVMM/Sum/PollHalts                                0 calls
04:21:59.770853 /GVMM/Sum/PollWakeUps                              0 calls
04:21:59.770856 /GVMM/Sum/WakeUpCalls                         611724 calls
04:21:59.770860 /GVMM/Sum/WakeUpNotHalted                       4987 calls
04:21:59.770864 /GVMM/Sum/WakeUpWakeUps                            0 calls
04:21:59.770868 /GVMM/VCpus/0/Start                                0 ticks/call (           0 ticks,       0 calls, max         0, min       0)
04:21:59.770873 /GVMM/VCpus/0/Stop                                 0 ticks/call (           0 ticks,       0 calls, max         0, min       0)
04:21:59.770878 /GVMM/VCpus/0/cWakeUpTimerCanceled                 0 times
04:21:59.770881 /GVMM/VCpus/0/cWakeUpTimerHits                     0 times
04:21:59.770885 /GVMM/VCpus/0/cWakeUpTimerMisses                   0 times
04:21:59.770889 /GVMM/VCpus/0/cWakeUpTimerSameCpu                  0 times
04:21:59.770893 /GVMM/VCpus/1/Start                                0 ticks/call (           0 ticks,       0 calls, max         0, min       0)
04:21:59.770897 /GVMM/VCpus/1/Stop                                 0 ticks/call (           0 ticks,       0 calls, max         0, min       0)
04:21:59.770901 /GVMM/VCpus/1/cWakeUpTimerCanceled                 0 times
04:21:59.770905 /GVMM/VCpus/1/cWakeUpTimerHits                     0 times
04:21:59.770909 /GVMM/VCpus/1/cWakeUpTimerMisses                   0 times
04:21:59.770912 /GVMM/VCpus/1/cWakeUpTimerSameCpu                  0 times
04:21:59.770916 /GVMM/VM/HaltBlocking                         550855 calls
04:21:59.770920 /GVMM/VM/HaltCalls                            550992 calls
04:21:59.770924 /GVMM/VM/HaltNotBlocking                         138 calls
04:21:59.770928 /GVMM/VM/HaltTimeouts                         242624 calls
04:21:59.770932 /GVMM/VM/HaltWakeUps                               0 calls
04:21:59.770935 /GVMM/VM/PokeCalls                             47746 calls
04:21:59.770939 /GVMM/VM/PokeNotBusy                            4756 calls
04:21:59.770943 /GVMM/VM/PollCalls                              4199 calls
04:21:59.770947 /GVMM/VM/PollHalts                                 0 calls
04:21:59.770951 /GVMM/VM/PollWakeUps                               0 calls
04:21:59.770954 /GVMM/VM/WakeUpCalls                          308619 calls
04:21:59.770958 /GVMM/VM/WakeUpNotHalted                        2526 calls
04:21:59.770962 /GVMM/VM/WakeUpWakeUps                             0 calls
04:21:59.770966 /GVMM/VMs                                          2 count
04:21:59.770970 /HGCM/FailedPageListLocking                        0 count
04:21:59.770974 /HGCM/LargeCmdAllocs                               0 count
04:21:59.770978 /HGCM/MsgArrival                                   0 ticks/call (           0 ticks,       0 calls, max         0, min      -1)
04:21:59.770985 /HGCM/MsgCompletion                                0 ticks/call (           0 ticks,       0 calls, max         0, min      -1)
04:21:59.770991 /HGCM/MsgTotal                                     0 ticks/call (           0 ticks,       0 calls, max         0, min      -1)
04:21:59.770996 /HM/CPU0/Exit/HostNmiInGC                          0 times
04:21:59.771000 /HM/CPU0/Exit/HostNmiInGCIpi                       0 times
04:21:59.771004 /HM/CPU0/Exit/PreemptTimer                    201942 times
04:21:59.771010 /HM/CPU0/Exit/Trap/Gst/#AC                         0 times
04:21:59.771013 /HM/CPU0/Exit/Trap/Gst/#AC-split-lock              0 times
04:21:59.771017 /HM/CPU0/ImportGuestStateFallback                  0 times
04:21:59.771021 /HM/CPU0/PreemptTimer                         201942 times
04:21:59.771025 /HM/CPU0/PreemptTimer/RecalcingDeadline      1146169 times
04:21:59.771028 /HM/CPU0/PreemptTimer/RecalcingDeadlineExpired    105543 times
04:21:59.771032 /HM/CPU0/PreemptTimer/ReusingDeadline        2790671 times
04:21:59.771036 /HM/CPU0/PreemptTimer/ReusingDeadlineExpired    174028 times
04:21:59.771039 /HM/CPU0/ReadToTransientFallback                   0 times
04:21:59.771043 /HM/CPU0/Switch/Preempting                     18097 times
04:21:59.771047 /HM/CPU1/Exit/HostNmiInGC                          0 times
04:21:59.771051 /HM/CPU1/Exit/HostNmiInGCIpi                       0 times
04:21:59.771055 /HM/CPU1/Exit/PreemptTimer                     36139 times
04:21:59.771059 /HM/CPU1/Exit/Trap/Gst/#AC                         0 times
04:21:59.771063 /HM/CPU1/Exit/Trap/Gst/#AC-split-lock              0 times
04:21:59.771067 /HM/CPU1/ImportGuestStateFallback                  0 times
04:21:59.771070 /HM/CPU1/PreemptTimer                          36139 times
04:21:59.771074 /HM/CPU1/PreemptTimer/RecalcingDeadline       172528 times
04:21:59.771077 /HM/CPU1/PreemptTimer/RecalcingDeadlineExpired      7433 times
04:21:59.771081 /HM/CPU1/PreemptTimer/ReusingDeadline          23281 times
04:21:59.771085 /HM/CPU1/PreemptTimer/ReusingDeadlineExpired     23281 times
04:21:59.771088 /HM/CPU1/ReadToTransientFallback                   0 times
04:21:59.771091 /HM/CPU1/Switch/Preempting                       573 times
04:21:59.771192 /IEM/CPU0/Exceptions/0d                            1 times
04:21:59.771212 /IEM/CPU0/Tlb/Code/InvlPg                          0 
04:21:59.771217 /IEM/CPU0/Tlb/Code/InvlPg/LargeGlobal              0 
04:21:59.771220 /IEM/CPU0/Tlb/Code/InvlPg/LargeNonGlobal           0 
04:21:59.771224 /IEM/CPU0/Tlb/Code/LargePageGlobalCurLoads         0 count
04:21:59.771228 /IEM/CPU0/Tlb/Code/LargePageGlobalFirstTag ffffffffffffffff count
04:21:59.771232 /IEM/CPU0/Tlb/Code/LargePageGlobalLastTag          0 count
04:21:59.771235 /IEM/CPU0/Tlb/Code/LargePageNonGlobalCurLoads         0 count
04:21:59.771239 /IEM/CPU0/Tlb/Code/LargePageNonGlobalFirstTag ffffffffffffffff count
04:21:59.771242 /IEM/CPU0/Tlb/Code/LargePageNonGlobalLastTag         0 count
04:21:59.771246 /IEM/CPU0/Tlb/Code/Misses                          0 count
04:21:59.771250 /IEM/CPU0/Tlb/Code/Misses/GlobalLoads              0 count
04:21:59.771254 /IEM/CPU0/Tlb/Code/PhysicalRevision        fffffffffffce000 
04:21:59.771292 /IEM/CPU0/Tlb/Code/PhysicalRevisionFlushes         0 
04:21:59.771311 /IEM/CPU0/Tlb/Code/PhysicalRevisionRollovers         0 
04:21:59.771316 /IEM/CPU0/Tlb/Code/RevisionGlobal          fffff38000000000 
04:21:59.771320 /IEM/CPU0/Tlb/Code/RevisionGlobalFlushes           0 
04:21:59.771323 /IEM/CPU0/Tlb/Code/RevisionNonGlobal       fffff38000000000 
04:21:59.771327 /IEM/CPU0/Tlb/Code/RevisionNonGlobalFlushes         0 
04:21:59.771330 /IEM/CPU0/Tlb/Code/RevisionRollovers               0 
04:21:59.771334 /IEM/CPU0/Tlb/Code/SlowReads                       0 count
04:21:59.771338 /IEM/CPU0/Tlb/Data/InvlPg                          0 
04:21:59.771342 /IEM/CPU0/Tlb/Data/InvlPg/LargeGlobal              0 
04:21:59.771345 /IEM/CPU0/Tlb/Data/InvlPg/LargeNonGlobal           0 
04:21:59.771351 /IEM/CPU0/Tlb/Data/LargePageGlobalCurLoads         0 count
04:21:59.771356 /IEM/CPU0/Tlb/Data/LargePageGlobalFirstTag ffffffffffffffff count
04:21:59.771360 /IEM/CPU0/Tlb/Data/LargePageGlobalLastTag          0 count
04:21:59.771363 /IEM/CPU0/Tlb/Data/LargePageNonGlobalCurLoads         0 count
04:21:59.771367 /IEM/CPU0/Tlb/Data/LargePageNonGlobalFirstTag ffffffffffffffff count
04:21:59.771371 /IEM/CPU0/Tlb/Data/LargePageNonGlobalLastTag         0 count
04:21:59.771377 /IEM/CPU0/Tlb/Data/Misses                          0 count
04:21:59.771380 /IEM/CPU0/Tlb/Data/Misses/Core                     0 count
04:21:59.771384 /IEM/CPU0/Tlb/Data/Misses/Core/GlobalLoads         0 count
04:21:59.771392 /IEM/CPU0/Tlb/Data/Misses/Safe                     0 count
04:21:59.771396 /IEM/CPU0/Tlb/Data/Misses/Safe/Reads               0 count
04:21:59.771400 /IEM/CPU0/Tlb/Data/Misses/Safe/SubPartHits         0 count
04:21:59.771403 /IEM/CPU0/Tlb/Data/Misses/Safe/SubPartMisses         0 count
04:21:59.771406 /IEM/CPU0/Tlb/Data/Misses/Safe/SubPartMisses/GlobalLoads         0 count
04:21:59.771410 /IEM/CPU0/Tlb/Data/Misses/Safe/Writes              0 count
04:21:59.771413 /IEM/CPU0/Tlb/Data/PhysicalRevision        fffffffffffce000 
04:21:59.771417 /IEM/CPU0/Tlb/Data/PhysicalRevisionFlushes         0 
04:21:59.771420 /IEM/CPU0/Tlb/Data/PhysicalRevisionRollovers         0 
04:21:59.771424 /IEM/CPU0/Tlb/Data/RevisionGlobal          fffff38000000000 
04:21:59.771428 /IEM/CPU0/Tlb/Data/RevisionGlobalFlushes           0 
04:21:59.771431 /IEM/CPU0/Tlb/Data/RevisionNonGlobal       fffff38000000000 
04:21:59.771435 /IEM/CPU0/Tlb/Data/RevisionNonGlobalFlushes         0 
04:21:59.771438 /IEM/CPU0/Tlb/Data/RevisionRollovers               0 
04:21:59.771442 /IEM/CPU0/cInstructions                        73981 count
04:21:59.771446 /IEM/CPU0/cLongJumps                            3154 bytes
04:21:59.771450 /IEM/CPU0/cMisalignedAtomics                       0 bytes
04:21:59.771454 /IEM/CPU0/cPendingCommit                           0 bytes
04:21:59.771468 /IEM/CPU0/cPotentialExits                    2802052 count
04:21:59.771472 /IEM/CPU0/cRetAspectNotImplemented                 0 count
04:21:59.771475 /IEM/CPU0/cRetErrStatuses                          0 count
04:21:59.771479 /IEM/CPU0/cRetInfStatuses                       3160 count
04:21:59.771482 /IEM/CPU0/cRetInstrNotImplemented                  0 count
04:21:59.771504 /IEM/CPU1/Tlb/Code/InvlPg                          0 
04:21:59.771509 /IEM/CPU1/Tlb/Code/InvlPg/LargeGlobal              0 
04:21:59.771512 /IEM/CPU1/Tlb/Code/InvlPg/LargeNonGlobal           0 
04:21:59.771516 /IEM/CPU1/Tlb/Code/LargePageGlobalCurLoads         0 count
04:21:59.771519 /IEM/CPU1/Tlb/Code/LargePageGlobalFirstTag ffffffffffffffff count
04:21:59.771523 /IEM/CPU1/Tlb/Code/LargePageGlobalLastTag          0 count
04:21:59.771526 /IEM/CPU1/Tlb/Code/LargePageNonGlobalCurLoads         0 count
04:21:59.771530 /IEM/CPU1/Tlb/Code/LargePageNonGlobalFirstTag ffffffffffffffff count
04:21:59.771533 /IEM/CPU1/Tlb/Code/LargePageNonGlobalLastTag         0 count
04:21:59.771536 /IEM/CPU1/Tlb/Code/Misses                          0 count
04:21:59.771540 /IEM/CPU1/Tlb/Code/Misses/GlobalLoads              0 count
04:21:59.771544 /IEM/CPU1/Tlb/Code/PhysicalRevision        fffffffffffce000 
04:21:59.771550 /IEM/CPU1/Tlb/Code/PhysicalRevisionFlushes         0 
04:21:59.771553 /IEM/CPU1/Tlb/Code/PhysicalRevisionRollovers         0 
04:21:59.771556 /IEM/CPU1/Tlb/Code/RevisionGlobal          fffff38000000000 
04:21:59.771560 /IEM/CPU1/Tlb/Code/RevisionGlobalFlushes           0 
04:21:59.771563 /IEM/CPU1/Tlb/Code/RevisionNonGlobal       fffff38000000000 
04:21:59.771567 /IEM/CPU1/Tlb/Code/RevisionNonGlobalFlushes         0 
04:21:59.771570 /IEM/CPU1/Tlb/Code/RevisionRollovers               0 
04:21:59.771574 /IEM/CPU1/Tlb/Code/SlowReads                       0 count
04:21:59.771578 /IEM/CPU1/Tlb/Data/InvlPg                          0 
04:21:59.771582 /IEM/CPU1/Tlb/Data/InvlPg/LargeGlobal              0 
04:21:59.771588 /IEM/CPU1/Tlb/Data/InvlPg/LargeNonGlobal           0 
04:21:59.771592 /IEM/CPU1/Tlb/Data/LargePageGlobalCurLoads         0 count
04:21:59.771596 /IEM/CPU1/Tlb/Data/LargePageGlobalFirstTag ffffffffffffffff count
04:21:59.771599 /IEM/CPU1/Tlb/Data/LargePageGlobalLastTag          0 count
04:21:59.771602 /IEM/CPU1/Tlb/Data/LargePageNonGlobalCurLoads         0 count
04:21:59.771606 /IEM/CPU1/Tlb/Data/LargePageNonGlobalFirstTag ffffffffffffffff count
04:21:59.771609 /IEM/CPU1/Tlb/Data/LargePageNonGlobalLastTag         0 count
04:21:59.771615 /IEM/CPU1/Tlb/Data/Misses                          0 count
04:21:59.771619 /IEM/CPU1/Tlb/Data/Misses/Core                     0 count
04:21:59.771624 /IEM/CPU1/Tlb/Data/Misses/Core/GlobalLoads         0 count
04:21:59.771627 /IEM/CPU1/Tlb/Data/Misses/Safe                     0 count
04:21:59.771630 /IEM/CPU1/Tlb/Data/Misses/Safe/Reads               0 count
04:21:59.771634 /IEM/CPU1/Tlb/Data/Misses/Safe/SubPartHits         0 count
04:21:59.771637 /IEM/CPU1/Tlb/Data/Misses/Safe/SubPartMisses         0 count
04:21:59.771641 /IEM/CPU1/Tlb/Data/Misses/Safe/SubPartMisses/GlobalLoads         0 count
04:21:59.771645 /IEM/CPU1/Tlb/Data/Misses/Safe/Writes              0 count
04:21:59.771649 /IEM/CPU1/Tlb/Data/PhysicalRevision        fffffffffffce000 
04:21:59.771652 /IEM/CPU1/Tlb/Data/PhysicalRevisionFlushes         0 
04:21:59.771656 /IEM/CPU1/Tlb/Data/PhysicalRevisionRollovers         0 
04:21:59.771659 /IEM/CPU1/Tlb/Data/RevisionGlobal          fffff38000000000 
04:21:59.771663 /IEM/CPU1/Tlb/Data/RevisionGlobalFlushes           0 
04:21:59.771667 /IEM/CPU1/Tlb/Data/RevisionNonGlobal       fffff38000000000 
04:21:59.771671 /IEM/CPU1/Tlb/Data/RevisionNonGlobalFlushes         0 
04:21:59.771674 /IEM/CPU1/Tlb/Data/RevisionRollovers               0 
04:21:59.771678 /IEM/CPU1/cInstructions                       196309 count
04:21:59.771682 /IEM/CPU1/cLongJumps                              69 bytes
04:21:59.771685 /IEM/CPU1/cMisalignedAtomics                       0 bytes
04:21:59.771689 /IEM/CPU1/cPendingCommit                           0 bytes
04:21:59.771693 /IEM/CPU1/cPotentialExits                     223048 count
04:21:59.771696 /IEM/CPU1/cRetAspectNotImplemented                 0 count
04:21:59.771700 /IEM/CPU1/cRetErrStatuses                          0 count
04:21:59.771703 /IEM/CPU1/cRetInfStatuses                         70 count
04:21:59.771707 /IEM/CPU1/cRetInstrNotImplemented                  0 count
04:21:59.771711 /IOM/MmioMappingsStale                             0 ticks/call
04:21:59.771715 /IOM/MmioTooDeepRecursion                          0 times
04:21:59.771719 /PDM/BlkCache/cbCached                             0 bytes
04:21:59.771723 /PDM/BlkCache/cbCachedFru                          0 bytes
04:21:59.771727 /PDM/BlkCache/cbCachedMruIn                        0 bytes
04:21:59.771731 /PDM/BlkCache/cbCachedMruOut                       0 bytes
04:21:59.771735 /PDM/BlkCache/cbMax                          5242880 bytes
04:21:59.771738 /PDM/CritSects/00-AbortedEnters                    0 times
04:21:59.771742 /PDM/CritSects/00-EntersWhileAborting              0 times
04:21:59.771746 /PDM/CritSects/00-Non-interruptible-Waits-VINF_SUCCESS         0 times
04:21:59.771750 /PDM/CritSects/00-QueuedLeaves                     0 times
04:21:59.771754 /PDM/CritSects/00-VERR_INTERRUPTED                 0 times
04:21:59.771757 /PDM/CritSects/00-VERR_TIMEOUT                     0 times
04:21:59.771761 /PDM/CritSects/8237A#0Auto/ContentionR3            0 times
04:21:59.771764 /PDM/CritSects/8237A#0Auto/ContentionR3Wait         0 ticks/time (           0 ticks,       0 times, max         0, min      -1)
04:21:59.771769 /PDM/CritSects/8237A#0Auto/ContentionRZLock         0 times
04:21:59.771772 /PDM/CritSects/8237A#0Auto/ContentionRZLockBusy         0 times
04:21:59.771776 /PDM/CritSects/8237A#0Auto/ContentionRZUnlock         0 times
04:21:59.771779 /PDM/CritSects/8237A#0Auto/ContentionRZWait         0 ticks/time (           0 ticks,       0 times, max         0, min      -1)
04:21:59.771863 /PDM/CritSects/AC'97/ContentionR3                  0 times
04:21:59.771870 /PDM/CritSects/AC'97/ContentionR3Wait              0 ticks/time (           0 ticks,       0 times, max         0, min      -1)
04:21:59.771874 /PDM/CritSects/AC'97/ContentionRZLock              0 times
04:21:59.771878 /PDM/CritSects/AC'97/ContentionRZLockBusy          0 times
04:21:59.771882 /PDM/CritSects/AC'97/ContentionRZUnlock            0 times
04:21:59.771885 /PDM/CritSects/AC'97/ContentionRZWait              0 ticks/time (           0 ticks,       0 times, max         0, min      -1)
04:21:59.771890 /PDM/CritSects/AHCI#0/ContentionR3                10 times
04:21:59.771893 /PDM/CritSects/AHCI#0/ContentionR3Wait         15706 ticks/time (      157069 ticks,      10 times, max     38915, min    5745)
04:21:59.771898 /PDM/CritSects/AHCI#0/ContentionRZLock             8 times
04:21:59.771901 /PDM/CritSects/AHCI#0/ContentionRZLockBusy         0 times
04:21:59.771905 /PDM/CritSects/AHCI#0/ContentionRZUnlock           0 times
04:21:59.771908 /PDM/CritSects/AHCI#0/ContentionRZWait         50057 ticks/time (      400461 ticks,       8 times, max    121159, min   20306)
04:21:59.771912 /PDM/CritSects/ATA#0-Ctl/ContentionR3              3 times
04:21:59.771916 /PDM/CritSects/ATA#0-Ctl/ContentionR3Wait      36651 ticks/time (      109954 ticks,       3 times, max     56639, min   17052)
04:21:59.771920 /PDM/CritSects/ATA#0-Ctl/ContentionRZLock          2 times
04:21:59.771924 /PDM/CritSects/ATA#0-Ctl/ContentionRZLockBusy         0 times
04:21:59.771928 /PDM/CritSects/ATA#0-Ctl/ContentionRZUnlock         0 times
04:21:59.771931 /PDM/CritSects/ATA#0-Ctl/ContentionRZWait      97800 ticks/time (      195601 ticks,       2 times, max     99595, min   96006)
04:21:59.771935 /PDM/CritSects/ATA#0-Req/ContentionR3              0 times
04:21:59.771938 /PDM/CritSects/ATA#0-Req/ContentionR3Wait          0 ticks/time (           0 ticks,       0 times, max         0, min      -1)
04:21:59.771942 /PDM/CritSects/ATA#0-Req/ContentionRZLock          0 times
04:21:59.771945 /PDM/CritSects/ATA#0-Req/ContentionRZLockBusy         0 times
04:21:59.771949 /PDM/CritSects/ATA#0-Req/ContentionRZUnlock         0 times
04:21:59.771953 /PDM/CritSects/ATA#0-Req/ContentionRZWait          0 ticks/time (           0 ticks,       0 times, max         0, min      -1)
04:21:59.771957 /PDM/CritSects/ATA#1-Ctl/ContentionR3              0 times
04:21:59.771961 /PDM/CritSects/ATA#1-Ctl/ContentionR3Wait          0 ticks/time (           0 ticks,       0 times, max         0, min      -1)
04:21:59.771964 /PDM/CritSects/ATA#1-Ctl/ContentionRZLock          0 times
04:21:59.771968 /PDM/CritSects/ATA#1-Ctl/ContentionRZLockBusy         0 times
04:21:59.771971 /PDM/CritSects/ATA#1-Ctl/ContentionRZUnlock         0 times
04:21:59.771974 /PDM/CritSects/ATA#1-Ctl/ContentionRZWait          0 ticks/time (           0 ticks,       0 times, max         0, min      -1)
04:21:59.771979 /PDM/CritSects/ATA#1-Req/ContentionR3              0 times
04:21:59.771983 /PDM/CritSects/ATA#1-Req/ContentionR3Wait          0 ticks/time (           0 ticks,       0 times, max         0, min      -1)
04:21:59.771987 /PDM/CritSects/ATA#1-Req/ContentionRZLock          0 times
04:21:59.771993 /PDM/CritSects/ATA#1-Req/ContentionRZLockBusy         0 times
04:21:59.771997 /PDM/CritSects/ATA#1-Req/ContentionRZUnlock         0 times
04:21:59.772000 /PDM/CritSects/ATA#1-Req/ContentionRZWait          0 ticks/time (           0 ticks,       0 times, max         0, min      -1)
04:21:59.772004 /PDM/CritSects/E1000#0/ContentionR3                3 times
04:21:59.772008 /PDM/CritSects/E1000#0/ContentionR3Wait        13667 ticks/time (       41001 ticks,       3 times, max     15856, min   11196)
04:21:59.772012 /PDM/CritSects/E1000#0/ContentionRZLock            0 times
04:21:59.772016 /PDM/CritSects/E1000#0/ContentionRZLockBusy         0 times
04:21:59.772019 /PDM/CritSects/E1000#0/ContentionRZUnlock          0 times
04:21:59.772025 /PDM/CritSects/E1000#0/ContentionRZWait            0 ticks/time (           0 ticks,       0 times, max         0, min      -1)
04:21:59.772030 /PDM/CritSects/E1000#0RX/ContentionR3              0 times
04:21:59.772034 /PDM/CritSects/E1000#0RX/ContentionR3Wait          0 ticks/time (           0 ticks,       0 times, max         0, min      -1)
04:21:59.772038 /PDM/CritSects/E1000#0RX/ContentionRZLock          0 times
04:21:59.772041 /PDM/CritSects/E1000#0RX/ContentionRZLockBusy         0 times
04:21:59.772045 /PDM/CritSects/E1000#0RX/ContentionRZUnlock         0 times
04:21:59.772048 /PDM/CritSects/E1000#0RX/ContentionRZWait          0 ticks/time (           0 ticks,       0 times, max         0, min      -1)
04:21:59.772052 /PDM/CritSects/E1000#0TX/ContentionR3              0 times
04:21:59.772056 /PDM/CritSects/E1000#0TX/ContentionR3Wait          0 ticks/time (           0 ticks,       0 times, max         0, min      -1)
04:21:59.772060 /PDM/CritSects/E1000#0TX/ContentionRZLock          0 times
04:21:59.772063 /PDM/CritSects/E1000#0TX/ContentionRZLockBusy         0 times
04:21:59.772066 /PDM/CritSects/E1000#0TX/ContentionRZUnlock         0 times
04:21:59.772070 /PDM/CritSects/E1000#0TX/ContentionRZWait          0 ticks/time (           0 ticks,       0 times, max         0, min      -1)
04:21:59.772074 /PDM/CritSects/E1000#1/ContentionR3                0 times
04:21:59.772078 /PDM/CritSects/E1000#1/ContentionR3Wait            0 ticks/time (           0 ticks,       0 times, max         0, min      -1)
04:21:59.772083 /PDM/CritSects/E1000#1/ContentionRZLock            0 times
04:21:59.772086 /PDM/CritSects/E1000#1/ContentionRZLockBusy         0 times
04:21:59.772090 /PDM/CritSects/E1000#1/ContentionRZUnlock          0 times
04:21:59.772093 /PDM/CritSects/E1000#1/ContentionRZWait            0 ticks/time (           0 ticks,       0 times, max         0, min      -1)
04:21:59.772097 /PDM/CritSects/E1000#1RX/ContentionR3              0 times
04:21:59.772101 /PDM/CritSects/E1000#1RX/ContentionR3Wait          0 ticks/time (           0 ticks,       0 times, max         0, min      -1)
04:21:59.772105 /PDM/CritSects/E1000#1RX/ContentionRZLock          0 times
04:21:59.772108 /PDM/CritSects/E1000#1RX/ContentionRZLockBusy         0 times
04:21:59.772112 /PDM/CritSects/E1000#1RX/ContentionRZUnlock         0 times
04:21:59.772115 /PDM/CritSects/E1000#1RX/ContentionRZWait          0 ticks/time (           0 ticks,       0 times, max         0, min      -1)
04:21:59.772120 /PDM/CritSects/E1000#1TX/ContentionR3              0 times
04:21:59.772123 /PDM/CritSects/E1000#1TX/ContentionR3Wait          0 ticks/time (           0 ticks,       0 times, max         0, min      -1)
04:21:59.772128 /PDM/CritSects/E1000#1TX/ContentionRZLock          0 times
04:21:59.772131 /PDM/CritSects/E1000#1TX/ContentionRZLockBusy         0 times
04:21:59.772135 /PDM/CritSects/E1000#1TX/ContentionRZUnlock         0 times
04:21:59.772138 /PDM/CritSects/E1000#1TX/ContentionRZWait          0 ticks/time (           0 ticks,       0 times, max         0, min      -1)
04:21:59.772142 /PDM/CritSects/EHCI#0Irq/ContentionR3              0 times
04:21:59.772146 /PDM/CritSects/EHCI#0Irq/ContentionR3Wait          0 ticks/time (           0 ticks,       0 times, max         0, min      -1)
04:21:59.772150 /PDM/CritSects/EHCI#0Irq/ContentionRZLock          0 times
04:21:59.772154 /PDM/CritSects/EHCI#0Irq/ContentionRZLockBusy         0 times
04:21:59.772157 /PDM/CritSects/EHCI#0Irq/ContentionRZUnlock         0 times
04:21:59.772160 /PDM/CritSects/EHCI#0Irq/ContentionRZWait          0 ticks/time (           0 ticks,       0 times, max         0, min      -1)
04:21:59.772165 /PDM/CritSects/GIMDev#0Auto/ContentionR3           0 times
04:21:59.772169 /PDM/CritSects/GIMDev#0Auto/ContentionR3Wait         0 ticks/time (           0 ticks,       0 times, max         0, min      -1)
04:21:59.772173 /PDM/CritSects/GIMDev#0Auto/ContentionRZLock         0 times
04:21:59.772177 /PDM/CritSects/GIMDev#0Auto/ContentionRZLockBusy         0 times
04:21:59.772183 /PDM/CritSects/GIMDev#0Auto/ContentionRZUnlock         0 times
04:21:59.772187 /PDM/CritSects/GIMDev#0Auto/ContentionRZWait         0 ticks/time (           0 ticks,       0 times, max         0, min      -1)
04:21:59.772191 /PDM/CritSects/NOP/ContentionR3                    0 times
04:21:59.772195 /PDM/CritSects/NOP/ContentionR3Wait                0 ticks/time (           0 ticks,       0 times, max         0, min      -1)
04:21:59.772199 /PDM/CritSects/NOP/ContentionRZLock                0 times
04:21:59.772203 /PDM/CritSects/NOP/ContentionRZLockBusy            0 times
04:21:59.772206 /PDM/CritSects/NOP/ContentionRZUnlock              0 times
04:21:59.772210 /PDM/CritSects/NOP/ContentionRZWait                0 ticks/time (           0 ticks,       0 times, max         0, min      -1)
04:21:59.772214 /PDM/CritSects/OHCI#0Irq/ContentionR3              0 times
04:21:59.772218 /PDM/CritSects/OHCI#0Irq/ContentionR3Wait          0 ticks/time (           0 ticks,       0 times, max         0, min      -1)
04:21:59.772222 /PDM/CritSects/OHCI#0Irq/ContentionRZLock          0 times
04:21:59.772226 /PDM/CritSects/OHCI#0Irq/ContentionRZLockBusy         0 times
04:21:59.772229 /PDM/CritSects/OHCI#0Irq/ContentionRZUnlock         0 times
04:21:59.772233 /PDM/CritSects/OHCI#0Irq/ContentionRZWait          0 ticks/time (           0 ticks,       0 times, max         0, min      -1)
04:21:59.772237 /PDM/CritSects/PDM/ContentionR3                    1 times
04:21:59.772241 /PDM/CritSects/PDM/ContentionR3Wait            15536 ticks/time (       15536 ticks,       1 times, max     15536, min   15536)
04:21:59.772245 /PDM/CritSects/PDM/ContentionRZLock               16 times
04:21:59.772249 /PDM/CritSects/PDM/ContentionRZLockBusy            0 times
04:21:59.772252 /PDM/CritSects/PDM/ContentionRZUnlock              0 times
04:21:59.772255 /PDM/CritSects/PDM/ContentionRZWait            63646 ticks/time (     1018348 ticks,      16 times, max    158459, min   30025)
04:21:59.772260 /PDM/CritSects/PGM/ContentionR3                  892 times
04:21:59.772264 /PDM/CritSects/PGM/ContentionR3Wait          5374264 ticks/time (  4793844356 ticks,     892 times, max  43917969, min    3618)
04:21:59.772269 /PDM/CritSects/PGM/ContentionRZLock              129 times
04:21:59.772273 /PDM/CritSects/PGM/ContentionRZLockBusy            0 times
04:21:59.772277 /PDM/CritSects/PGM/ContentionRZUnlock              0 times
04:21:59.772280 /PDM/CritSects/PGM/ContentionRZWait          1895809 ticks/time (   244559470 ticks,     129 times, max  32449586, min   11525)
04:21:59.772285 /PDM/CritSects/TM VirtualSync Lock/ContentionR3       582 times
04:21:59.772289 /PDM/CritSects/TM VirtualSync Lock/ContentionR3Wait    242021 ticks/time (   140856595 ticks,     582 times, max  84120326, min    7917)
04:21:59.772293 /PDM/CritSects/TM VirtualSync Lock/ContentionRZLock     16105 times
04:21:59.772297 /PDM/CritSects/TM VirtualSync Lock/ContentionRZLockBusy     17673 times
04:21:59.772301 /PDM/CritSects/TM VirtualSync Lock/ContentionRZUnlock         0 times
04:21:59.772304 /PDM/CritSects/TM VirtualSync Lock/ContentionRZWait    168237 ticks/time (  2709457221 ticks,   16105 times, max  63550655, min   11198)
04:21:59.772308 /PDM/CritSects/TM real queue timer lock/ContentionR3         0 times
04:21:59.772312 /PDM/CritSects/TM real queue timer lock/ContentionR3Wait         0 ticks/time (           0 ticks,       0 times, max         0, min      -1)
04:21:59.772316 /PDM/CritSects/TM real queue timer lock/ContentionRZLock         0 times
04:21:59.772320 /PDM/CritSects/TM real queue timer lock/ContentionRZLockBusy         0 times
04:21:59.772323 /PDM/CritSects/TM real queue timer lock/ContentionRZUnlock         0 times
04:21:59.772327 /PDM/CritSects/TM real queue timer lock/ContentionRZWait         0 ticks/time (           0 ticks,       0 times, max         0, min      -1)
04:21:59.772332 /PDM/CritSects/TM tsc queue timer lock/ContentionR3         0 times
04:21:59.772336 /PDM/CritSects/TM tsc queue timer lock/ContentionR3Wait         0 ticks/time (           0 ticks,       0 times, max         0, min      -1)
04:21:59.772342 /PDM/CritSects/TM tsc queue timer lock/ContentionRZLock         0 times
04:21:59.772347 /PDM/CritSects/TM tsc queue timer lock/ContentionRZLockBusy         0 times
04:21:59.772351 /PDM/CritSects/TM tsc queue timer lock/ContentionRZUnlock         0 times
04:21:59.772354 /PDM/CritSects/TM tsc queue timer lock/ContentionRZWait         0 ticks/time (           0 ticks,       0 times, max         0, min      -1)
04:21:59.772359 /PDM/CritSects/TM virtual queue timer lock/ContentionR3      1635 times
04:21:59.772363 /PDM/CritSects/TM virtual queue timer lock/ContentionR3Wait     68690 ticks/time (     9685329 ticks,     141 times, max   1603246, min    7987)
04:21:59.772367 /PDM/CritSects/TM virtual queue timer lock/ContentionRZLock         0 times
04:21:59.772371 /PDM/CritSects/TM virtual queue timer lock/ContentionRZLockBusy         0 times
04:21:59.772374 /PDM/CritSects/TM virtual queue timer lock/ContentionRZUnlock         0 times
04:21:59.772378 /PDM/CritSects/TM virtual queue timer lock/ContentionRZWait         0 ticks/time (           0 ticks,       0 times, max         0, min      -1)
04:21:59.772382 /PDM/CritSects/TM virtual_sync queue timer lock/ContentionR3         0 times
04:21:59.772386 /PDM/CritSects/TM virtual_sync queue timer lock/ContentionR3Wait         0 ticks/time (           0 ticks,       0 times, max         0, min      -1)
04:21:59.772390 /PDM/CritSects/TM virtual_sync queue timer lock/ContentionRZLock         0 times
04:21:59.772394 /PDM/CritSects/TM virtual_sync queue timer lock/ContentionRZLockBusy         0 times
04:21:59.772397 /PDM/CritSects/TM virtual_sync queue timer lock/ContentionRZUnlock         0 times
04:21:59.772401 /PDM/CritSects/TM virtual_sync queue timer lock/ContentionRZWait         0 ticks/time (           0 ticks,       0 times, max         0, min      -1)
04:21:59.772405 /PDM/CritSects/Uart{serial#0}#0/ContentionR3         0 times
04:21:59.772409 /PDM/CritSects/Uart{serial#0}#0/ContentionR3Wait         0 ticks/time (           0 ticks,       0 times, max         0, min      -1)
04:21:59.772412 /PDM/CritSects/Uart{serial#0}#0/ContentionRZLock         0 times
04:21:59.772416 /PDM/CritSects/Uart{serial#0}#0/ContentionRZLockBusy         0 times
04:21:59.772420 /PDM/CritSects/Uart{serial#0}#0/ContentionRZUnlock         0 times
04:21:59.772424 /PDM/CritSects/Uart{serial#0}#0/ContentionRZWait         0 ticks/time (           0 ticks,       0 times, max         0, min      -1)
04:21:59.772428 /PDM/CritSects/VGA#0/ContentionR3                 26 times
04:21:59.772432 /PDM/CritSects/VGA#0/ContentionR3Wait         731780 ticks/time (    19026303 ticks,      26 times, max   8290886, min   14173)
04:21:59.772437 /PDM/CritSects/VGA#0/ContentionRZLock              2 times
04:21:59.772441 /PDM/CritSects/VGA#0/ContentionRZLockBusy          0 times
04:21:59.772444 /PDM/CritSects/VGA#0/ContentionRZUnlock            0 times
04:21:59.772447 /PDM/CritSects/VGA#0/ContentionRZWait        1766113 ticks/time (     3532226 ticks,       2 times, max   2393606, min 1138620)
04:21:59.772452 /PDM/CritSects/VGA#0_IRQ/ContentionR3              0 times
04:21:59.772456 /PDM/CritSects/VGA#0_IRQ/ContentionR3Wait          0 ticks/time (           0 ticks,       0 times, max         0, min      -1)
04:21:59.772460 /PDM/CritSects/VGA#0_IRQ/ContentionRZLock          0 times
04:21:59.772464 /PDM/CritSects/VGA#0_IRQ/ContentionRZLockBusy         0 times
04:21:59.772467 /PDM/CritSects/VGA#0_IRQ/ContentionRZUnlock         0 times
04:21:59.772471 /PDM/CritSects/VGA#0_IRQ/ContentionRZWait          0 ticks/time (           0 ticks,       0 times, max         0, min      -1)
04:21:59.772476 /PDM/CritSects/VMMDev#0/ContentionR3               0 times
04:21:59.772480 /PDM/CritSects/VMMDev#0/ContentionR3Wait           0 ticks/time (           0 ticks,       0 times, max         0, min      -1)
04:21:59.772485 /PDM/CritSects/VMMDev#0/ContentionRZLock           0 times
04:21:59.772490 /PDM/CritSects/VMMDev#0/ContentionRZLockBusy         0 times
04:21:59.772496 /PDM/CritSects/VMMDev#0/ContentionRZUnlock         0 times
04:21:59.772499 /PDM/CritSects/VMMDev#0/ContentionRZWait           0 ticks/time (           0 ticks,       0 times, max         0, min      -1)
04:21:59.772503 /PDM/CritSects/acpi#0/ContentionR3                 0 times
04:21:59.772507 /PDM/CritSects/acpi#0/ContentionR3Wait             0 ticks/time (           0 ticks,       0 times, max         0, min      -1)
04:21:59.772511 /PDM/CritSects/acpi#0/ContentionRZLock             0 times
04:21:59.772514 /PDM/CritSects/acpi#0/ContentionRZLockBusy         0 times
04:21:59.772517 /PDM/CritSects/acpi#0/ContentionRZUnlock           0 times
04:21:59.772521 /PDM/CritSects/acpi#0/ContentionRZWait             0 ticks/time (           0 ticks,       0 times, max         0, min      -1)
04:21:59.772525 /PDM/CritSects/mc146818#0Auto/ContentionR3         0 times
04:21:59.772529 /PDM/CritSects/mc146818#0Auto/ContentionR3Wait         0 ticks/time (           0 ticks,       0 times, max         0, min      -1)
04:21:59.772534 /PDM/CritSects/mc146818#0Auto/ContentionRZLock         0 times
04:21:59.772537 /PDM/CritSects/mc146818#0Auto/ContentionRZLockBusy         0 times
04:21:59.772541 /PDM/CritSects/mc146818#0Auto/ContentionRZUnlock         0 times
04:21:59.772545 /PDM/CritSects/mc146818#0Auto/ContentionRZWait         0 ticks/time (           0 ticks,       0 times, max         0, min      -1)
04:21:59.772549 /PDM/CritSects/pcarch#0Auto/ContentionR3           0 times
04:21:59.772553 /PDM/CritSects/pcarch#0Auto/ContentionR3Wait         0 ticks/time (           0 ticks,       0 times, max         0, min      -1)
04:21:59.772557 /PDM/CritSects/pcarch#0Auto/ContentionRZLock         0 times
04:21:59.772561 /PDM/CritSects/pcarch#0Auto/ContentionRZLockBusy         0 times
04:21:59.772565 /PDM/CritSects/pcarch#0Auto/ContentionRZUnlock         0 times
04:21:59.772568 /PDM/CritSects/pcarch#0Auto/ContentionRZWait         0 ticks/time (           0 ticks,       0 times, max         0, min      -1)
04:21:59.772578 /PDM/CritSects/pcbios#0Auto/ContentionR3           0 times
04:21:59.772582 /PDM/CritSects/pcbios#0Auto/ContentionR3Wait         0 ticks/time (           0 ticks,       0 times, max         0, min      -1)
04:21:59.772586 /PDM/CritSects/pcbios#0Auto/ContentionRZLock         0 times
04:21:59.772590 /PDM/CritSects/pcbios#0Auto/ContentionRZLockBusy         0 times
04:21:59.772593 /PDM/CritSects/pcbios#0Auto/ContentionRZUnlock         0 times
04:21:59.772597 /PDM/CritSects/pcbios#0Auto/ContentionRZWait         0 ticks/time (           0 ticks,       0 times, max         0, min      -1)
04:21:59.772601 /PDM/CritSects/pckbd#0Auto/ContentionR3            2 times
04:21:59.772605 /PDM/CritSects/pckbd#0Auto/ContentionR3Wait     33462 ticks/time (       66924 ticks,       2 times, max     51334, min   15590)
04:21:59.772609 /PDM/CritSects/pckbd#0Auto/ContentionRZLock         0 times
04:21:59.772612 /PDM/CritSects/pckbd#0Auto/ContentionRZLockBusy         0 times
04:21:59.772616 /PDM/CritSects/pckbd#0Auto/ContentionRZUnlock         0 times
04:21:59.772620 /PDM/CritSects/pckbd#0Auto/ContentionRZWait         0 ticks/time (           0 ticks,       0 times, max         0, min      -1)
04:21:59.772624 /PDM/CritSects/pit#0/ContentionR3                  0 times
04:21:59.772627 /PDM/CritSects/pit#0/ContentionR3Wait              0 ticks/time (           0 ticks,       0 times, max         0, min      -1)
04:21:59.772632 /PDM/CritSects/pit#0/ContentionRZLock              0 times
04:21:59.772636 /PDM/CritSects/pit#0/ContentionRZLockBusy          0 times
04:21:59.772639 /PDM/CritSects/pit#0/ContentionRZUnlock            0 times
04:21:59.772643 /PDM/CritSects/pit#0/ContentionRZWait              0 ticks/time (           0 ticks,       0 times, max         0, min      -1)
04:21:59.772647 /PDM/CritSects/usb-ehci#0Auto/ContentionR3         0 times
04:21:59.772650 /PDM/CritSects/usb-ehci#0Auto/ContentionR3Wait         0 ticks/time (           0 ticks,       0 times, max         0, min      -1)
04:21:59.772657 /PDM/CritSects/usb-ehci#0Auto/ContentionRZLock         0 times
04:21:59.772662 /PDM/CritSects/usb-ehci#0Auto/ContentionRZLockBusy         0 times
04:21:59.772666 /PDM/CritSects/usb-ehci#0Auto/ContentionRZUnlock         0 times
04:21:59.772670 /PDM/CritSects/usb-ehci#0Auto/ContentionRZWait         0 ticks/time (           0 ticks,       0 times, max         0, min      -1)
04:21:59.772674 /PDM/CritSects/usb-ohci#0Auto/ContentionR3         0 times
04:21:59.772678 /PDM/CritSects/usb-ohci#0Auto/ContentionR3Wait         0 ticks/time (           0 ticks,       0 times, max         0, min      -1)
04:21:59.772682 /PDM/CritSects/usb-ohci#0Auto/ContentionRZLock         0 times
04:21:59.772686 /PDM/CritSects/usb-ohci#0Auto/ContentionRZLockBusy         0 times
04:21:59.772689 /PDM/CritSects/usb-ohci#0Auto/ContentionRZUnlock         0 times
04:21:59.772693 /PDM/CritSects/usb-ohci#0Auto/ContentionRZWait         0 ticks/time (           0 ticks,       0 times, max         0, min      -1)
04:21:59.772697 /PDM/CritSectsRw/00-EnterSharedWhileAborting         0 times
04:21:59.772700 /PDM/CritSectsRw/00-Excl-Non-interruptible-Waits-VINF_SUCCESS         0 times
04:21:59.772704 /PDM/CritSectsRw/00-Excl-VERR_INTERRUPTED          0 times
04:21:59.772707 /PDM/CritSectsRw/00-Excl-VERR_TIMEOUT              0 times
04:21:59.772711 /PDM/CritSectsRw/00-Shared-Non-interruptible-Waits-VINF_SUCCESS         0 times
04:21:59.772714 /PDM/CritSectsRw/00-Shared-VERR_INTERRUPTED         0 times
04:21:59.772718 /PDM/CritSectsRw/00-Shared-VERR_TIMEOUT            0 times
04:21:59.772721 /PDM/CritSectsRw/IOM Lock/ContentionR3EnterExcl         0 times
04:21:59.772725 /PDM/CritSectsRw/IOM Lock/ContentionR3EnterShared         0 times
04:21:59.772728 /PDM/CritSectsRw/IOM Lock/ContentionR3LeaveExcl         0 times
04:21:59.772732 /PDM/CritSectsRw/IOM Lock/ContentionRZEnterExcl         0 times
04:21:59.772736 /PDM/CritSectsRw/IOM Lock/ContentionRZEnterShared         0 times
04:21:59.772739 /PDM/CritSectsRw/IOM Lock/ContentionRZLeaveExcl         0 times
04:21:59.772743 /PDM/CritSectsRw/IOM Lock/ContentionRZLeaveShared         0 times
04:21:59.772746 /PDM/CritSectsRw/IOM Lock/R3EnterExcl            112 times
04:21:59.772750 /PDM/CritSectsRw/IOM Lock/R3EnterShared       506044 times
04:21:59.772753 /PDM/CritSectsRw/IOM Lock/RZEnterExcl              0 times
04:21:59.772757 /PDM/CritSectsRw/IOM Lock/RZEnterShared      2337090 times
04:21:59.772760 /PDM/CritSectsRw/TM real queue alloc lock/ContentionR3EnterExcl         0 times
04:21:59.772767 /PDM/CritSectsRw/TM real queue alloc lock/ContentionR3EnterShared         0 times
04:21:59.772771 /PDM/CritSectsRw/TM real queue alloc lock/ContentionR3LeaveExcl         0 times
04:21:59.772774 /PDM/CritSectsRw/TM real queue alloc lock/ContentionRZEnterExcl         0 times
04:21:59.772778 /PDM/CritSectsRw/TM real queue alloc lock/ContentionRZEnterShared         0 times
04:21:59.772781 /PDM/CritSectsRw/TM real queue alloc lock/ContentionRZLeaveExcl         0 times
04:21:59.772784 /PDM/CritSectsRw/TM real queue alloc lock/ContentionRZLeaveShared         0 times
04:21:59.772788 /PDM/CritSectsRw/TM real queue alloc lock/R3EnterExcl         8 times
04:21:59.772792 /PDM/CritSectsRw/TM real queue alloc lock/R3EnterShared         1 times
04:21:59.772795 /PDM/CritSectsRw/TM real queue alloc lock/RZEnterExcl         0 times
04:21:59.772798 /PDM/CritSectsRw/TM real queue alloc lock/RZEnterShared         0 times
04:21:59.772802 /PDM/CritSectsRw/TM tsc queue alloc lock/ContentionR3EnterExcl         0 times
04:21:59.772806 /PDM/CritSectsRw/TM tsc queue alloc lock/ContentionR3EnterShared         0 times
04:21:59.772810 /PDM/CritSectsRw/TM tsc queue alloc lock/ContentionR3LeaveExcl         0 times
04:21:59.772814 /PDM/CritSectsRw/TM tsc queue alloc lock/ContentionRZEnterExcl         0 times
04:21:59.772817 /PDM/CritSectsRw/TM tsc queue alloc lock/ContentionRZEnterShared         0 times
04:21:59.772822 /PDM/CritSectsRw/TM tsc queue alloc lock/ContentionRZLeaveExcl         0 times
04:21:59.772827 /PDM/CritSectsRw/TM tsc queue alloc lock/ContentionRZLeaveShared         0 times
04:21:59.772831 /PDM/CritSectsRw/TM tsc queue alloc lock/R3EnterExcl         0 times
04:21:59.772834 /PDM/CritSectsRw/TM tsc queue alloc lock/R3EnterShared         1 times
04:21:59.772836 /PDM/CritSectsRw/TM tsc queue alloc lock/RZEnterExcl         0 times
04:21:59.772839 /PDM/CritSectsRw/TM tsc queue alloc lock/RZEnterShared         0 times
04:21:59.772842 /PDM/CritSectsRw/TM virtual queue alloc lock/ContentionR3EnterExcl         0 times
04:21:59.772844 /PDM/CritSectsRw/TM virtual queue alloc lock/ContentionR3EnterShared         0 times
04:21:59.772847 /PDM/CritSectsRw/TM virtual queue alloc lock/ContentionR3LeaveExcl         0 times
04:21:59.772849 /PDM/CritSectsRw/TM virtual queue alloc lock/ContentionRZEnterExcl         0 times
04:21:59.772852 /PDM/CritSectsRw/TM virtual queue alloc lock/ContentionRZEnterShared         0 times
04:21:59.772854 /PDM/CritSectsRw/TM virtual queue alloc lock/ContentionRZLeaveExcl         0 times
04:21:59.772857 /PDM/CritSectsRw/TM virtual queue alloc lock/ContentionRZLeaveShared         0 times
04:21:59.772859 /PDM/CritSectsRw/TM virtual queue alloc lock/R3EnterExcl        14 times
04:21:59.772862 /PDM/CritSectsRw/TM virtual queue alloc lock/R3EnterShared         1 times
04:21:59.772864 /PDM/CritSectsRw/TM virtual queue alloc lock/RZEnterExcl         0 times
04:21:59.772867 /PDM/CritSectsRw/TM virtual queue alloc lock/RZEnterShared         0 times
04:21:59.772869 /PDM/CritSectsRw/TM virtual_sync queue alloc lock/ContentionR3EnterExcl         0 times
04:21:59.772872 /PDM/CritSectsRw/TM virtual_sync queue alloc lock/ContentionR3EnterShared         0 times
04:21:59.772874 /PDM/CritSectsRw/TM virtual_sync queue alloc lock/ContentionR3LeaveExcl         0 times
04:21:59.772877 /PDM/CritSectsRw/TM virtual_sync queue alloc lock/ContentionRZEnterExcl         0 times
04:21:59.772880 /PDM/CritSectsRw/TM virtual_sync queue alloc lock/ContentionRZEnterShared         0 times
04:21:59.772882 /PDM/CritSectsRw/TM virtual_sync queue alloc lock/ContentionRZLeaveExcl         0 times
04:21:59.772885 /PDM/CritSectsRw/TM virtual_sync queue alloc lock/ContentionRZLeaveShared         0 times
04:21:59.772887 /PDM/CritSectsRw/TM virtual_sync queue alloc lock/R3EnterExcl        11 times
04:21:59.772889 /PDM/CritSectsRw/TM virtual_sync queue alloc lock/R3EnterShared         1 times
04:21:59.772892 /PDM/CritSectsRw/TM virtual_sync queue alloc lock/RZEnterExcl         0 times
04:21:59.772894 /PDM/CritSectsRw/TM virtual_sync queue alloc lock/RZEnterShared         0 times
04:21:59.772897 /PDM/Queue/DevHlp/AllocFailures                    0 times
04:21:59.772900 /PDM/Queue/DevHlp/Flush                            0 calls
04:21:59.772903 /PDM/Queue/DevHlp/FlushLeftovers                   0 times
04:21:59.772906 /PDM/Queue/DevHlp/Insert                           0 calls
04:21:59.772909 /PDM/Queue/DevHlp/cItems                          16 count
04:21:59.772911 /PDM/Queue/DevHlp/cbItem                          56 bytes
04:21:59.772914 /PDM/Queue/DevHlp/rcOkay                           0 
04:21:59.772917 /PDM/Queue/Keyboard/AllocFailures                  0 times
04:21:59.772920 /PDM/Queue/Keyboard/Flush                          0 calls
04:21:59.772923 /PDM/Queue/Keyboard/FlushLeftovers                 0 times
04:21:59.772926 /PDM/Queue/Keyboard/Insert                       525 calls
04:21:59.772928 /PDM/Queue/Keyboard/cItems                        64 count
04:21:59.772931 /PDM/Queue/Keyboard/cbItem                        16 bytes
04:21:59.772934 /PDM/Queue/Keyboard/rcOkay                         0 
04:21:59.772937 /PDM/Queue/Mouse/AllocFailures                     0 times
04:21:59.772939 /PDM/Queue/Mouse/Flush                             0 calls
04:21:59.772942 /PDM/Queue/Mouse/FlushLeftovers                    0 times
04:21:59.772944 /PDM/Queue/Mouse/Insert                            0 calls
04:21:59.772947 /PDM/Queue/Mouse/cItems                          128 count
04:21:59.772951 /PDM/Queue/Mouse/cbItem                           32 bytes
04:21:59.772955 /PDM/Queue/Mouse/rcOkay                            0 
04:21:59.772958 /PDM/Queue/Mouse_1/AllocFailures                   0 times
04:21:59.772960 /PDM/Queue/Mouse_1/Flush                           0 calls
04:21:59.772963 /PDM/Queue/Mouse_1/FlushLeftovers                  0 times
04:21:59.772966 /PDM/Queue/Mouse_1/Insert                        663 calls
04:21:59.772969 /PDM/Queue/Mouse_1/cItems                        128 count
04:21:59.772972 /PDM/Queue/Mouse_1/cbItem                         32 bytes
04:21:59.772974 /PDM/Queue/Mouse_1/rcOkay                          0 
04:21:59.772977 /PDM/Tasks/000-E1000-Xmit-retriggered              0 times
04:21:59.772980 /PDM/Tasks/000-E1000-Xmit-runs                   120 times
04:21:59.772983 /PDM/Tasks/001-E1000-Xmit-retriggered              0 times
04:21:59.772985 /PDM/Tasks/001-E1000-Xmit-runs                     0 times
04:21:59.772988 /PGM/CPU0/R3/Page/MapTlbMisses                  3240 times
04:21:59.772991 /PGM/CPU0/R3/RamRange/TlbLocking                   0 times
04:21:59.772994 /PGM/CPU0/R3/RamRange/TlbMisses                    8 times
04:21:59.772997 /PGM/CPU0/RZ/Page/MapTlbMisses                     0 times
04:21:59.772999 /PGM/CPU0/RZ/RamRange/TlbLocking                   0 times
04:21:59.773002 /PGM/CPU0/RZ/RamRange/TlbMisses                   25 times
04:21:59.773005 /PGM/CPU0/cA20Changes                              2 times
04:21:59.773007 /PGM/CPU0/cGuestModeChanges                  5269098 times
04:21:59.773010 /PGM/CPU1/R3/Page/MapTlbMisses                    14 times
04:21:59.773013 /PGM/CPU1/R3/RamRange/TlbLocking                   0 times
04:21:59.773016 /PGM/CPU1/R3/RamRange/TlbMisses                    5 times
04:21:59.773019 /PGM/CPU1/RZ/Page/MapTlbMisses                     0 times
04:21:59.773022 /PGM/CPU1/RZ/RamRange/TlbLocking                   0 times
04:21:59.773024 /PGM/CPU1/RZ/RamRange/TlbMisses                    7 times
04:21:59.773027 /PGM/CPU1/cA20Changes                              0 times
04:21:59.773029 /PGM/CPU1/cGuestModeChanges                        3 times
04:21:59.773032 /PGM/ChunkR3Map/Mapped                           229 count
04:21:59.773035 /PGM/ChunkR3Map/Unmapped                           0 count
04:21:59.773038 /PGM/ChunkR3Map/c                                229 count
04:21:59.773040 /PGM/ChunkR3Map/cMax                       4294967295 count
04:21:59.773043 /PGM/LargePage/Alloc                           23873 ns/call (    13607690 ns,     570 calls, max    468624, min       1)
04:21:59.773048 /PGM/LargePage/AllocFailed                       570 times
04:21:59.773052 /PGM/LargePage/Overflow                            0 times
04:21:59.773056 /PGM/LargePage/Recheck                             0 times
04:21:59.773060 /PGM/LargePage/Refused                             2 times
04:21:59.773064 /PGM/LargePage/Reused                              0 times
04:21:59.773068 /PGM/LargePage/TlbFlush                            0 times
04:21:59.773073 /PGM/LargePage/ZeroEvict                           0 times
04:21:59.773078 /PGM/Mmio2QueryAndResetDirtyBitmap                 0 ticks/call (           0 ticks,       0 calls, max         0, min      -1)
04:21:59.773083 /PGM/Page/cAllPages                           644433 count
04:21:59.773088 /PGM/Page/cBalloonedPages                          0 count
04:21:59.773092 /PGM/Page/cHandyPages                             64 count
04:21:59.773096 /PGM/Page/cLargePages                              0 count
04:21:59.773101 /PGM/Page/cLargePagesDisabled                      0 count
04:21:59.773105 /PGM/Page/cMonitoredPages                          0 count
04:21:59.773109 /PGM/Page/cPrivatePages                       152299 count
04:21:59.773112 /PGM/Page/cPureMmioPages                         102 count
04:21:59.773114 /PGM/Page/cReadLockedPages                         0 count
04:21:59.773117 /PGM/Page/cReusedSharedPages                       0 count
04:21:59.773173 /PGM/Page/cSharedPages                             0 count
04:21:59.773177 /PGM/Page/cWriteLockedPages                     1801 count
04:21:59.773180 /PGM/Page/cWrittenToPages                          0 count
04:21:59.773182 /PGM/Page/cZeroPages                          492032 count
04:21:59.773185 /PGM/PhysHandlerTree/ErrorsAllocatorR3             0 times
04:21:59.773188 /PGM/PhysHandlerTree/ErrorsTree                    0 times
04:21:59.773191 /PGM/PhysHandlerTree/Inserts                      21 times
04:21:59.773194 /PGM/PhysHandlerTree/MaxHandlers                6144 times
04:21:59.773196 /PGM/PhysHandlerTree/RebalancingOperations         9 times
04:21:59.773199 /PGM/PhysHandlerTree/Removals                      7 times
04:21:59.773202 /PGM/Pool/Grow                              17829756 ticks/call (    17829756 ticks,       1 calls, max  17829756, min 17829756)
04:21:59.773205 /PGM/ShMod/Check                                   0 ticks/call (           0 ticks,       0 calls, max         0, min      -1)
04:21:59.773209 /PROF/CPU0/EM/Capped                               0 ticks/call (           0 ticks,       0 calls, max         0, min      -1)
04:21:59.773212 /PROF/CPU0/EM/ForcedActions                   203638 times
04:21:59.773215 /PROF/CPU0/EM/HMExec                         1498299 ticks/call (22958490609008 ticks, 15323030 calls, max 8216963130615, min     618)
04:21:59.773218 /PROF/CPU0/EM/HMExecuteCalled                  52802 times
04:21:59.773221 /PROF/CPU0/EM/Halted                           21568 times
04:21:59.773224 /PROF/CPU0/EM/NEMExec                              0 ticks/call (           0 ticks,       0 calls, max         0, min      -1)
04:21:59.773227 /PROF/CPU0/EM/NEMExecuteCalled                     0 times
04:21:59.773230 /PROF/CPU0/EM/REMTotal                             0 times
04:21:59.773233 /PROF/CPU0/EM/RecordedExits                 14402087 times
04:21:59.773236 /PROF/CPU0/EM/Total                        7738039210622 ticks/call (23214117631866 ticks,       3 calls, max 16773915922533, min 4590209897)
04:21:59.773240 /PROF/CPU0/VM/Halt/Block                    11925392 ns/call ( 93590481792 ns,    7848 calls, max 295403157, min       1)
04:21:59.773244 /PROF/CPU0/VM/Halt/BlockInsomnia            11925392 ns/call ( 93590481792 ns,    7848 calls, max 295403157, min       1)
04:21:59.773247 /PROF/CPU0/VM/Halt/BlockOnTime                     0 ns/call (           0 ns,       0 calls, max         0, min      -1)
04:21:59.773250 /PROF/CPU0/VM/Halt/BlockOverslept                  0 ns/call (           0 ns,       0 calls, max         0, min      -1)
04:21:59.773256 /PROF/CPU0/VM/Halt/R0HaltBlock              36614687 ns/call (9389140922252 ns,  256431 calls, max 3396561205312, min       2)
04:21:59.773260 /PROF/CPU0/VM/Halt/R0HaltBlockInsomnia      20754016 ns/call (5321163890413 ns,  256392 calls, max 499887777, min       2)
04:21:59.773263 /PROF/CPU0/VM/Halt/R0HaltBlockOnTime       499983271 ns/call (  3999866171 ns,       8 calls, max 500013186, min 499940687)
04:21:59.773267 /PROF/CPU0/VM/Halt/R0HaltBlockOverslept    130596050699 ns/call (4048477571695 ns,      31 calls, max 3396061215743, min   68478)
04:21:59.773270 /PROF/CPU0/VM/Halt/R0HaltExec                 266470 times
04:21:59.773273 /PROF/CPU0/VM/Halt/R0HaltExec/FromBlock       255036 times
04:21:59.773276 /PROF/CPU0/VM/Halt/R0HaltExec/FromSpin          8754 times
04:21:59.773279 /PROF/CPU0/VM/Halt/R0HaltHistoryCounter       288011 times
04:21:59.773282 /PROF/CPU0/VM/Halt/R0HaltHistorySucceeded         11 times
04:21:59.773284 /PROF/CPU0/VM/Halt/R0HaltHistoryToRing3            3 times
04:21:59.773287 /PROF/CPU0/VM/Halt/R0HaltToR3                  21541 times
04:21:59.773289 /PROF/CPU0/VM/Halt/R0HaltToR3/FromSpin          3174 times
04:21:59.773292 /PROF/CPU0/VM/Halt/R0HaltToR3/Other                6 times
04:21:59.773295 /PROF/CPU0/VM/Halt/R0HaltToR3/PendingFF        16966 times
04:21:59.773297 /PROF/CPU0/VM/Halt/R0HaltToR3/PostWaitNoInt       109 times
04:21:59.773302 /PROF/CPU0/VM/Halt/R0HaltToR3/PostWaitPendingFF      1286 times
04:21:59.773304 /PROF/CPU0/VM/Halt/R0HaltToR3/SmallDelta           0 times
04:21:59.773307 /PROF/CPU0/VM/Halt/Timers                        421 ns/call (     6660005 ns,   15799 calls, max    516081, min       1)
04:21:59.773310 /PROF/CPU0/VM/Halt/Yield                           0 ns/call (           0 ns,       0 calls, max         0, min      -1)
04:21:59.773314 /PROF/CPU1/EM/Capped                               0 ticks/call (           0 ticks,       0 calls, max         0, min      -1)
04:21:59.773317 /PROF/CPU1/EM/ForcedActions                   136665 times
04:21:59.773320 /PROF/CPU1/EM/HMExec                           73781 ticks/call (1118675419599 ticks, 15161956 calls, max 430464892376, min     640)
04:21:59.773323 /PROF/CPU1/EM/HMExecuteCalled                  81225 times
04:21:59.773326 /PROF/CPU1/EM/Halted                           61764 times
04:21:59.773329 /PROF/CPU1/EM/NEMExec                              0 ticks/call (           0 ticks,       0 calls, max         0, min      -1)
04:21:59.773332 /PROF/CPU1/EM/NEMExecuteCalled                     0 times
04:21:59.773335 /PROF/CPU1/EM/REMTotal                             0 times
04:21:59.773338 /PROF/CPU1/EM/RecordedExits                   688891 times
04:21:59.773340 /PROF/CPU1/EM/Total                        7738039234298 ticks/call (23214117702895 ticks,       3 calls, max 16773915976680, min 4590165250)
04:21:59.773344 /PROF/CPU1/VM/Halt/Block                    37463509 ns/call (9109739433585 ns,  243163 calls, max 3396556749779, min       1)
04:21:59.773348 /PROF/CPU1/VM/Halt/BlockInsomnia            12816781 ns/call (516439379576 ns,   40294 calls, max 589088640, min       1)
04:21:59.773351 /PROF/CPU1/VM/Halt/BlockOnTime              27113170 ns/call (391270163460 ns,   14431 calls, max 638916453, min    3712)
04:21:59.773354 /PROF/CPU1/VM/Halt/BlockOverslept           21238738 ns/call (4002185312278 ns,  188438 calls, max 3396509131076, min   50001)
04:21:59.773357 /PROF/CPU1/VM/Halt/R0HaltBlock               9751731 ns/call (424249085765 ns,   43505 calls, max 177936818730, min       2)
04:21:59.773360 /PROF/CPU1/VM/Halt/R0HaltBlockInsomnia       5850544 ns/call ( 73301472299 ns,   12529 calls, max 690889333, min       2)
04:21:59.773364 /PROF/CPU1/VM/Halt/R0HaltBlockOnTime         5543625 ns/call ( 29037510594 ns,    5238 calls, max 481866708, min     778)
04:21:59.773367 /PROF/CPU1/VM/Halt/R0HaltBlockOverslept      7401266 ns/call (190493785115 ns,   25738 calls, max 177868632252, min   50036)
04:21:59.773370 /PROF/CPU1/VM/Halt/R0HaltExec                   8111 times
04:21:59.773373 /PROF/CPU1/VM/Halt/R0HaltExec/FromBlock         7713 times
04:21:59.773375 /PROF/CPU1/VM/Halt/R0HaltExec/FromSpin           170 times
04:21:59.773378 /PROF/CPU1/VM/Halt/R0HaltHistoryCounter        65776 times
04:21:59.773381 /PROF/CPU1/VM/Halt/R0HaltHistorySucceeded         64 times
04:21:59.773383 /PROF/CPU1/VM/Halt/R0HaltHistoryToRing3          179 times
04:21:59.773386 /PROF/CPU1/VM/Halt/R0HaltToR3                  57665 times
04:21:59.773388 /PROF/CPU1/VM/Halt/R0HaltToR3/FromSpin             0 times
04:21:59.773391 /PROF/CPU1/VM/Halt/R0HaltToR3/Other                6 times
04:21:59.773394 /PROF/CPU1/VM/Halt/R0HaltToR3/PendingFF         8038 times
04:21:59.773396 /PROF/CPU1/VM/Halt/R0HaltToR3/PostWaitNoInt     33143 times
04:21:59.773399 /PROF/CPU1/VM/Halt/R0HaltToR3/PostWaitPendingFF      2649 times
04:21:59.773401 /PROF/CPU1/VM/Halt/R0HaltToR3/SmallDelta       13829 times
04:21:59.773404 /PROF/CPU1/VM/Halt/Timers                      14667 ns/call ( 12781977690 ns,  871476 calls, max  27959397, min       2)
04:21:59.773407 /PROF/CPU1/VM/Halt/Yield                        4360 ns/call (    18308732 ns,    4199 calls, max    220126, min       1)
04:21:59.773411 /Public/NetAdapter/0/BytesReceived                 0 bytes
04:21:59.773413 /Public/NetAdapter/0/BytesTransmitted          34396 bytes
04:21:59.773416 /Public/NetAdapter/0/e1000                         0 
04:21:59.773420 /Public/NetAdapter/1/BytesReceived                 0 bytes
04:21:59.773423 /Public/NetAdapter/1/BytesTransmitted              0 bytes
04:21:59.773426 /Public/NetAdapter/1/e1000                         1 
04:21:59.773429 /Public/Storage/AHCI0/Port0/BytesRead      317109760 bytes
04:21:59.773431 /Public/Storage/AHCI0/Port0/BytesWritten    25498624 bytes
04:21:59.773434 /Public/Storage/AHCI0/Port0/QueryBufAttempts         0 count
04:21:59.773436 /Public/Storage/AHCI0/Port0/QueryBufSuccess         0 count
04:21:59.773439 /Public/Storage/AHCI0/Port0/ReqsFlush            485 count
04:21:59.773442 /Public/Storage/AHCI0/Port0/ReqsRead           11766 count
04:21:59.773445 /Public/Storage/AHCI0/Port0/ReqsSubmitted      14702 count
04:21:59.773447 /Public/Storage/AHCI0/Port0/ReqsSucceeded      14702 count
04:21:59.773450 /Public/Storage/AHCI0/Port0/ReqsWrite           2451 count
04:21:59.773453 /Public/Storage/PIIX3IDE0/Port0/QueryBufAttempts         0 count
04:21:59.773456 /Public/Storage/PIIX3IDE0/Port0/QueryBufSuccess         0 count
04:21:59.773459 /SELM/LoadHidSel/GstReadErrors                     0 times
04:21:59.773462 /SELM/LoadHidSel/NoGoodGuest                       0 times
04:21:59.773465 /TM/CPU/00/cNsExecuting                    44606174105 ns
04:21:59.773467 /TM/CPU/00/cNsHalted                       93610667118 ns
04:21:59.773470 /TM/CPU/00/cNsOther                        9457564359860 ns
04:21:59.773473 /TM/CPU/00/cNsTotal                        9595781201083 ns
04:21:59.773476 /TM/CPU/00/cPeriodsExecuting                14402085 count
04:21:59.773479 /TM/CPU/00/cPeriodsHalted                       7951 count
04:21:59.773481 /TM/CPU/00/pctExecuting                            1 %
04:21:59.773484 /TM/CPU/00/pctHalted                               6 %
04:21:59.773487 /TM/CPU/00/pctOther                               92 %
04:21:59.773490 /TM/CPU/01/cNsExecuting                    13278333635 ns
04:21:59.773493 /TM/CPU/01/cNsHalted                       9123317756312 ns
04:21:59.773496 /TM/CPU/01/cNsOther                        459185140043 ns
04:21:59.773498 /TM/CPU/01/cNsTotal                        9595781229990 ns
04:21:59.773502 /TM/CPU/01/cPeriodsExecuting                  688891 count
04:21:59.773504 /TM/CPU/01/cPeriodsHalted                      57312 count
04:21:59.773507 /TM/CPU/01/pctExecuting                            0 %
04:21:59.773510 /TM/CPU/01/pctHalted                              80 %
04:21:59.773513 /TM/CPU/01/pctOther                               19 %
04:21:59.773515 /TM/CPU/pctExecuting                               0 %
04:21:59.773518 /TM/CPU/pctHalted                                 43 %
04:21:59.773521 /TM/CPU/pctOther                                  55 %
04:21:59.773524 /TM/MaxHzHint                                      0 Hz
04:21:59.773527 /TM/MaxHzHint/real                                 0 Hz
04:21:59.773529 /TM/MaxHzHint/tsc                                  0 Hz
04:21:59.773532 /TM/MaxHzHint/virtual                              0 Hz
04:21:59.773535 /TM/MaxHzHint/virtual_sync                         0 Hz
04:21:59.773538 /TM/PIT/Handler                                    0 ticks/call (           0 ticks,       0 calls, max         0, min      -1)
04:21:59.773541 /TM/PIT/Irq                                        0 times
04:21:59.773544 /TM/R3/1nsSteps                                82974 times
04:21:59.773547 /TM/TSC/offCPU0                            446822990405864 ticks
04:21:59.773550 /TM/TSC/offCPU1                            446822990405864 ticks
04:21:59.773553 /TM/VirtualSync/CurrentOffset              7178112928094 ns
04:21:59.773556 /TM/VirtualSync/GivenUp                    7176672046813 ns
04:21:59.773559 /TRPM/ForwardRaw/IRQ/20                          246 times
04:21:59.773562 /TRPM/ForwardRaw/IRQ/21                           17 times
04:21:59.773565 /TRPM/ForwardRaw/IRQ/22                          245 times
04:21:59.773567 /TRPM/ForwardRaw/IRQ/23                          606 times
04:21:59.773570 /TRPM/ForwardRaw/IRQ/24                         3710 times
04:21:59.773574 /TRPM/ForwardRaw/IRQ/30                           41 times
04:21:59.773582 /TRPM/ForwardRaw/IRQ/EC                       105102 times
04:21:59.773585 /TRPM/ForwardRaw/IRQ/F6                           20 times
04:21:59.773588 /TRPM/ForwardRaw/IRQ/FB                        23209 times
04:21:59.773591 /TRPM/ForwardRaw/IRQ/FD                          536 times
04:21:59.773594 /TRPM/ForwardRaw/TRAP/08                           3 times
04:21:59.773597 /VMM/EmtHashCollisions/Emt00                       0 times
04:21:59.773600 /VMM/EmtHashCollisions/Emt01                       0 times
04:21:59.773602 /VMM/LogFlush/00-Flushes                           0 times
04:21:59.773605 /VMM/LogFlush/00-NoWakups                          0 times
04:21:59.773637 /VMM/LogFlush/CPU0/Rel/cbBuf                    4096 bytes
04:21:59.773644 /VMM/LogFlush/CPU1/Rel/cbBuf                    4096 bytes
04:21:59.773648 /VUSB/0/cUrbsInPool                                0 count
04:21:59.773653 /VUSB/1/cUrbsInPool                                0 count
04:21:59.773658 ********************* End of statistics **********************
04:21:59.774542 VUSB: Detached 'HidMouse' from port 1 on RootHub#1
04:21:59.776286 E1000#0: Interrupt attempts: 2379
04:21:59.776322 E1000#0: Interrupts raised : 2257
04:21:59.776326 E1000#0: Interrupts lowered: 1
04:21:59.776331 E1000#0: ICR outside ISR   : 0
04:21:59.776334 E1000#0: IMS raised ints   : 2
04:21:59.776338 E1000#0: Interrupts skipped: 121
04:21:59.776342 E1000#0: Masked interrupts : 1
04:21:59.776345 E1000#0: Early interrupts  : 0
04:21:59.776349 E1000#0: Late interrupts   : 2
04:21:59.776353 E1000#0: Lost interrupts   : 0
04:21:59.776355 E1000#0: Interrupts by RX  : 0
04:21:59.776358 E1000#0: Interrupts by TX  : 119
04:21:59.776361 E1000#0: Interrupts by ICS : 2138
04:21:59.776365 E1000#0: Interrupts by RDTR: 0
04:21:59.776368 E1000#0: Interrupts by RDMT: 0
04:21:59.776371 E1000#0: Interrupts by TXQE: 0
04:21:59.776375 E1000#0: TX int delay asked: 0
04:21:59.776378 E1000#0: TX delayed:         0
04:21:59.776381 E1000#0: TX delay expired:   0
04:21:59.776385 E1000#0: TX no report asked: 0
04:21:59.776405 E1000#0: TX abs timer expd : 0
04:21:59.776790 E1000#0: TX int timer expd : 0
04:21:59.776803 E1000#0: RX abs timer expd : 0
04:21:59.776806 E1000#0: RX int timer expd : 0
04:21:59.776808 E1000#0: TX CTX descriptors: 0
04:21:59.776811 E1000#0: TX DAT descriptors: 0
04:21:59.776813 E1000#0: TX LEG descriptors: 119
04:21:59.776816 E1000#0: Received frames   : 0
04:21:59.776818 E1000#0: Transmitted frames: 119
04:21:59.776820 E1000#0: TX frames up to 1514: 119
04:21:59.776823 E1000#0: TX frames up to 2962: 0
04:21:59.776825 E1000#0: TX frames up to 4410: 0
04:21:59.776828 E1000#0: TX frames up to 5858: 0
04:21:59.776830 E1000#0: TX frames up to 7306: 0
04:21:59.776832 E1000#0: TX frames up to 8754: 0
04:21:59.776835 E1000#0: TX frames up to 16384: 0
04:21:59.776837 E1000#0: TX frames up to 32768: 0
04:21:59.776840 E1000#0: Larger TX frames    : 0
04:21:59.776842 E1000#0: Max TX Delay        : 0
04:21:59.776878 E1000#1: Interrupt attempts: 0
04:21:59.776881 E1000#1: Interrupts raised : 0
04:21:59.776883 E1000#1: Interrupts lowered: 0
04:21:59.776886 E1000#1: ICR outside ISR   : 0
04:21:59.776888 E1000#1: IMS raised ints   : 0
04:21:59.776890 E1000#1: Interrupts skipped: 0
04:21:59.776893 E1000#1: Masked interrupts : 0
04:21:59.776895 E1000#1: Early interrupts  : 0
04:21:59.776897 E1000#1: Late interrupts   : 0
04:21:59.776901 E1000#1: Lost interrupts   : 0
04:21:59.776904 E1000#1: Interrupts by RX  : 0
04:21:59.776908 E1000#1: Interrupts by TX  : 0
04:21:59.776911 E1000#1: Interrupts by ICS : 0
04:21:59.776914 E1000#1: Interrupts by RDTR: 0
04:21:59.776918 E1000#1: Interrupts by RDMT: 0
04:21:59.776921 E1000#1: Interrupts by TXQE: 0
04:21:59.776924 E1000#1: TX int delay asked: 0
04:21:59.776928 E1000#1: TX delayed:         0
04:21:59.776931 E1000#1: TX delay expired:   0
04:21:59.776939 E1000#1: TX no report asked: 0
04:21:59.776942 E1000#1: TX abs timer expd : 0
04:21:59.776945 E1000#1: TX int timer expd : 0
04:21:59.776948 E1000#1: RX abs timer expd : 0
04:21:59.776952 E1000#1: RX int timer expd : 0
04:21:59.776955 E1000#1: TX CTX descriptors: 0
04:21:59.776958 E1000#1: TX DAT descriptors: 0
04:21:59.776962 E1000#1: TX LEG descriptors: 0
04:21:59.776965 E1000#1: Received frames   : 0
04:21:59.776968 E1000#1: Transmitted frames: 0
04:21:59.776972 E1000#1: TX frames up to 1514: 0
04:21:59.776975 E1000#1: TX frames up to 2962: 0
04:21:59.776979 E1000#1: TX frames up to 4410: 0
04:21:59.776982 E1000#1: TX frames up to 5858: 0
04:21:59.776985 E1000#1: TX frames up to 7306: 0
04:21:59.776989 E1000#1: TX frames up to 8754: 0
04:21:59.776992 E1000#1: TX frames up to 16384: 0
04:21:59.776996 E1000#1: TX frames up to 32768: 0
04:21:59.776999 E1000#1: Larger TX frames    : 0
04:21:59.777002 E1000#1: Max TX Delay        : 0
04:21:59.777927 GIM: KVM: Resetting MSRs
04:21:59.780591 vmmR3LogFlusher: Terminating (VERR_OBJECT_DESTROYED)
04:21:59.780992 Changing the VM state from 'DESTROYING' to 'TERMINATED'
04:21:59.781013 Console: Machine state changed to 'PoweredOff'
04:21:59.900954 GUI: Request for async QApp quit.
04:21:59.906748 GUI: Cannot notify guest about VM window out-of-focus event
04:21:59.939062 GUI: UICommon: Handling aboutToQuit request..
04:22:00.816632 GUI: UICommon: aboutToQuit request handled!
